2,1,0,0,1,0.00666667,300.0
13,1,0,0,1,0.04333333,25.0
5,1,0,0,1,0.01666667,75.0
30,1,0,0,1,0.1,10.34482759
3,1,0,0,1,0.01,150.0
8,1,0,0,1,0.02666667,42.85714286
3,1,0,0,1,0.01,150.0
9,1,0,0,1,0.03,37.5
8,1,0,0,1,0.02666667,42.85714286
1,1,0,0,1,0.0,10.0
5,1,0,0,1,0.01666667,75.0
14,1,0,0,1,0.04666667,23.07692308
33,1,0,0,1,0.11,9.375
9,1,0,0,1,0.03,37.5
181,1,0,0,1,0.60333333,1.66666667
2,1,0,0,1,0.00666667,300.0
122,1,0,0,1,0.40666667,2.47933884
22,1,0,0,1,0.07333333,14.28571429
1,1,0,0,1,0.0,10.0
4,1,0,0,1,0.01333333,100.0
11,1,0,0,1,0.03666667,30.0
44,1,0,0,1,0.14666667,6.97674419
10,1,0,0,1,0.03333333,33.33333333
26,1,0,0,1,0.08666667,12.0
120,1,0,0,1,0.4,2.5210084
73,1,0,0,1,0.24333333,4.16666667
148,1,0,0,1,0.49333333,2.04081633
2,1,0,0,1,0.00666667,300.0
4,1,0,0,1,0.01333333,100.0
1,1,0,0,1,0.0,10.0
1,1,0,0,1,0.0,10.0
3,1,0,0,1,0.01,150.0
9,1,0,0,1,0.03,37.5
1,1,0,0,1,0.0,10.0
10,1,0,0,1,0.03333333,33.33333333
10,1,0,0,1,0.03333333,33.33333333
2,1,0,0,1,0.00666667,300.0
9,1,0,0,1,0.03,37.5
10,1,0,0,1,0.03333333,33.33333333
3,1,0,0,1,0.01,150.0
11,1,0,0,1,0.03666667,30.0
3,1,0,0,1,0.01,150.0
109,1,0,0,1,0.36333333,2.77777778
1,1,0,0,1,0.0,10.0
1,1,0,0,1,0.0,10.0
4,1,0,0,1,0.01333333,100.0
2,1,0,0,1,0.00666667,300.0
32,1,0,0,1,0.10666667,9.67741935
1,1,0,0,1,0.0,10.0
1,1,0,0,1,0.0,10.0
3,1,0,0,1,0.01,150.0
1,1,0,0,1,0.0,10.0
15,1,0,0,1,0.05,21.42857143
2,1,0,0,1,0.00666667,300.0
21,1,0,0,1,0.07,15.0
1,1,0,0,1,0.0,10.0
3,1,0,0,1,0.01,150.0
2,1,0,0,1,0.00666667,300.0
1,1,0,0,1,0.0,10.0
1,1,0,0,1,0.0,10.0
4,1,0,0,1,0.01333333,100.0
4,1,0,0,1,0.01333333,100.0
6,1,0,0,1,0.02,60.0
7,1,0,0,1,0.02333333,50.0
9,1,0,0,1,0.03,37.5
1,1,0,0,1,0.0,10.0
96,1,0,0,1,0.32,3.15789474
79,1,0,0,1,0.26333333,3.84615385
2,1,0,0,1,0.00666667,300.0
1,1,0,0,1,0.0,10.0
3,1,0,0,1,0.01,150.0
3,1,0,0,1,0.01,150.0
9,1,0,0,1,0.03,37.5
8,1,0,0,1,0.02666667,42.85714286
2,1,0,0,1,0.00666667,300.0
2,1,0,0,1,0.00666667,300.0
3,1,0,0,1,0.01,150.0
2,1,0,0,1,0.00666667,300.0
278,1,0,0,1,0.92666667,1.08303249
4,1,0,0,1,0.01333333,100.0
2,1,0,0,1,0.00666667,300.0
222,1,0,0,1,0.74,1.35746606
2,1,0,0,1,0.00666667,300.0
1,1,0,0,1,0.0,10.0
1,1,0,0,1,0.0,10.0
3,1,0,0,1,0.01,150.0
11,1,0,0,1,0.03666667,30.0
2,1,0,0,1,0.00666667,300.0
1,1,0,0,1,0.0,10.0
1,1,0,0,1,0.0,10.0
1,1,0,0,1,0.0,10.0
1,1,0,0,1,0.0,10.0
1,1,0,0,1,0.0,10.0
1,1,0,0,1,0.0,10.0
12,1,0,0,1,0.04,27.27272727
10,1,0,0,1,0.03333333,33.33333333
19,1,0,0,1,0.06333333,16.66666667
4,1,0,0,1,0.01333333,100.0
1,1,0,0,1,0.0,10.0
5,1,0,0,1,0.01666667,75.0
4,1,0,0,1,0.01333333,100.0
6,1,0,0,1,0.02,60.0
17,1,0,0,1,0.05666667,18.75
1,1,0,0,1,0.0,10.0
1,1,0,0,1,0.0,10.0
2,1,0,0,1,0.00666667,300.0
1,1,0,0,1,0.0,10.0
4,1,0,0,1,0.01333333,100.0
3,1,0,0,1,0.01,150.0
8,1,0,0,1,0.02666667,42.85714286
1,1,0,0,1,0.0,10.0
1,1,0,0,1,0.0,10.0
10,1,0,0,1,0.03333333,33.33333333
7,1,0,0,1,0.02333333,50.0
32,1,0,0,1,0.10666667,9.67741935
8,1,0,0,1,0.02666667,42.85714286
2,1,0,0,1,0.00666667,300.0
1,1,0,0,1,0.0,10.0
6,1,0,0,1,0.02,60.0
9,1,0,0,1,0.03,37.5
171,1,0,0,1,0.57,1.76470588
1,1,0,0,1,0.0,10.0
2,1,0,0,1,0.00666667,300.0
2,1,0,0,1,0.00666667,300.0
5,1,0,0,1,0.01666667,75.0
28,1,0,0,1,0.09333333,11.11111111
1,1,0,0,1,0.0,10.0
16,1,0,0,1,0.05333333,20.0
1,1,0,0,1,0.0,10.0
39,1,0,0,1,0.13,7.89473684
6,1,0,0,1,0.02,60.0
1,1,0,0,1,0.0,10.0
12,1,0,0,1,0.04,27.27272727
1,1,0,0,1,0.0,10.0
17,1,0,0,1,0.05666667,18.75
6,1,0,0,1,0.02,60.0
1,1,0,0,1,0.0,10.0
3,1,0,0,1,0.01,150.0
1,1,0,0,1,0.0,10.0
145,1,0,0,1,0.48333333,2.08333333
1,1,0,0,1,0.0,10.0
8,1,0,0,1,0.02666667,42.85714286
12,1,0,0,1,0.04,27.27272727
26,1,0,0,1,0.08666667,12.0
2,1,0,0,1,0.00666667,300.0
30,1,0,0,1,0.1,10.34482759
4,1,0,0,1,0.01333333,100.0
15,1,0,0,1,0.05,21.42857143
1,1,0,0,1,0.0,10.0
18,1,0,0,1,0.06,17.64705882
2,1,0,0,1,0.00666667,300.0
7,1,0,0,1,0.02333333,50.0
7,1,0,0,1,0.02333333,50.0
3,1,0,0,1,0.01,150.0
1,1,0,0,1,0.0,10.0
7,1,0,0,1,0.02333333,50.0
2,1,0,0,1,0.00666667,300.0
4,1,0,0,1,0.01333333,100.0
1,1,0,0,1,0.0,10.0
28,1,0,0,1,0.09333333,11.11111111
15,1,0,0,1,0.05,21.42857143
3,1,0,0,1,0.01,150.0
1,1,0,0,1,0.0,10.0
2,1,0,0,1,0.00666667,300.0
9,1,0,0,1,0.03,37.5
22,1,0,0,1,0.07333333,14.28571429
1,1,0,0,1,0.0,10.0
8,1,0,0,1,0.02666667,42.85714286
195,1,0,0,1,0.65,1.54639175
4,1,0,0,1,0.01333333,100.0
14,1,0,0,1,0.04666667,23.07692308
1,1,0,0,1,0.0,10.0
10,1,0,0,1,0.03333333,33.33333333
10,1,0,0,1,0.03333333,33.33333333
1,1,0,0,1,0.0,10.0
5,1,0,0,1,0.01666667,75.0
20,1,0,0,1,0.06666667,15.78947368
1,1,0,0,1,0.0,10.0
1,1,0,0,1,0.0,10.0
7,1,0,0,1,0.02333333,50.0
8,1,0,0,1,0.02666667,42.85714286
4,1,0,0,1,0.01333333,100.0
2,1,0,0,1,0.00666667,300.0
1,1,0,0,1,0.0,10.0
18,1,0,0,1,0.06,17.64705882
1,1,0,0,1,0.0,10.0
6,1,0,0,1,0.02,60.0
3,1,0,0,1,0.01,150.0
3,1,0,0,1,0.01,150.0
7,1,0,0,1,0.02333333,50.0
1,1,0,0,1,0.0,10.0
5,1,0,0,1,0.01666667,75.0
1,1,0,0,1,0.0,10.0
1,1,0,0,1,0.0,10.0
2,1,0,0,1,0.00666667,300.0
122,1,0,0,1,0.40666667,2.47933884
1,1,0,0,1,0.0,10.0
1,1,0,0,1,0.0,10.0
139,1,0,0,1,0.46333333,2.17391304
7,1,0,0,1,0.02333333,50.0
1,1,0,0,1,0.0,10.0
8,1,0,0,1,0.02666667,42.85714286
3,1,0,0,1,0.01,150.0
1,1,0,0,1,0.0,10.0
13,1,0,0,1,0.04333333,25.0
1,1,0,0,1,0.0,10.0
77,1,0,0,1,0.25666667,3.94736842
2,1,0,0,1,0.00666667,300.0
11,1,0,0,1,0.03666667,30.0
9,1,0,0,1,0.03,37.5
28,1,0,0,1,0.09333333,11.11111111
12,1,0,0,1,0.04,27.27272727
7,1,0,0,1,0.02333333,50.0
1,1,0,0,1,0.0,10.0
14,1,0,0,1,0.04666667,23.07692308
2,1,0,0,1,0.00666667,300.0
2,1,0,0,1,0.00666667,300.0
1,1,0,0,1,0.0,10.0
1,1,0,0,1,0.0,10.0
10,1,0,0,1,0.03333333,33.33333333
71,1,0,0,1,0.23666667,4.28571429
12,1,0,0,1,0.04,27.27272727
6,1,0,0,1,0.02,60.0
6,1,0,0,1,0.02,60.0
5,1,0,0,1,0.01666667,75.0
7,1,0,0,1,0.02333333,50.0
1,1,0,0,1,0.0,10.0
1,1,0,0,1,0.0,10.0
9,1,0,0,1,0.03,37.5
9,1,0,0,1,0.03,37.5
215,1,0,0,1,0.71666667,1.40186916
1,1,0,0,1,0.0,10.0
4,1,0,0,1,0.01333333,100.0
12,1,0,0,1,0.04,27.27272727
1,1,0,0,1,0.0,10.0
3,1,0,0,1,0.01,150.0
1,1,0,0,1,0.0,10.0
4,1,0,0,1,0.01333333,100.0
80,1,0,0,1,0.26666667,3.79746835
1,1,0,0,1,0.0,10.0
4,1,0,0,1,0.01333333,100.0
1,1,0,0,1,0.0,10.0
1,1,0,0,1,0.0,10.0
1,1,0,0,1,0.0,10.0
5,1,0,0,1,0.01666667,75.0
8,1,0,0,1,0.02666667,42.85714286
3,1,0,0,1,0.01,150.0
21,1,0,0,1,0.07,15.0
1,1,0,0,1,0.0,10.0
1,1,0,0,1,0.0,10.0
1,1,0,0,1,0.0,10.0
12,1,0,0,1,0.04,27.27272727
5,1,0,0,1,0.01666667,75.0
1,1,0,0,1,0.0,10.0
1,1,0,0,1,0.0,10.0
9,1,0,0,1,0.03,37.5
12,1,0,0,1,0.04,27.27272727
5,1,0,0,1,0.01666667,75.0
3,1,0,0,1,0.01,150.0
4,1,0,0,1,0.01333333,100.0
3,1,0,0,1,0.01,150.0
167,1,0,0,1,0.55666667,1.80722892
1,1,0,0,1,0.0,10.0
1,1,0,0,1,0.0,10.0
3,1,0,0,1,0.01,150.0
13,1,0,0,1,0.04333333,25.0
10,1,0,0,1,0.03333333,33.33333333
2,1,0,0,1,0.00666667,300.0
14,1,0,0,1,0.04666667,23.07692308
43,1,0,0,1,0.14333333,7.14285714
5,1,0,0,1,0.01666667,75.0
3,1,0,0,1,0.01,150.0
224,1,0,0,1,0.74666667,1.34529148
4,1,0,0,1,0.01333333,100.0
5,1,0,0,1,0.01666667,75.0
2,1,0,0,1,0.00666667,300.0
2,1,0,0,1,0.00666667,300.0
2,1,0,0,1,0.00666667,300.0
100,1,0,0,1,0.33333333,3.03030303
1,1,0,0,1,0.0,10.0
11,1,0,0,1,0.03666667,30.0
2,1,0,0,1,0.00666667,300.0
8,1,0,0,1,0.02666667,42.85714286
263,1,0,0,1,0.87666667,1.14503817
16,1,0,0,1,0.05333333,20.0
1,1,0,0,1,0.0,10.0
151,1,0,0,1,0.50333333,2.0
3,1,0,0,1,0.01,150.0
1,1,0,0,1,0.0,10.0
7,1,0,0,1,0.02333333,50.0
24,1,0,0,1,0.08,13.04347826
9,1,0,0,1,0.03,37.5
1,1,0,0,1,0.0,10.0
1,1,0,0,1,0.0,10.0
210,1,0,0,1,0.7,1.4354067
16,1,0,0,1,0.05333333,20.0
43,1,0,0,1,0.14333333,7.14285714
23,1,0,0,1,0.07666667,13.63636364
127,1,0,0,1,0.42333333,2.38095238
13,1,0,0,1,0.04333333,25.0
2,1,0,0,1,0.00666667,300.0
13,1,0,0,1,0.04333333,25.0
11,1,0,0,1,0.03666667,30.0
2,1,0,0,1,0.00666667,300.0
4,1,0,0,1,0.01333333,100.0
1,1,0,0,1,0.0,10.0
255,1,0,0,1,0.85,1.18110236
2,1,0,0,1,0.00666667,300.0
16,1,0,0,1,0.05333333,20.0
11,1,0,0,1,0.03666667,30.0
7,1,0,0,1,0.02333333,50.0
1,1,0,0,1,0.0,10.0
1,1,0,0,1,0.0,10.0
9,1,0,0,1,0.03,37.5
12,1,0,0,1,0.04,27.27272727
1,1,0,0,1,0.0,10.0
1,1,0,0,1,0.0,10.0
17,1,0,0,1,0.05666667,18.75
66,1,0,0,1,0.22,4.61538462
1,1,0,0,1,0.0,10.0
3,1,0,0,1,0.01,150.0
16,1,0,0,1,0.05333333,20.0
3,1,0,0,1,0.01,150.0
4,1,0,0,1,0.01333333,100.0
7,1,0,0,1,0.02333333,50.0
5,1,0,0,1,0.01666667,75.0
17,1,0,0,1,0.05666667,18.75
19,1,0,0,1,0.06333333,16.66666667
1,1,0,0,1,0.0,10.0
4,1,0,0,1,0.01333333,100.0
1,1,0,0,1,0.0,10.0
106,1,0,0,1,0.35333333,2.85714286
68,1,0,0,1,0.22666667,4.47761194
20,1,0,0,1,0.06666667,15.78947368
6,1,0,0,1,0.02,60.0
1,1,0,0,1,0.0,10.0
11,1,0,0,1,0.03666667,30.0
1,1,0,0,1,0.0,10.0
3,1,0,0,1,0.01,150.0
4,1,0,0,1,0.01333333,100.0
254,1,0,0,1,0.84666667,1.18577075
4,1,0,0,1,0.01333333,100.0
1,1,0,0,1,0.0,10.0
19,1,0,0,1,0.06333333,16.66666667
1,1,0,0,1,0.0,10.0
1,1,0,0,1,0.0,10.0
1,1,0,0,1,0.0,10.0
104,1,0,0,1,0.34666667,2.91262136
6,1,0,0,1,0.02,60.0
1,1,0,0,1,0.0,10.0
1,1,0,0,1,0.0,10.0
256,1,0,0,1,0.85333333,1.17647059
2,1,0,0,1,0.00666667,300.0
1,1,0,0,1,0.0,10.0
14,1,0,0,1,0.04666667,23.07692308
2,1,0,0,1,0.00666667,300.0
1,1,0,0,1,0.0,10.0
1,1,0,0,1,0.0,10.0
5,1,0,0,1,0.01666667,75.0
6,1,0,0,1,0.02,60.0
230,1,0,0,1,0.76666667,1.31004367
1,1,0,0,1,0.0,10.0
2,1,0,0,1,0.00666667,300.0
1,1,0,0,1,0.0,10.0
54,1,0,0,1,0.18,5.66037736
1,1,0,0,1,0.0,10.0
2,1,0,0,1,0.00666667,300.0
4,1,0,0,1,0.01333333,100.0
1,1,0,0,1,0.0,10.0
66,1,0,0,1,0.22,4.61538462
148,1,0,0,1,0.49333333,2.04081633
1,1,0,0,1,0.0,10.0
1,1,0,0,1,0.0,10.0
71,1,0,0,1,0.23666667,4.28571429
2,1,0,0,1,0.00666667,300.0
4,1,0,0,1,0.01333333,100.0
1,1,0,0,1,0.0,10.0
11,1,0,0,1,0.03666667,30.0
10,1,0,0,1,0.03333333,33.33333333
1,1,0,0,1,0.0,10.0
21,1,0,0,1,0.07,15.0
1,1,0,0,1,0.0,10.0
16,1,0,0,1,0.05333333,20.0
23,1,0,0,1,0.07666667,13.63636364
9,1,0,0,1,0.03,37.5
1,1,0,0,1,0.0,10.0
4,1,0,0,1,0.01333333,100.0
1,1,0,0,1,0.0,10.0
1,1,0,0,1,0.0,10.0
5,1,0,0,1,0.01666667,75.0
1,1,0,0,1,0.0,10.0
1,1,0,0,1,0.0,10.0
13,1,0,0,1,0.04333333,25.0
1,1,0,0,1,0.0,10.0
2,1,0,0,1,0.00666667,300.0
9,1,0,0,1,0.03,37.5
1,1,0,0,1,0.0,10.0
216,1,0,0,1,0.72,1.39534884
4,1,0,0,1,0.01333333,100.0
26,1,0,0,1,0.08666667,12.0
2,1,0,0,1,0.00666667,300.0
1,1,0,0,1,0.0,10.0
13,1,0,0,1,0.04333333,25.0
1,1,0,0,1,0.0,10.0
21,1,0,0,1,0.07,15.0
1,1,0,0,1,0.0,10.0
1,1,0,0,1,0.0,10.0
2,1,0,0,1,0.00666667,300.0
9,1,0,0,1,0.03,37.5
8,1,0,0,1,0.02666667,42.85714286
21,1,0,0,1,0.07,15.0
1,1,0,0,1,0.0,10.0
2,1,0,0,1,0.00666667,300.0
191,1,0,0,1,0.63666667,1.57894737
10,1,0,0,1,0.03333333,33.33333333
6,1,0,0,1,0.02,60.0
35,1,0,0,1,0.11666667,8.82352941
1,1,0,0,1,0.0,10.0
2,1,0,0,1,0.00666667,300.0
12,1,0,0,1,0.04,27.27272727
2,1,0,0,1,0.00666667,300.0
2,1,0,0,1,0.00666667,300.0
23,1,0,0,1,0.07666667,13.63636364
7,1,0,0,1,0.02333333,50.0
2,1,0,0,1,0.00666667,300.0
1,1,0,0,1,0.0,10.0
74,1,0,0,1,0.24666667,4.10958904
2,1,0,0,1,0.00666667,300.0
2,1,0,0,1,0.00666667,300.0
1,1,0,0,1,0.0,10.0
8,1,0,0,1,0.02666667,42.85714286
23,1,0,0,1,0.07666667,13.63636364
1,1,0,0,1,0.0,10.0
10,1,0,0,1,0.03333333,33.33333333
1,1,0,0,1,0.0,10.0
4,1,0,0,1,0.01333333,100.0
1,1,0,0,1,0.0,10.0
1,1,0,0,1,0.0,10.0
19,1,0,0,1,0.06333333,16.66666667
10,1,0,0,1,0.03333333,33.33333333
1,1,0,0,1,0.0,10.0
10,1,0,0,1,0.03333333,33.33333333
1,1,0,0,1,0.0,10.0
2,1,0,0,1,0.00666667,300.0
31,1,0,0,1,0.10333333,10.0
16,1,0,0,1,0.05333333,20.0
1,1,0,0,1,0.0,10.0
4,1,0,0,1,0.01333333,100.0
1,1,0,0,1,0.0,10.0
1,1,0,0,1,0.0,10.0
1,1,0,0,1,0.0,10.0
1,1,0,0,1,0.0,10.0
8,1,0,0,1,0.02666667,42.85714286
1,1,0,0,1,0.0,10.0
1,1,0,0,1,0.0,10.0
3,1,0,0,1,0.01,150.0
20,1,0,0,1,0.06666667,15.78947368
34,1,0,0,1,0.11333333,9.09090909
5,1,0,0,1,0.01666667,75.0
6,1,0,0,1,0.02,60.0
13,1,0,0,1,0.04333333,25.0
1,1,0,0,1,0.0,10.0
3,1,0,0,1,0.01,150.0
1,1,0,0,1,0.0,10.0
1,1,0,0,1,0.0,10.0
13,1,0,0,1,0.04333333,25.0
1,1,0,0,1,0.0,10.0
8,1,0,0,1,0.02666667,42.85714286
8,1,0,0,1,0.02666667,42.85714286
1,1,0,0,1,0.0,10.0
8,1,0,0,1,0.02666667,42.85714286
23,1,0,0,1,0.07666667,13.63636364
3,1,0,0,1,0.01,150.0
8,1,0,0,1,0.02666667,42.85714286
51,1,0,0,1,0.17,6.0
1,1,0,0,1,0.0,10.0
1,1,0,0,1,0.0,10.0
154,1,0,0,1,0.51333333,1.96078431
1,1,0,0,1,0.0,10.0
11,1,0,0,1,0.03666667,30.0
9,1,0,0,1,0.03,37.5
307,1,0,0,1,1.02333333,0.98039216
1,1,0,0,1,0.0,10.0
43,1,0,0,1,0.14333333,7.14285714
202,1,0,0,1,0.67333333,1.49253731
4,1,0,0,1,0.01333333,100.0
1,1,0,0,1,0.0,10.0
1,1,0,0,1,0.0,10.0
20,1,0,0,1,0.06666667,15.78947368
23,1,0,0,1,0.07666667,13.63636364
2,1,0,0,1,0.00666667,300.0
1,1,0,0,1,0.0,10.0
3,1,0,0,1,0.01,150.0
10,1,0,0,1,0.03333333,33.33333333
6,1,0,0,1,0.02,60.0
1,1,0,0,1,0.0,10.0
17,1,0,0,1,0.05666667,18.75
2,1,0,0,1,0.00666667,300.0
3,1,0,0,1,0.01,150.0
148,1,0,0,1,0.49333333,2.04081633
9,1,0,0,1,0.03,37.5
1,1,0,0,1,0.0,10.0
4,1,0,0,1,0.01333333,100.0
1,1,0,0,1,0.0,10.0
8,1,0,0,1,0.02666667,42.85714286
121,1,0,0,1,0.40333333,2.5
3,1,0,0,1,0.01,150.0
4,1,0,0,1,0.01333333,100.0
9,1,0,0,1,0.03,37.5
9,1,0,0,1,0.03,37.5
1,1,0,0,1,0.0,10.0
1,1,0,0,1,0.0,10.0
6,1,0,0,1,0.02,60.0
212,1,0,0,1,0.70666667,1.42180095
15,1,0,0,1,0.05,21.42857143
1,1,0,0,1,0.0,10.0
7,1,0,0,1,0.02333333,50.0
1,1,0,0,1,0.0,10.0
2,1,0,0,1,0.00666667,300.0
4,1,0,0,1,0.01333333,100.0
3,1,0,0,1,0.01,150.0
80,1,0,0,1,0.26666667,3.79746835
18,1,0,0,1,0.06,17.64705882
6,1,0,0,1,0.02,60.0
1,1,0,0,1,0.0,10.0
1,1,0,0,1,0.0,10.0
9,1,0,0,1,0.03,37.5
1,1,0,0,1,0.0,10.0
2,1,0,0,1,0.00666667,300.0
1,1,0,0,1,0.0,10.0
1,1,0,0,1,0.0,10.0
7,1,0,0,1,0.02333333,50.0
12,1,0,0,1,0.04,27.27272727
1,1,0,0,1,0.0,10.0
3,1,0,0,1,0.01,150.0
15,1,0,0,1,0.05,21.42857143
9,1,0,0,1,0.03,37.5
7,1,0,0,1,0.02333333,50.0
1,1,0,0,1,0.0,10.0
19,1,0,0,1,0.06333333,16.66666667
77,1,0,0,1,0.25666667,3.94736842
1,1,0,0,1,0.0,10.0
2,1,0,0,1,0.00666667,300.0
1,1,0,0,1,0.0,10.0
3,1,0,0,1,0.01,150.0
2,1,0,0,1,0.00666667,300.0
1,1,0,0,1,0.0,10.0
10,1,0,0,1,0.03333333,33.33333333
1,1,0,0,1,0.0,10.0
213,1,0,0,1,0.71,1.41509434
3,1,0,0,1,0.01,150.0
9,1,0,0,1,0.03,37.5
7,1,0,0,1,0.02333333,50.0
2,1,0,0,1,0.00666667,300.0
40,1,0,0,1,0.13333333,7.69230769
12,1,0,0,1,0.04,27.27272727
1,1,0,0,1,0.0,10.0
2,1,0,0,1,0.00666667,300.0
9,1,0,0,1,0.03,37.5
10,1,0,0,1,0.03333333,33.33333333
10,1,0,0,1,0.03333333,33.33333333
6,1,0,0,1,0.02,60.0
3,1,0,0,1,0.01,150.0
5,1,0,0,1,0.01666667,75.0
19,1,0,0,1,0.06333333,16.66666667
9,1,0,0,1,0.03,37.5
9,1,0,0,1,0.03,37.5
2,1,0,0,1,0.00666667,300.0
16,1,0,0,1,0.05333333,20.0
8,1,0,0,1,0.02666667,42.85714286
1,1,0,0,1,0.0,10.0
1,1,0,0,1,0.0,10.0
267,1,0,0,1,0.89,1.12781955
21,1,0,0,1,0.07,15.0
1,1,0,0,1,0.0,10.0
2,1,0,0,1,0.00666667,300.0
2,1,0,0,1,0.00666667,300.0
2,1,0,0,1,0.00666667,300.0
4,1,0,0,1,0.01333333,100.0
48,1,0,0,1,0.16,6.38297872
1,1,0,0,1,0.0,10.0
59,1,0,0,1,0.19666667,5.17241379
6,1,0,0,1,0.02,60.0
1,1,0,0,1,0.0,10.0
210,1,0,0,1,0.7,1.4354067
4,1,0,0,1,0.01333333,100.0
4,1,0,0,1,0.01333333,100.0
1,1,0,0,1,0.0,10.0
16,1,0,0,1,0.05333333,20.0
14,1,0,0,1,0.04666667,23.07692308
1,1,0,0,1,0.0,10.0
7,1,0,0,1,0.02333333,50.0
9,1,0,0,1,0.03,37.5
8,1,0,0,1,0.02666667,42.85714286
1,1,0,0,1,0.0,10.0
189,1,0,0,1,0.63,1.59574468
151,1,0,0,1,0.50333333,2.0
1,1,0,0,1,0.0,10.0
8,1,0,0,1,0.02666667,42.85714286
14,1,0,0,1,0.04666667,23.07692308
17,1,0,0,1,0.05666667,18.75
23,1,0,0,1,0.07666667,13.63636364
3,1,0,0,1,0.01,150.0
3,1,0,0,1,0.01,150.0
68,1,0,0,1,0.22666667,4.47761194
2,1,0,0,1,0.00666667,300.0
13,1,0,0,1,0.04333333,25.0
17,1,0,0,1,0.05666667,18.75
6,1,0,0,1,0.02,60.0
107,1,0,0,1,0.35666667,2.83018868
2,1,0,0,1,0.00666667,300.0
261,1,0,0,1,0.87,1.15384615
1,1,0,0,1,0.0,10.0
4,1,0,0,1,0.01333333,100.0
2,1,0,0,1,0.00666667,300.0
106,1,0,0,1,0.35333333,2.85714286
24,1,0,0,1,0.08,13.04347826
1,1,0,0,1,0.0,10.0
8,1,0,0,1,0.02666667,42.85714286
1,1,0,0,1,0.0,10.0
1,1,0,0,1,0.0,10.0
2,1,0,0,1,0.00666667,300.0
1,1,0,0,1,0.0,10.0
2,1,0,0,1,0.00666667,300.0
18,1,0,0,1,0.06,17.64705882
69,1,0,0,1,0.23,4.41176471
38,1,0,0,1,0.12666667,8.10810811
24,1,0,0,1,0.08,13.04347826
4,1,0,0,1,0.01333333,100.0
1,1,0,0,1,0.0,10.0
2,1,0,0,1,0.00666667,300.0
10,1,0,0,1,0.03333333,33.33333333
1,1,0,0,1,0.0,10.0
8,1,0,0,1,0.02666667,42.85714286
6,1,0,0,1,0.02,60.0
7,1,0,0,1,0.02333333,50.0
1,1,0,0,1,0.0,10.0
6,1,0,0,1,0.02,60.0
2,1,0,0,1,0.00666667,300.0
169,1,0,0,1,0.56333333,1.78571429
8,1,0,0,1,0.02666667,42.85714286
1,1,0,0,1,0.0,10.0
15,1,0,0,1,0.05,21.42857143
3,1,0,0,1,0.01,150.0
1,1,0,0,1,0.0,10.0
1,1,0,0,1,0.0,10.0
1,1,0,0,1,0.0,10.0
1,1,0,0,1,0.0,10.0
1,1,0,0,1,0.0,10.0
4,1,0,0,1,0.01333333,100.0
160,1,0,0,1,0.53333333,1.88679245
2,1,0,0,1,0.00666667,300.0
1,1,0,0,1,0.0,10.0
1,1,0,0,1,0.0,10.0
204,1,0,0,1,0.68,1.47783251
4,1,0,0,1,0.01333333,100.0
6,1,0,0,1,0.02,60.0
23,1,0,0,1,0.07666667,13.63636364
13,1,0,0,1,0.04333333,25.0
1,1,0,0,1,0.0,10.0
4,1,0,0,1,0.01333333,100.0
14,1,0,0,1,0.04666667,23.07692308
266,1,0,0,1,0.88666667,1.13207547
24,1,0,0,1,0.08,13.04347826
1,1,0,0,1,0.0,10.0
1,1,0,0,1,0.0,10.0
21,1,0,0,1,0.07,15.0
1,1,0,0,1,0.0,10.0
15,1,0,0,1,0.05,21.42857143
12,1,0,0,1,0.04,27.27272727
14,1,0,0,1,0.04666667,23.07692308
1,1,0,0,1,0.0,10.0
40,1,0,0,1,0.13333333,7.69230769
1,1,0,0,1,0.0,10.0
1,1,0,0,1,0.0,10.0
254,1,0,0,1,0.84666667,1.18577075
2,1,0,0,1,0.00666667,300.0
7,1,0,0,1,0.02333333,50.0
1,1,0,0,1,0.0,10.0
8,1,0,0,1,0.02666667,42.85714286
12,1,0,0,1,0.04,27.27272727
7,1,0,0,1,0.02333333,50.0
7,1,0,0,1,0.02333333,50.0
6,1,0,0,1,0.02,60.0
2,1,0,0,1,0.00666667,300.0
1,1,0,0,1,0.0,10.0
2,1,0,0,1,0.00666667,300.0
1,1,0,0,1,0.0,10.0
2,1,0,0,1,0.00666667,300.0
14,1,0,0,1,0.04666667,23.07692308
6,1,0,0,1,0.02,60.0
30,1,0,0,1,0.1,10.34482759
1,1,0,0,1,0.0,10.0
4,1,0,0,1,0.01333333,100.0
71,1,0,0,1,0.23666667,4.28571429
78,1,0,0,1,0.26,3.8961039
1,1,0,0,1,0.0,10.0
2,1,0,0,1,0.00666667,300.0
16,1,0,0,1,0.05333333,20.0
69,1,0,0,1,0.23,4.41176471
7,1,0,0,1,0.02333333,50.0
19,1,0,0,1,0.06333333,16.66666667
1,1,0,0,1,0.0,10.0
4,1,0,0,1,0.01333333,100.0
1,1,0,0,1,0.0,10.0
4,1,0,0,1,0.01333333,100.0
1,1,0,0,1,0.0,10.0
1,1,0,0,1,0.0,10.0
1,1,0,0,1,0.0,10.0
2,1,0,0,1,0.00666667,300.0
3,1,0,0,1,0.01,150.0
3,1,0,0,1,0.01,150.0
16,1,0,0,1,0.05333333,20.0
7,1,0,0,1,0.02333333,50.0
8,1,0,0,1,0.02666667,42.85714286
2,1,0,0,1,0.00666667,300.0
2,1,0,0,1,0.00666667,300.0
8,1,0,0,1,0.02666667,42.85714286
1,1,0,0,1,0.0,10.0
32,1,0,0,1,0.10666667,9.67741935
1,1,0,0,1,0.0,10.0
2,1,0,0,1,0.00666667,300.0
1,1,0,0,1,0.0,10.0
300,1,0,0,1,1.0,1.00334448
25,1,0,0,1,0.08333333,12.5
1,1,0,0,1,0.0,10.0
2,1,0,0,1,0.00666667,300.0
1,1,0,0,1,0.0,10.0
17,1,0,0,1,0.05666667,18.75
15,1,0,0,1,0.05,21.42857143
7,1,0,0,1,0.02333333,50.0
1,1,0,0,1,0.0,10.0
7,1,0,0,1,0.02333333,50.0
20,1,0,0,1,0.06666667,15.78947368
2,1,0,0,1,0.00666667,300.0
10,1,0,0,1,0.03333333,33.33333333
18,1,0,0,1,0.06,17.64705882
5,1,0,0,1,0.01666667,75.0
6,1,0,0,1,0.02,60.0
17,1,0,0,1,0.05666667,18.75
1,1,0,0,1,0.0,10.0
12,1,0,0,1,0.04,27.27272727
1,1,0,0,1,0.0,10.0
10,1,0,0,1,0.03333333,33.33333333
8,1,0,0,1,0.02666667,42.85714286
5,1,0,0,1,0.01666667,75.0
1,1,0,0,1,0.0,10.0
142,1,0,0,1,0.47333333,2.12765957
1,1,0,0,1,0.0,10.0
163,1,0,0,1,0.54333333,1.85185185
5,1,0,0,1,0.01666667,75.0
252,1,0,0,1,0.84,1.19521912
1,1,0,0,1,0.0,10.0
17,1,0,0,1,0.05666667,18.75
3,1,0,0,1,0.01,150.0
17,1,0,0,1,0.05666667,18.75
9,1,0,0,1,0.03,37.5
6,1,0,0,1,0.02,60.0
12,1,0,0,1,0.04,27.27272727
6,1,0,0,1,0.02,60.0
33,1,0,0,1,0.11,9.375
2,1,0,0,1,0.00666667,300.0
10,1,0,0,1,0.03333333,33.33333333
80,1,0,0,1,0.26666667,3.79746835
75,1,0,0,1,0.25,4.05405405
7,1,0,0,1,0.02333333,50.0
2,1,0,0,1,0.00666667,300.0
45,1,0,0,1,0.15,6.81818182
1,1,0,0,1,0.0,10.0
2,1,0,0,1,0.00666667,300.0
1,1,0,0,1,0.0,10.0
3,1,0,0,1,0.01,150.0
1,1,0,0,1,0.0,10.0
5,1,0,0,1,0.01666667,75.0
70,1,0,0,1,0.23333333,4.34782609
79,1,0,0,1,0.26333333,3.84615385
15,1,0,0,1,0.05,21.42857143
8,1,0,0,1,0.02666667,42.85714286
5,1,0,0,1,0.01666667,75.0
9,1,0,0,1,0.03,37.5
4,1,0,0,1,0.01333333,100.0
4,1,0,0,1,0.01333333,100.0
2,1,0,0,1,0.00666667,300.0
1,1,0,0,1,0.0,10.0
9,1,0,0,1,0.03,37.5
2,1,0,0,1,0.00666667,300.0
15,1,0,0,1,0.05,21.42857143
1,1,0,0,1,0.0,10.0
4,1,0,0,1,0.01333333,100.0
11,1,0,0,1,0.03666667,30.0
4,1,0,0,1,0.01333333,100.0
1,1,0,0,1,0.0,10.0
2,1,0,0,1,0.00666667,300.0
2,1,0,0,1,0.00666667,300.0
76,1,0,0,1,0.25333333,4.0
2,1,0,0,1,0.00666667,300.0
1,1,0,0,1,0.0,10.0
16,1,0,0,1,0.05333333,20.0
4,1,0,0,1,0.01333333,100.0
12,1,0,0,1,0.04,27.27272727
3,1,0,0,1,0.01,150.0
1,1,0,0,1,0.0,10.0
3,1,0,0,1,0.01,150.0
1,1,0,0,1,0.0,10.0
1,1,0,0,1,0.0,10.0
10,1,0,0,1,0.03333333,33.33333333
6,1,0,0,1,0.02,60.0
3,1,0,0,1,0.01,150.0
6,1,0,0,1,0.02,60.0
15,1,0,0,1,0.05,21.42857143
6,1,0,0,1,0.02,60.0
1,1,0,0,1,0.0,10.0
2,1,0,0,1,0.00666667,300.0
1,1,0,0,1,0.0,10.0
3,1,0,0,1,0.01,150.0
12,1,0,0,1,0.04,27.27272727
228,1,0,0,1,0.76,1.3215859
4,1,0,0,1,0.01333333,100.0
3,1,0,0,1,0.01,150.0
2,1,0,0,1,0.00666667,300.0
12,1,0,0,1,0.04,27.27272727
1,1,0,0,1,0.0,10.0
4,1,0,0,1,0.01333333,100.0
4,1,0,0,1,0.01333333,100.0
11,1,0,0,1,0.03666667,30.0
7,1,0,0,1,0.02333333,50.0
20,1,0,0,1,0.06666667,15.78947368
4,1,0,0,1,0.01333333,100.0
1,1,0,0,1,0.0,10.0
2,1,0,0,1,0.00666667,300.0
223,1,0,0,1,0.74333333,1.35135135
1,1,0,0,1,0.0,10.0
1,1,0,0,1,0.0,10.0
15,1,0,0,1,0.05,21.42857143
1,1,0,0,1,0.0,10.0
1,1,0,0,1,0.0,10.0
1,1,0,0,1,0.0,10.0
2,1,0,0,1,0.00666667,300.0
1,1,0,0,1,0.0,10.0
12,1,0,0,1,0.04,27.27272727
55,1,0,0,1,0.18333333,5.55555556
15,1,0,0,1,0.05,21.42857143
21,1,0,0,1,0.07,15.0
1,1,0,0,1,0.0,10.0
1,1,0,0,1,0.0,10.0
236,1,0,0,1,0.78666667,1.27659574
22,1,0,0,1,0.07333333,14.28571429
1,1,0,0,1,0.0,10.0
14,1,0,0,1,0.04666667,23.07692308
1,1,0,0,1,0.0,10.0
1,1,0,0,1,0.0,10.0
5,1,0,0,1,0.01666667,75.0
1,1,0,0,1,0.0,10.0
1,1,0,0,1,0.0,10.0
6,1,0,0,1,0.02,60.0
8,1,0,0,1,0.02666667,42.85714286
4,1,0,0,1,0.01333333,100.0
2,1,0,0,1,0.00666667,300.0
70,1,0,0,1,0.23333333,4.34782609
15,1,0,0,1,0.05,21.42857143
1,1,0,0,1,0.0,10.0
2,1,0,0,1,0.00666667,300.0
2,1,0,0,1,0.00666667,300.0
5,1,0,0,1,0.01666667,75.0
18,1,0,0,1,0.06,17.64705882
8,1,0,0,1,0.02666667,42.85714286
26,1,0,0,1,0.08666667,12.0
7,1,0,0,1,0.02333333,50.0
6,1,0,0,1,0.02,60.0
1,1,0,0,1,0.0,10.0
1,1,0,0,1,0.0,10.0
1,1,0,0,1,0.0,10.0
1,1,0,0,1,0.0,10.0
7,1,0,0,1,0.02333333,50.0
1,1,0,0,1,0.0,10.0
1,1,0,0,1,0.0,10.0
11,1,0,0,1,0.03666667,30.0
1,1,0,0,1,0.0,10.0
1,1,0,0,1,0.0,10.0
11,1,0,0,1,0.03666667,30.0
1,1,0,0,1,0.0,10.0
11,1,0,0,1,0.03666667,30.0
4,1,0,0,1,0.01333333,100.0
1,1,0,0,1,0.0,10.0
308,1,0,0,1,1.02666667,0.9771987
24,1,0,0,1,0.08,13.04347826
1,1,0,0,1,0.0,10.0
3,1,0,0,1,0.01,150.0
3,1,0,0,1,0.01,150.0
21,1,0,0,1,0.07,15.0
1,1,0,0,1,0.0,10.0
1,1,0,0,1,0.0,10.0
127,1,0,0,1,0.42333333,2.38095238
8,1,0,0,1,0.02666667,42.85714286
1,1,0,0,1,0.0,10.0
1,1,0,0,1,0.0,10.0
1,1,0,0,1,0.0,10.0
4,1,0,0,1,0.01333333,100.0
1,1,0,0,1,0.0,10.0
1,1,0,0,1,0.0,10.0
2,1,0,0,1,0.00666667,300.0
1,1,0,0,1,0.0,10.0
11,1,0,0,1,0.03666667,30.0
4,1,0,0,1,0.01333333,100.0
3,1,0,0,1,0.01,150.0
77,1,0,0,1,0.25666667,3.94736842
4,1,0,0,1,0.01333333,100.0
1,1,0,0,1,0.0,10.0
6,1,0,0,1,0.02,60.0
42,1,0,0,1,0.14,7.31707317
1,1,0,0,1,0.0,10.0
11,1,0,0,1,0.03666667,30.0
22,1,0,0,1,0.07333333,14.28571429
30,1,0,0,1,0.1,10.34482759
4,1,0,0,1,0.01333333,100.0
3,1,0,0,1,0.01,150.0
2,1,0,0,1,0.00666667,300.0
11,1,0,0,1,0.03666667,30.0
4,1,0,0,1,0.01333333,100.0
2,1,0,0,1,0.00666667,300.0
139,1,0,0,1,0.46333333,2.17391304
2,1,0,0,1,0.00666667,300.0
1,1,0,0,1,0.0,10.0
1,1,0,0,1,0.0,10.0
1,1,0,0,1,0.0,10.0
2,1,0,0,1,0.00666667,300.0
1,1,0,0,1,0.0,10.0
1,1,0,0,1,0.0,10.0
17,1,0,0,1,0.05666667,18.75
6,1,0,0,1,0.02,60.0
4,1,0,0,1,0.01333333,100.0
20,1,0,0,1,0.06666667,15.78947368
10,1,0,0,1,0.03333333,33.33333333
112,1,0,0,1,0.37333333,2.7027027
1,1,0,0,1,0.0,10.0
2,1,0,0,1,0.00666667,300.0
16,1,0,0,1,0.05333333,20.0
7,1,0,0,1,0.02333333,50.0
167,1,0,0,1,0.55666667,1.80722892
8,1,0,0,1,0.02666667,42.85714286
1,1,0,0,1,0.0,10.0
8,1,0,0,1,0.02666667,42.85714286
9,1,0,0,1,0.03,37.5
9,1,0,0,1,0.03,37.5
17,1,0,0,1,0.05666667,18.75
1,1,0,0,1,0.0,10.0
26,1,0,0,1,0.08666667,12.0
8,1,0,0,1,0.02666667,42.85714286
17,1,0,0,1,0.05666667,18.75
1,1,0,0,1,0.0,10.0
6,1,0,0,1,0.02,60.0
12,1,0,0,1,0.04,27.27272727
19,1,0,0,1,0.06333333,16.66666667
195,1,0,0,1,0.65,1.54639175
7,1,0,0,1,0.02333333,50.0
1,1,0,0,1,0.0,10.0
1,1,0,0,1,0.0,10.0
115,1,0,0,1,0.38333333,2.63157895
1,1,0,0,1,0.0,10.0
1,1,0,0,1,0.0,10.0
5,1,0,0,1,0.01666667,75.0
6,1,0,0,1,0.02,60.0
114,1,0,0,1,0.38,2.65486726
2,1,0,0,1,0.00666667,300.0
4,1,0,0,1,0.01333333,100.0
1,1,0,0,1,0.0,10.0
9,1,0,0,1,0.03,37.5
1,1,0,0,1,0.0,10.0
205,1,0,0,1,0.68333333,1.47058824
10,1,0,0,1,0.03333333,33.33333333
39,1,0,0,1,0.13,7.89473684
74,1,0,0,1,0.24666667,4.10958904
235,1,0,0,1,0.78333333,1.28205128
1,1,0,0,1,0.0,10.0
67,1,0,0,1,0.22333333,4.54545455
30,1,0,0,1,0.1,10.34482759
67,1,0,0,1,0.22333333,4.54545455
1,1,0,0,1,0.0,10.0
21,1,0,0,1,0.07,15.0
10,1,0,0,1,0.03333333,33.33333333
1,1,0,0,1,0.0,10.0
2,1,0,0,1,0.00666667,300.0
1,1,0,0,1,0.0,10.0
193,1,0,0,1,0.64333333,1.5625
4,1,0,0,1,0.01333333,100.0
2,1,0,0,1,0.00666667,300.0
11,1,0,0,1,0.03666667,30.0
8,1,0,0,1,0.02666667,42.85714286
7,1,0,0,1,0.02333333,50.0
8,1,0,0,1,0.02666667,42.85714286
5,1,0,0,1,0.01666667,75.0
79,1,0,0,1,0.26333333,3.84615385
1,1,0,0,1,0.0,10.0
7,1,0,0,1,0.02333333,50.0
270,1,0,0,1,0.9,1.11524164
4,1,0,0,1,0.01333333,100.0
1,1,0,0,1,0.0,10.0
1,1,0,0,1,0.0,10.0
241,1,0,0,1,0.80333333,1.25
8,1,0,0,1,0.02666667,42.85714286
9,1,0,0,1,0.03,37.5
1,1,0,0,1,0.0,10.0
1,1,0,0,1,0.0,10.0
4,1,0,0,1,0.01333333,100.0
9,1,0,0,1,0.03,37.5
2,1,0,0,1,0.00666667,300.0
4,1,0,0,1,0.01333333,100.0
174,1,0,0,1,0.58,1.73410405
1,1,0,0,1,0.0,10.0
73,1,0,0,1,0.24333333,4.16666667
8,1,0,0,1,0.02666667,42.85714286
1,1,0,0,1,0.0,10.0
8,1,0,0,1,0.02666667,42.85714286
176,1,0,0,1,0.58666667,1.71428571
84,1,0,0,1,0.28,3.61445783
9,1,0,0,1,0.03,37.5
155,1,0,0,1,0.51666667,1.94805195
1,1,0,0,1,0.0,10.0
14,1,0,0,1,0.04666667,23.07692308
12,1,0,0,1,0.04,27.27272727
2,1,0,0,1,0.00666667,300.0
1,1,0,0,1,0.0,10.0
6,1,0,0,1,0.02,60.0
39,1,0,0,1,0.13,7.89473684
3,1,0,0,1,0.01,150.0
1,1,0,0,1,0.0,10.0
1,1,0,0,1,0.0,10.0
1,1,0,0,1,0.0,10.0
14,1,0,0,1,0.04666667,23.07692308
3,1,0,0,1,0.01,150.0
2,1,0,0,1,0.00666667,300.0
1,1,0,0,1,0.0,10.0
3,1,0,0,1,0.01,150.0
3,1,0,0,1,0.01,150.0
1,1,0,0,1,0.0,10.0
4,1,0,0,1,0.01333333,100.0
5,1,0,0,1,0.01666667,75.0
1,1,0,0,1,0.0,10.0
19,1,0,0,1,0.06333333,16.66666667
2,1,0,0,1,0.00666667,300.0
3,1,0,0,1,0.01,150.0
29,1,0,0,1,0.09666667,10.71428571
7,1,0,0,1,0.02333333,50.0
11,1,0,0,1,0.03666667,30.0
1,1,0,0,1,0.0,10.0
25,1,0,0,1,0.08333333,12.5
149,1,0,0,1,0.49666667,2.02702703
6,1,0,0,1,0.02,60.0
5,1,0,0,1,0.01666667,75.0
1,1,0,0,1,0.0,10.0
2,1,0,0,1,0.00666667,300.0
13,1,0,0,1,0.04333333,25.0
1,1,0,0,1,0.0,10.0
52,1,0,0,1,0.17333333,5.88235294
1,1,0,0,1,0.0,10.0
5,1,0,0,1,0.01666667,75.0
71,1,0,0,1,0.23666667,4.28571429
1,1,0,0,1,0.0,10.0
1,1,0,0,1,0.0,10.0
133,1,0,0,1,0.44333333,2.27272727
2,1,0,0,1,0.00666667,300.0
2,1,0,0,1,0.00666667,300.0
3,1,0,0,1,0.01,150.0
1,1,0,0,1,0.0,10.0
10,1,0,0,1,0.03333333,33.33333333
1,1,0,0,1,0.0,10.0
32,1,0,0,1,0.10666667,9.67741935
149,1,0,0,1,0.49666667,2.02702703
10,1,0,0,1,0.03333333,33.33333333
68,1,0,0,1,0.22666667,4.47761194
176,1,0,0,1,0.58666667,1.71428571
1,1,0,0,1,0.0,10.0
9,1,0,0,1,0.03,37.5
24,1,0,0,1,0.08,13.04347826
1,1,0,0,1,0.0,10.0
8,1,0,0,1,0.02666667,42.85714286
8,1,0,0,1,0.02666667,42.85714286
10,1,0,0,1,0.03333333,33.33333333
207,1,0,0,1,0.69,1.45631068
1,1,0,0,1,0.0,10.0
124,1,0,0,1,0.41333333,2.43902439
3,1,0,0,1,0.01,150.0
9,1,0,0,1,0.03,37.5
496,1,0,0,1,1.65333333,0.60606061
10,1,0,0,1,0.03333333,33.33333333
1,1,0,0,1,0.0,10.0
74,1,0,0,1,0.24666667,4.10958904
1,1,0,0,1,0.0,10.0
2,1,0,0,1,0.00666667,300.0
19,1,0,0,1,0.06333333,16.66666667
1,1,0,0,1,0.0,10.0
90,1,0,0,1,0.3,3.37078652
1,1,0,0,1,0.0,10.0
208,1,0,0,1,0.69333333,1.44927536
65,1,0,0,1,0.21666667,4.6875
1,1,0,0,1,0.0,10.0
7,1,0,0,1,0.02333333,50.0
1,1,0,0,1,0.0,10.0
2,1,0,0,1,0.00666667,300.0
10,1,0,0,1,0.03333333,33.33333333
1,1,0,0,1,0.0,10.0
1,1,0,0,1,0.0,10.0
1,1,0,0,1,0.0,10.0
2,1,0,0,1,0.00666667,300.0
2,1,0,0,1,0.00666667,300.0
1,1,0,0,1,0.0,10.0
5,1,0,0,1,0.01666667,75.0
74,1,0,0,1,0.24666667,4.10958904
8,1,0,0,1,0.02666667,42.85714286
2,1,0,0,1,0.00666667,300.0
23,1,0,0,1,0.07666667,13.63636364
1,1,0,0,1,0.0,10.0
1,1,0,0,1,0.0,10.0
1,1,0,0,1,0.0,10.0
1,1,0,0,1,0.0,10.0
9,1,0,0,1,0.03,37.5
2,1,0,0,1,0.00666667,300.0
7,1,0,0,1,0.02333333,50.0
1,1,0,0,1,0.0,10.0
5,1,0,0,1,0.01666667,75.0
1,1,0,0,1,0.0,10.0
2,1,0,0,1,0.00666667,300.0
1,1,0,0,1,0.0,10.0
1,1,0,0,1,0.0,10.0
21,1,0,0,1,0.07,15.0
14,1,0,0,1,0.04666667,23.07692308
1,1,0,0,1,0.0,10.0
9,1,0,0,1,0.03,37.5
1,1,0,0,1,0.0,10.0
3,1,0,0,1,0.01,150.0
6,1,0,0,1,0.02,60.0
1,1,0,0,1,0.0,10.0
5,1,0,0,1,0.01666667,75.0
1,1,0,0,1,0.0,10.0
107,1,0,0,1,0.35666667,2.83018868
8,1,0,0,1,0.02666667,42.85714286
1,1,0,0,1,0.0,10.0
1,1,0,0,1,0.0,10.0
1,1,0,0,1,0.0,10.0
9,1,0,0,1,0.03,37.5
1,1,0,0,1,0.0,10.0
1,1,0,0,1,0.0,10.0
1,1,0,0,1,0.0,10.0
5,1,0,0,1,0.01666667,75.0
19,1,0,0,1,0.06333333,16.66666667
2,1,0,0,1,0.00666667,300.0
1,1,0,0,1,0.0,10.0
1,1,0,0,1,0.0,10.0
176,1,0,0,1,0.58666667,1.71428571
3,1,0,0,1,0.01,150.0
12,1,0,0,1,0.04,27.27272727
7,1,0,0,1,0.02333333,50.0
1,1,0,0,1,0.0,10.0
1,1,0,0,1,0.0,10.0
9,1,0,0,1,0.03,37.5
1,1,0,0,1,0.0,10.0
5,1,0,0,1,0.01666667,75.0
10,1,0,0,1,0.03333333,33.33333333
4,1,0,0,1,0.01333333,100.0
2,1,0,0,1,0.00666667,300.0
1,1,0,0,1,0.0,10.0
19,1,0,0,1,0.06333333,16.66666667
2,1,0,0,1,0.00666667,300.0
3,1,0,0,1,0.01,150.0
18,1,0,0,1,0.06,17.64705882
151,1,0,0,1,0.50333333,2.0
1,1,0,0,1,0.0,10.0
4,1,0,0,1,0.01333333,100.0
35,1,0,0,1,0.11666667,8.82352941
1,1,0,0,1,0.0,10.0
112,1,0,0,1,0.37333333,2.7027027
4,1,0,0,1,0.01333333,100.0
8,1,0,0,1,0.02666667,42.85714286
8,1,0,0,1,0.02666667,42.85714286
2,1,0,0,1,0.00666667,300.0
2,1,0,0,1,0.00666667,300.0
13,1,0,0,1,0.04333333,25.0
9,1,0,0,1,0.03,37.5
11,1,0,0,1,0.03666667,30.0
1,1,0,0,1,0.0,10.0
19,1,0,0,1,0.06333333,16.66666667
8,1,0,0,1,0.02666667,42.85714286
14,1,0,0,1,0.04666667,23.07692308
9,1,0,0,1,0.03,37.5
1,1,0,0,1,0.0,10.0
53,1,0,0,1,0.17666667,5.76923077
2,1,0,0,1,0.00666667,300.0
27,1,0,0,1,0.09,11.53846154
2,1,0,0,1,0.00666667,300.0
1,1,0,0,1,0.0,10.0
69,1,0,0,1,0.23,4.41176471
15,1,0,0,1,0.05,21.42857143
1,1,0,0,1,0.0,10.0
2,1,0,0,1,0.00666667,300.0
2,1,0,0,1,0.00666667,300.0
17,1,0,0,1,0.05666667,18.75
5,1,0,0,1,0.01666667,75.0
1,1,0,0,1,0.0,10.0
39,1,0,0,1,0.13,7.89473684
2,1,0,0,1,0.00666667,300.0
1,1,0,0,1,0.0,10.0
1,1,0,0,1,0.0,10.0
8,1,0,0,1,0.02666667,42.85714286
3,1,0,0,1,0.01,150.0
33,1,0,0,1,0.11,9.375
65,1,0,0,1,0.21666667,4.6875
1,1,0,0,1,0.0,10.0
30,1,0,0,1,0.1,10.34482759
1,1,0,0,1,0.0,10.0
1,1,0,0,1,0.0,10.0
11,1,0,0,1,0.03666667,30.0
8,1,0,0,1,0.02666667,42.85714286
1,1,0,0,1,0.0,10.0
1,1,0,0,1,0.0,10.0
75,1,0,0,1,0.25,4.05405405
37,1,0,0,1,0.12333333,8.33333333
11,1,0,0,1,0.03666667,30.0
1,1,0,0,1,0.0,10.0
10,1,0,0,1,0.03333333,33.33333333
1,1,0,0,1,0.0,10.0
1,1,0,0,1,0.0,10.0
11,1,0,0,1,0.03666667,30.0
2,1,0,0,1,0.00666667,300.0
2,1,0,0,1,0.00666667,300.0
1,1,0,0,1,0.0,10.0
17,1,0,0,1,0.05666667,18.75
5,1,0,0,1,0.01666667,75.0
4,1,0,0,1,0.01333333,100.0
11,1,0,0,1,0.03666667,30.0
10,1,0,0,1,0.03333333,33.33333333
1,1,0,0,1,0.0,10.0
27,1,0,0,1,0.09,11.53846154
86,1,0,0,1,0.28666667,3.52941176
14,1,0,0,1,0.04666667,23.07692308
1,1,0,0,1,0.0,10.0
36,1,0,0,1,0.12,8.57142857
2,1,0,0,1,0.00666667,300.0
1,1,0,0,1,0.0,10.0
6,1,0,0,1,0.02,60.0
166,1,0,0,1,0.55333333,1.81818182
2,1,0,0,1,0.00666667,300.0
1,1,0,0,1,0.0,10.0
13,1,0,0,1,0.04333333,25.0
1,1,0,0,1,0.0,10.0
11,1,0,0,1,0.03666667,30.0
1,1,0,0,1,0.0,10.0
2,1,0,0,1,0.00666667,300.0
72,1,0,0,1,0.24,4.22535211
1,1,0,0,1,0.0,10.0
13,1,0,0,1,0.04333333,25.0
1,1,0,0,1,0.0,10.0
1,1,0,0,1,0.0,10.0
42,1,0,0,1,0.14,7.31707317
2,1,0,0,1,0.00666667,300.0
1,1,0,0,1,0.0,10.0
143,1,0,0,1,0.47666667,2.11267606
18,1,0,0,1,0.06,17.64705882
6,1,0,0,1,0.02,60.0
1,1,0,0,1,0.0,10.0
1,1,0,0,1,0.0,10.0
11,1,0,0,1,0.03666667,30.0
1,1,0,0,1,0.0,10.0
1,1,0,0,1,0.0,10.0
4,1,0,0,1,0.01333333,100.0
244,1,0,0,1,0.81333333,1.2345679
2,1,0,0,1,0.00666667,300.0
88,1,0,0,1,0.29333333,3.44827586
21,1,0,0,1,0.07,15.0
2,1,0,0,1,0.00666667,300.0
1,1,0,0,1,0.0,10.0
21,1,0,0,1,0.07,15.0
191,1,0,0,1,0.63666667,1.57894737
260,1,0,0,1,0.86666667,1.15830116
1,1,0,0,1,0.0,10.0
28,1,0,0,1,0.09333333,11.11111111
13,1,0,0,1,0.04333333,25.0
10,1,0,0,1,0.03333333,33.33333333
29,1,0,0,1,0.09666667,10.71428571
1,1,0,0,1,0.0,10.0
10,1,0,0,1,0.03333333,33.33333333
1,1,0,0,1,0.0,10.0
1,1,0,0,1,0.0,10.0
3,1,0,0,1,0.01,150.0
16,1,0,0,1,0.05333333,20.0
4,1,0,0,1,0.01333333,100.0
23,1,0,0,1,0.07666667,13.63636364
13,1,0,0,1,0.04333333,25.0
1,1,0,0,1,0.0,10.0
7,1,0,0,1,0.02333333,50.0
12,1,0,0,1,0.04,27.27272727
8,1,0,0,1,0.02666667,42.85714286
1,1,0,0,1,0.0,10.0
14,1,0,0,1,0.04666667,23.07692308
1,1,0,0,1,0.0,10.0
9,1,0,0,1,0.03,37.5
5,1,0,0,1,0.01666667,75.0
17,1,0,0,1,0.05666667,18.75
1,1,0,0,1,0.0,10.0
61,1,0,0,1,0.20333333,5.0
3,1,0,0,1,0.01,150.0
3,1,0,0,1,0.01,150.0
2,1,0,0,1,0.00666667,300.0
2,1,0,0,1,0.00666667,300.0
4,1,0,0,1,0.01333333,100.0
10,1,0,0,1,0.03333333,33.33333333
2,1,0,0,1,0.00666667,300.0
4,1,0,0,1,0.01333333,100.0
3,1,0,0,1,0.01,150.0
3,1,0,0,1,0.01,150.0
124,1,0,0,1,0.41333333,2.43902439
6,1,0,0,1,0.02,60.0
1,1,0,0,1,0.0,10.0
1,1,0,0,1,0.0,10.0
50,1,0,0,1,0.16666667,6.12244898
2,1,0,0,1,0.00666667,300.0
1,1,0,0,1,0.0,10.0
7,1,0,0,1,0.02333333,50.0
7,1,0,0,1,0.02333333,50.0
11,1,0,0,1,0.03666667,30.0
8,1,0,0,1,0.02666667,42.85714286
13,1,0,0,1,0.04333333,25.0
20,1,0,0,1,0.06666667,15.78947368
1,1,0,0,1,0.0,10.0
2,1,0,0,1,0.00666667,300.0
19,1,0,0,1,0.06333333,16.66666667
35,1,0,0,1,0.11666667,8.82352941
140,1,0,0,1,0.46666667,2.15827338
16,1,0,0,1,0.05333333,20.0
1,1,0,0,1,0.0,10.0
6,1,0,0,1,0.02,60.0
14,1,0,0,1,0.04666667,23.07692308
14,1,0,0,1,0.04666667,23.07692308
6,1,0,0,1,0.02,60.0
4,1,0,0,1,0.01333333,100.0
62,1,0,0,1,0.20666667,4.91803279
28,1,0,0,1,0.09333333,11.11111111
2,1,0,0,1,0.00666667,300.0
1,1,0,0,1,0.0,10.0
14,1,0,0,1,0.04666667,23.07692308
1,1,0,0,1,0.0,10.0
2,1,0,0,1,0.00666667,300.0
1,1,0,0,1,0.0,10.0
22,1,0,0,1,0.07333333,14.28571429
4,1,0,0,1,0.01333333,100.0
14,1,0,0,1,0.04666667,23.07692308
5,1,0,0,1,0.01666667,75.0
1,1,0,0,1,0.0,10.0
12,1,0,0,1,0.04,27.27272727
4,1,0,0,1,0.01333333,100.0
1,1,0,0,1,0.0,10.0
5,1,0,0,1,0.01666667,75.0
1,1,0,0,1,0.0,10.0
2,1,0,0,1,0.00666667,300.0
2,1,0,0,1,0.00666667,300.0
5,1,0,0,1,0.01666667,75.0
5,1,0,0,1,0.01666667,75.0
8,1,0,0,1,0.02666667,42.85714286
1,1,0,0,1,0.0,10.0
2,1,0,0,1,0.00666667,300.0
6,1,0,0,1,0.02,60.0
236,1,0,0,1,0.78666667,1.27659574
19,1,0,0,1,0.06333333,16.66666667
2,1,0,0,1,0.00666667,300.0
4,1,0,0,1,0.01333333,100.0
4,1,0,0,1,0.01333333,100.0
68,1,0,0,1,0.22666667,4.47761194
1,1,0,0,1,0.0,10.0
10,1,0,0,1,0.03333333,33.33333333
312,1,0,0,1,1.04,0.96463023
1,1,0,0,1,0.0,10.0
1,1,0,0,1,0.0,10.0
12,1,0,0,1,0.04,27.27272727
1,1,0,0,1,0.0,10.0
2,1,0,0,1,0.00666667,300.0
242,1,0,0,1,0.80666667,1.24481328
7,1,0,0,1,0.02333333,50.0
2,1,0,0,1,0.00666667,300.0
16,1,0,0,1,0.05333333,20.0
1,1,0,0,1,0.0,10.0
1,1,0,0,1,0.0,10.0
2,1,0,0,1,0.00666667,300.0
2,1,0,0,1,0.00666667,300.0
1,1,0,0,1,0.0,10.0
1,1,0,0,1,0.0,10.0
1,1,0,0,1,0.0,10.0
2,1,0,0,1,0.00666667,300.0
1,1,0,0,1,0.0,10.0
1,1,0,0,1,0.0,10.0
2,1,0,0,1,0.00666667,300.0
25,1,0,0,1,0.08333333,12.5
5,1,0,0,1,0.01666667,75.0
15,1,0,0,1,0.05,21.42857143
1,1,0,0,1,0.0,10.0
1,1,0,0,1,0.0,10.0
280,1,0,0,1,0.93333333,1.07526882
8,1,0,0,1,0.02666667,42.85714286
42,1,0,0,1,0.14,7.31707317
14,1,0,0,1,0.04666667,23.07692308
234,1,0,0,1,0.78,1.28755365
17,1,0,0,1,0.05666667,18.75
159,1,0,0,1,0.53,1.89873418
155,1,0,0,1,0.51666667,1.94805195
1,1,0,0,1,0.0,10.0
17,1,0,0,1,0.05666667,18.75
1,1,0,0,1,0.0,10.0
69,1,0,0,1,0.23,4.41176471
1,1,0,0,1,0.0,10.0
193,1,0,0,1,0.64333333,1.5625
8,1,0,0,1,0.02666667,42.85714286
4,1,0,0,1,0.01333333,100.0
3,1,0,0,1,0.01,150.0
1,1,0,0,1,0.0,10.0
1,1,0,0,1,0.0,10.0
2,1,0,0,1,0.00666667,300.0
7,1,0,0,1,0.02333333,50.0
19,1,0,0,1,0.06333333,16.66666667
1,1,0,0,1,0.0,10.0
1,1,0,0,1,0.0,10.0
94,1,0,0,1,0.31333333,3.22580645
1,1,0,0,1,0.0,10.0
15,1,0,0,1,0.05,21.42857143
13,1,0,0,1,0.04333333,25.0
27,1,0,0,1,0.09,11.53846154
7,1,0,0,1,0.02333333,50.0
13,1,0,0,1,0.04333333,25.0
3,1,0,0,1,0.01,150.0
1,1,0,0,1,0.0,10.0
9,1,0,0,1,0.03,37.5
136,1,0,0,1,0.45333333,2.22222222
130,1,0,0,1,0.43333333,2.3255814
1,1,0,0,1,0.0,10.0
1,1,0,0,1,0.0,10.0
1,1,0,0,1,0.0,10.0
10,1,0,0,1,0.03333333,33.33333333
8,1,0,0,1,0.02666667,42.85714286
35,1,0,0,1,0.11666667,8.82352941
18,1,0,0,1,0.06,17.64705882
8,1,0,0,1,0.02666667,42.85714286
39,1,0,0,1,0.13,7.89473684
36,1,0,0,1,0.12,8.57142857
1,1,0,0,1,0.0,10.0
1,1,0,0,1,0.0,10.0
2,1,0,0,1,0.00666667,300.0
2,1,0,0,1,0.00666667,300.0
17,1,0,0,1,0.05666667,18.75
66,1,0,0,1,0.22,4.61538462
2,1,0,0,1,0.00666667,300.0
1,1,0,0,1,0.0,10.0
11,1,0,0,1,0.03666667,30.0
2,1,0,0,1,0.00666667,300.0
1,1,0,0,1,0.0,10.0
1,1,0,0,1,0.0,10.0
4,1,0,0,1,0.01333333,100.0
1,1,0,0,1,0.0,10.0
13,1,0,0,1,0.04333333,25.0
10,1,0,0,1,0.03333333,33.33333333
165,1,0,0,1,0.55,1.82926829
1,1,0,0,1,0.0,10.0
5,1,0,0,1,0.01666667,75.0
8,1,0,0,1,0.02666667,42.85714286
191,1,0,0,1,0.63666667,1.57894737
1,1,0,0,1,0.0,10.0
6,1,0,0,1,0.02,60.0
2,1,0,0,1,0.00666667,300.0
4,1,0,0,1,0.01333333,100.0
6,1,0,0,1,0.02,60.0
13,1,0,0,1,0.04333333,25.0
8,1,0,0,1,0.02666667,42.85714286
4,1,0,0,1,0.01333333,100.0
1,1,0,0,1,0.0,10.0
2,1,0,0,1,0.00666667,300.0
8,1,0,0,1,0.02666667,42.85714286
3,1,0,0,1,0.01,150.0
1,1,0,0,1,0.0,10.0
238,1,0,0,1,0.79333333,1.26582278
21,1,0,0,1,0.07,15.0
6,1,0,0,1,0.02,60.0
1,1,0,0,1,0.0,10.0
5,1,0,0,1,0.01666667,75.0
10,1,0,0,1,0.03333333,33.33333333
1,1,0,0,1,0.0,10.0
15,1,0,0,1,0.05,21.42857143
2,1,0,0,1,0.00666667,300.0
9,1,0,0,1,0.03,37.5
1,1,0,0,1,0.0,10.0
7,1,0,0,1,0.02333333,50.0
27,1,0,0,1,0.09,11.53846154
6,1,0,0,1,0.02,60.0
1,1,0,0,1,0.0,10.0
21,1,0,0,1,0.07,15.0
77,1,0,0,1,0.25666667,3.94736842
1,1,0,0,1,0.0,10.0
10,1,0,0,1,0.03333333,33.33333333
5,1,0,0,1,0.01666667,75.0
20,1,0,0,1,0.06666667,15.78947368
12,1,0,0,1,0.04,27.27272727
3,1,0,0,1,0.01,150.0
3,1,0,0,1,0.01,150.0
8,1,0,0,1,0.02666667,42.85714286
1,1,0,0,1,0.0,10.0
3,1,0,0,1,0.01,150.0
2,1,0,0,1,0.00666667,300.0
1,1,0,0,1,0.0,10.0
2,1,0,0,1,0.00666667,300.0
10,1,0,0,1,0.03333333,33.33333333
1,1,0,0,1,0.0,10.0
1,1,0,0,1,0.0,10.0
153,1,0,0,1,0.51,1.97368421
11,1,0,0,1,0.03666667,30.0
204,1,0,0,1,0.68,1.47783251
3,1,0,0,1,0.01,150.0
5,1,0,0,1,0.01666667,75.0
5,1,0,0,1,0.01666667,75.0
1,1,0,0,1,0.0,10.0
18,1,0,0,1,0.06,17.64705882
8,1,0,0,1,0.02666667,42.85714286
1,1,0,0,1,0.0,10.0
1,1,0,0,1,0.0,10.0
1,1,0,0,1,0.0,10.0
2,1,0,0,1,0.00666667,300.0
4,1,0,0,1,0.01333333,100.0
135,1,0,0,1,0.45,2.23880597
1,1,0,0,1,0.0,10.0
1,1,0,0,1,0.0,10.0
5,1,0,0,1,0.01666667,75.0
1,1,0,0,1,0.0,10.0
2,1,0,0,1,0.00666667,300.0
1,1,0,0,1,0.0,10.0
2,1,0,0,1,0.00666667,300.0
4,1,0,0,1,0.01333333,100.0
3,1,0,0,1,0.01,150.0
3,1,0,0,1,0.01,150.0
1,1,0,0,1,0.0,10.0
5,1,0,0,1,0.01666667,75.0
3,1,0,0,1,0.01,150.0
8,1,0,0,1,0.02666667,42.85714286
19,1,0,0,1,0.06333333,16.66666667
8,1,0,0,1,0.02666667,42.85714286
7,1,0,0,1,0.02333333,50.0
9,1,0,0,1,0.03,37.5
4,1,0,0,1,0.01333333,100.0
1,1,0,0,1,0.0,10.0
9,1,0,0,1,0.03,37.5
1,1,0,0,1,0.0,10.0
1,1,0,0,1,0.0,10.0
7,1,0,0,1,0.02333333,50.0
12,1,0,0,1,0.04,27.27272727
5,1,0,0,1,0.01666667,75.0
5,1,0,0,1,0.01666667,75.0
11,1,0,0,1,0.03666667,30.0
1,1,0,0,1,0.0,10.0
48,1,0,0,1,0.16,6.38297872
1,1,0,0,1,0.0,10.0
2,1,0,0,1,0.00666667,300.0
21,1,0,0,1,0.07,15.0
2,1,0,0,1,0.00666667,300.0
13,1,0,0,1,0.04333333,25.0
2,1,0,0,1,0.00666667,300.0
13,1,0,0,1,0.04333333,25.0
1,1,0,0,1,0.0,10.0
12,1,0,0,1,0.04,27.27272727
1,1,0,0,1,0.0,10.0
25,1,0,0,1,0.08333333,12.5
3,1,0,0,1,0.01,150.0
12,1,0,0,1,0.04,27.27272727
1,1,0,0,1,0.0,10.0
1,1,0,0,1,0.0,10.0
1,1,0,0,1,0.0,10.0
4,1,0,0,1,0.01333333,100.0
1,1,0,0,1,0.0,10.0
18,1,0,0,1,0.06,17.64705882
2,1,0,0,1,0.00666667,300.0
20,1,0,0,1,0.06666667,15.78947368
12,1,0,0,1,0.04,27.27272727
1,1,0,0,1,0.0,10.0
17,1,0,0,1,0.05666667,18.75
1,1,0,0,1,0.0,10.0
1,1,0,0,1,0.0,10.0
8,1,0,0,1,0.02666667,42.85714286
9,1,0,0,1,0.03,37.5
1,1,0,0,1,0.0,10.0
13,1,0,0,1,0.04333333,25.0
17,1,0,0,1,0.05666667,18.75
6,1,0,0,1,0.02,60.0
2,1,0,0,1,0.00666667,300.0
7,1,0,0,1,0.02333333,50.0
1,1,0,0,1,0.0,10.0
1,1,0,0,1,0.0,10.0
1,1,0,0,1,0.0,10.0
4,1,0,0,1,0.01333333,100.0
3,1,0,0,1,0.01,150.0
3,1,0,0,1,0.01,150.0
15,1,0,0,1,0.05,21.42857143
1,1,0,0,1,0.0,10.0
14,1,0,0,1,0.04666667,23.07692308
38,1,0,0,1,0.12666667,8.10810811
11,1,0,0,1,0.03666667,30.0
1,1,0,0,1,0.0,10.0
11,1,0,0,1,0.03666667,30.0
1,1,0,0,1,0.0,10.0
1,1,0,0,1,0.0,10.0
5,1,0,0,1,0.01666667,75.0
1,1,0,0,1,0.0,10.0
27,1,0,0,1,0.09,11.53846154
1,1,0,0,1,0.0,10.0
17,1,0,0,1,0.05666667,18.75
16,1,0,0,1,0.05333333,20.0
1,1,0,0,1,0.0,10.0
6,1,0,0,1,0.02,60.0
11,1,0,0,1,0.03666667,30.0
250,1,0,0,1,0.83333333,1.20481928
239,1,0,0,1,0.79666667,1.2605042
12,1,0,0,1,0.04,27.27272727
4,1,0,0,1,0.01333333,100.0
8,1,0,0,1,0.02666667,42.85714286
4,1,0,0,1,0.01333333,100.0
303,1,0,0,1,1.01,0.99337748
2,1,0,0,1,0.00666667,300.0
4,1,0,0,1,0.01333333,100.0
1,1,0,0,1,0.0,10.0
1,1,0,0,1,0.0,10.0
28,1,0,0,1,0.09333333,11.11111111
7,1,0,0,1,0.02333333,50.0
9,1,0,0,1,0.03,37.5
14,1,0,0,1,0.04666667,23.07692308
3,1,0,0,1,0.01,150.0
2,1,0,0,1,0.00666667,300.0
24,1,0,0,1,0.08,13.04347826
1,1,0,0,1,0.0,10.0
1,1,0,0,1,0.0,10.0
9,1,0,0,1,0.03,37.5
7,1,0,0,1,0.02333333,50.0
1,1,0,0,1,0.0,10.0
299,1,0,0,1,0.99666667,1.00671141
7,1,0,0,1,0.02333333,50.0
11,1,0,0,1,0.03666667,30.0
3,1,0,0,1,0.01,150.0
2,1,0,0,1,0.00666667,300.0
12,1,0,0,1,0.04,27.27272727
1,1,0,0,1,0.0,10.0
7,1,0,0,1,0.02333333,50.0
8,1,0,0,1,0.02666667,42.85714286
1,1,0,0,1,0.0,10.0
65,1,0,0,1,0.21666667,4.6875
1,1,0,0,1,0.0,10.0
7,1,0,0,1,0.02333333,50.0
1,1,0,0,1,0.0,10.0
7,1,0,0,1,0.02333333,50.0
13,1,0,0,1,0.04333333,25.0
2,1,0,0,1,0.00666667,300.0
1,1,0,0,1,0.0,10.0
1,1,0,0,1,0.0,10.0
7,1,0,0,1,0.02333333,50.0
26,1,0,0,1,0.08666667,12.0
1,1,0,0,1,0.0,10.0
2,1,0,0,1,0.00666667,300.0
2,1,0,0,1,0.00666667,300.0
8,1,0,0,1,0.02666667,42.85714286
2,1,0,0,1,0.00666667,300.0
7,1,0,0,1,0.02333333,50.0
1,1,0,0,1,0.0,10.0
8,1,0,0,1,0.02666667,42.85714286
15,1,0,0,1,0.05,21.42857143
1,1,0,0,1,0.0,10.0
1,1,0,0,1,0.0,10.0
1,1,0,0,1,0.0,10.0
1,1,0,0,1,0.0,10.0
1,1,0,0,1,0.0,10.0
3,1,0,0,1,0.01,150.0
17,1,0,0,1,0.05666667,18.75
24,1,0,0,1,0.08,13.04347826
106,1,0,0,1,0.35333333,2.85714286
6,1,0,0,1,0.02,60.0
1,1,0,0,1,0.0,10.0
1,1,0,0,1,0.0,10.0
11,1,0,0,1,0.03666667,30.0
7,1,0,0,1,0.02333333,50.0
1,1,0,0,1,0.0,10.0
224,1,0,0,1,0.74666667,1.34529148
25,1,0,0,1,0.08333333,12.5
1,1,0,0,1,0.0,10.0
1,1,0,0,1,0.0,10.0
1,1,0,0,1,0.0,10.0
1,1,0,0,1,0.0,10.0
147,1,0,0,1,0.49,2.05479452
33,1,0,0,1,0.11,9.375
10,1,0,0,1,0.03333333,33.33333333
18,1,0,0,1,0.06,17.64705882
9,1,0,0,1,0.03,37.5
28,1,0,0,1,0.09333333,11.11111111
2,1,0,0,1,0.00666667,300.0
12,1,0,0,1,0.04,27.27272727
2,1,0,0,1,0.00666667,300.0
13,1,0,0,1,0.04333333,25.0
2,1,0,0,1,0.00666667,300.0
2,1,0,0,1,0.00666667,300.0
5,1,0,0,1,0.01666667,75.0
27,1,0,0,1,0.09,11.53846154
5,1,0,0,1,0.01666667,75.0
6,1,0,0,1,0.02,60.0
1,1,0,0,1,0.0,10.0
290,1,0,0,1,0.96666667,1.03806228
1,1,0,0,1,0.0,10.0
1,1,0,0,1,0.0,10.0
1,1,0,0,1,0.0,10.0
1,1,0,0,1,0.0,10.0
11,1,0,0,1,0.03666667,30.0
134,1,0,0,1,0.44666667,2.2556391
12,1,0,0,1,0.04,27.27272727
10,1,0,0,1,0.03333333,33.33333333
6,1,0,0,1,0.02,60.0
2,1,0,0,1,0.00666667,300.0
33,1,0,0,1,0.11,9.375
1,1,0,0,1,0.0,10.0
12,1,0,0,1,0.04,27.27272727
1,1,0,0,1,0.0,10.0
180,1,0,0,1,0.6,1.67597765
26,1,0,0,1,0.08666667,12.0
1,1,0,0,1,0.0,10.0
5,1,0,0,1,0.01666667,75.0
39,1,0,0,1,0.13,7.89473684
1,1,0,0,1,0.0,10.0
2,1,0,0,1,0.00666667,300.0
9,1,0,0,1,0.03,37.5
3,1,0,0,1,0.01,150.0
6,1,0,0,1,0.02,60.0
5,1,0,0,1,0.01666667,75.0
265,1,0,0,1,0.88333333,1.13636364
277,1,0,0,1,0.92333333,1.08695652
152,1,0,0,1,0.50666667,1.98675497
20,1,0,0,1,0.06666667,15.78947368
2,1,0,0,1,0.00666667,300.0
1,1,0,0,1,0.0,10.0
1,1,0,0,1,0.0,10.0
1,1,0,0,1,0.0,10.0
2,1,0,0,1,0.00666667,300.0
39,1,0,0,1,0.13,7.89473684
74,1,0,0,1,0.24666667,4.10958904
3,1,0,0,1,0.01,150.0
1,1,0,0,1,0.0,10.0
1,1,0,0,1,0.0,10.0
19,1,0,0,1,0.06333333,16.66666667
2,1,0,0,1,0.00666667,300.0
1,1,0,0,1,0.0,10.0
18,1,0,0,1,0.06,17.64705882
74,1,0,0,1,0.24666667,4.10958904
1,1,0,0,1,0.0,10.0
9,1,0,0,1,0.03,37.5
9,1,0,0,1,0.03,37.5
1,1,0,0,1,0.0,10.0
8,1,0,0,1,0.02666667,42.85714286
7,1,0,0,1,0.02333333,50.0
40,1,0,0,1,0.13333333,7.69230769
2,1,0,0,1,0.00666667,300.0
4,1,0,0,1,0.01333333,100.0
2,1,0,0,1,0.00666667,300.0
1,1,0,0,1,0.0,10.0
3,1,0,0,1,0.01,150.0
4,1,0,0,1,0.01333333,100.0
14,1,0,0,1,0.04666667,23.07692308
1,1,0,0,1,0.0,10.0
19,1,0,0,1,0.06333333,16.66666667
19,1,0,0,1,0.06333333,16.66666667
1,1,0,0,1,0.0,10.0
8,1,0,0,1,0.02666667,42.85714286
1,1,0,0,1,0.0,10.0
11,1,0,0,1,0.03666667,30.0
1,1,0,0,1,0.0,10.0
2,1,0,0,1,0.00666667,300.0
236,1,0,0,1,0.78666667,1.27659574
6,1,0,0,1,0.02,60.0
1,1,0,0,1,0.0,10.0
1,1,0,0,1,0.0,10.0
8,1,0,0,1,0.02666667,42.85714286
74,1,0,0,1,0.24666667,4.10958904
1,1,0,0,1,0.0,10.0
6,1,0,0,1,0.02,60.0
1,1,0,0,1,0.0,10.0
4,1,0,0,1,0.01333333,100.0
28,1,0,0,1,0.09333333,11.11111111
1,1,0,0,1,0.0,10.0
1,1,0,0,1,0.0,10.0
1,1,0,0,1,0.0,10.0
1,1,0,0,1,0.0,10.0
2,1,0,0,1,0.00666667,300.0
4,1,0,0,1,0.01333333,100.0
13,1,0,0,1,0.04333333,25.0
1,1,0,0,1,0.0,10.0
8,1,0,0,1,0.02666667,42.85714286
1,1,0,0,1,0.0,10.0
188,1,0,0,1,0.62666667,1.60427807
4,1,0,0,1,0.01333333,100.0
13,1,0,0,1,0.04333333,25.0
2,1,0,0,1,0.00666667,300.0
201,1,0,0,1,0.67,1.5
6,1,0,0,1,0.02,60.0
5,1,0,0,1,0.01666667,75.0
9,1,0,0,1,0.03,37.5
1,1,0,0,1,0.0,10.0
6,1,0,0,1,0.02,60.0
25,1,0,0,1,0.08333333,12.5
7,1,0,0,1,0.02333333,50.0
11,1,0,0,1,0.03666667,30.0
23,1,0,0,1,0.07666667,13.63636364
75,1,0,0,1,0.25,4.05405405
18,1,0,0,1,0.06,17.64705882
1,1,0,0,1,0.0,10.0
29,1,0,0,1,0.09666667,10.71428571
9,1,0,0,1,0.03,37.5
3,1,0,0,1,0.01,150.0
5,1,0,0,1,0.01666667,75.0
7,1,0,0,1,0.02333333,50.0
7,1,0,0,1,0.02333333,50.0
118,1,0,0,1,0.39333333,2.56410256
9,1,0,0,1,0.03,37.5
2,1,0,0,1,0.00666667,300.0
1,1,0,0,1,0.0,10.0
11,1,0,0,1,0.03666667,30.0
1,1,0,0,1,0.0,10.0
9,1,0,0,1,0.03,37.5
1,1,0,0,1,0.0,10.0
9,1,0,0,1,0.03,37.5
77,1,0,0,1,0.25666667,3.94736842
1,1,0,0,1,0.0,10.0
1,1,0,0,1,0.0,10.0
34,1,0,0,1,0.11333333,9.09090909
2,1,0,0,1,0.00666667,300.0
34,1,0,0,1,0.11333333,9.09090909
8,1,0,0,1,0.02666667,42.85714286
1,1,0,0,1,0.0,10.0
2,1,0,0,1,0.00666667,300.0
5,1,0,0,1,0.01666667,75.0
6,1,0,0,1,0.02,60.0
1,1,0,0,1,0.0,10.0
2,1,0,0,1,0.00666667,300.0
1,1,0,0,1,0.0,10.0
1,1,0,0,1,0.0,10.0
4,1,0,0,1,0.01333333,100.0
111,1,0,0,1,0.37,2.72727273
6,1,0,0,1,0.02,60.0
1,1,0,0,1,0.0,10.0
1,1,0,0,1,0.0,10.0
3,1,0,0,1,0.01,150.0
1,1,0,0,1,0.0,10.0
192,1,0,0,1,0.64,1.57068063
22,1,0,0,1,0.07333333,14.28571429
1,1,0,0,1,0.0,10.0
7,1,0,0,1,0.02333333,50.0
74,1,0,0,1,0.24666667,4.10958904
10,1,0,0,1,0.03333333,33.33333333
1,1,0,0,1,0.0,10.0
71,1,0,0,1,0.23666667,4.28571429
1,1,0,0,1,0.0,10.0
11,1,0,0,1,0.03666667,30.0
1,1,0,0,1,0.0,10.0
166,1,0,0,1,0.55333333,1.81818182
2,1,0,0,1,0.00666667,300.0
2,1,0,0,1,0.00666667,300.0
24,1,0,0,1,0.08,13.04347826
21,1,0,0,1,0.07,15.0
1,1,0,0,1,0.0,10.0
5,1,0,0,1,0.01666667,75.0
9,1,0,0,1,0.03,37.5
4,1,0,0,1,0.01333333,100.0
5,1,0,0,1,0.01666667,75.0
68,1,0,0,1,0.22666667,4.47761194
209,1,0,0,1,0.69666667,1.44230769
12,1,0,0,1,0.04,27.27272727
8,1,0,0,1,0.02666667,42.85714286
1,1,0,0,1,0.0,10.0
13,1,0,0,1,0.04333333,25.0
11,1,0,0,1,0.03666667,30.0
5,1,0,0,1,0.01666667,75.0
8,1,0,0,1,0.02666667,42.85714286
10,1,0,0,1,0.03333333,33.33333333
23,1,0,0,1,0.07666667,13.63636364
1,1,0,0,1,0.0,10.0
6,1,0,0,1,0.02,60.0
1,1,0,0,1,0.0,10.0
7,1,0,0,1,0.02333333,50.0
2,1,0,0,1,0.00666667,300.0
1,1,0,0,1,0.0,10.0
153,1,0,0,1,0.51,1.97368421
2,1,0,0,1,0.00666667,300.0
15,1,0,0,1,0.05,21.42857143
3,1,0,0,1,0.01,150.0
17,1,0,0,1,0.05666667,18.75
1,1,0,0,1,0.0,10.0
2,1,0,0,1,0.00666667,300.0
2,1,0,0,1,0.00666667,300.0
13,1,0,0,1,0.04333333,25.0
14,1,0,0,1,0.04666667,23.07692308
7,1,0,0,1,0.02333333,50.0
11,1,0,0,1,0.03666667,30.0
5,1,0,0,1,0.01666667,75.0
2,1,0,0,1,0.00666667,300.0
11,1,0,0,1,0.03666667,30.0
7,1,0,0,1,0.02333333,50.0
12,1,0,0,1,0.04,27.27272727
2,1,0,0,1,0.00666667,300.0
1,1,0,0,1,0.0,10.0
1,1,0,0,1,0.0,10.0
1,1,0,0,1,0.0,10.0
46,1,0,0,1,0.15333333,6.66666667
1,1,0,0,1,0.0,10.0
3,1,0,0,1,0.01,150.0
11,1,0,0,1,0.03666667,30.0
1,1,0,0,1,0.0,10.0
27,1,0,0,1,0.09,11.53846154
1,1,0,0,1,0.0,10.0
8,1,0,0,1,0.02666667,42.85714286
1,1,0,0,1,0.0,10.0
9,1,0,0,1,0.03,37.5
13,1,0,0,1,0.04333333,25.0
1,1,0,0,1,0.0,10.0
4,1,0,0,1,0.01333333,100.0
1,1,0,0,1,0.0,10.0
1,1,0,0,1,0.0,10.0
11,1,0,0,1,0.03666667,30.0
10,1,0,0,1,0.03333333,33.33333333
145,1,0,0,1,0.48333333,2.08333333
1,1,0,0,1,0.0,10.0
18,1,0,0,1,0.06,17.64705882
6,1,0,0,1,0.02,60.0
1,1,0,0,1,0.0,10.0
10,1,0,0,1,0.03333333,33.33333333
24,1,0,0,1,0.08,13.04347826
7,1,0,0,1,0.02333333,50.0
44,1,0,0,1,0.14666667,6.97674419
184,1,0,0,1,0.61333333,1.63934426
1,1,0,0,1,0.0,10.0
17,1,0,0,1,0.05666667,18.75
1,1,0,0,1,0.0,10.0
1,1,0,0,1,0.0,10.0
1,1,0,0,1,0.0,10.0
1,1,0,0,1,0.0,10.0
1,1,0,0,1,0.0,10.0
1,1,0,0,1,0.0,10.0
10,1,0,0,1,0.03333333,33.33333333
24,1,0,0,1,0.08,13.04347826
2,1,0,0,1,0.00666667,300.0
45,1,0,0,1,0.15,6.81818182
2,1,0,0,1,0.00666667,300.0
16,1,0,0,1,0.05333333,20.0
7,1,0,0,1,0.02333333,50.0
1,1,0,0,1,0.0,10.0
1,1,0,0,1,0.0,10.0
1,1,0,0,1,0.0,10.0
1,1,0,0,1,0.0,10.0
1,1,0,0,1,0.0,10.0
3,1,0,0,1,0.01,150.0
1,1,0,0,1,0.0,10.0
29,1,0,0,1,0.09666667,10.71428571
11,1,0,0,1,0.03666667,30.0
237,1,0,0,1,0.79,1.27118644
7,1,0,0,1,0.02333333,50.0
1,1,0,0,1,0.0,10.0
18,1,0,0,1,0.06,17.64705882
4,1,0,0,1,0.01333333,100.0
1,1,0,0,1,0.0,10.0
2,1,0,0,1,0.00666667,300.0
1,1,0,0,1,0.0,10.0
20,1,0,0,1,0.06666667,15.78947368
1,1,0,0,1,0.0,10.0
132,1,0,0,1,0.44,2.29007634
5,1,0,0,1,0.01666667,75.0
5,1,0,0,1,0.01666667,75.0
201,1,0,0,1,0.67,1.5
27,1,0,0,1,0.09,11.53846154
6,1,0,0,1,0.02,60.0
211,1,0,0,1,0.70333333,1.42857143
5,1,0,0,1,0.01666667,75.0
1,1,0,0,1,0.0,10.0
2,1,0,0,1,0.00666667,300.0
1,1,0,0,1,0.0,10.0
12,1,0,0,1,0.04,27.27272727
1,1,0,0,1,0.0,10.0
3,1,0,0,1,0.01,150.0
1,1,0,0,1,0.0,10.0
1,1,0,0,1,0.0,10.0
5,1,0,0,1,0.01666667,75.0
1,1,0,0,1,0.0,10.0
92,1,0,0,1,0.30666667,3.2967033
3,1,0,0,1,0.01,150.0
1,1,0,0,1,0.0,10.0
13,1,0,0,1,0.04333333,25.0
11,1,0,0,1,0.03666667,30.0
2,1,0,0,1,0.00666667,300.0
10,1,0,0,1,0.03333333,33.33333333
2,1,0,0,1,0.00666667,300.0
12,1,0,0,1,0.04,27.27272727
5,1,0,0,1,0.01666667,75.0
7,1,0,0,1,0.02333333,50.0
9,1,0,0,1,0.03,37.5
2,1,0,0,1,0.00666667,300.0
1,1,0,0,1,0.0,10.0
7,1,0,0,1,0.02333333,50.0
9,1,0,0,1,0.03,37.5
6,1,0,0,1,0.02,60.0
1,1,0,0,1,0.0,10.0
1,1,0,0,1,0.0,10.0
2,1,0,0,1,0.00666667,300.0
265,1,0,0,1,0.88333333,1.13636364
1,1,0,0,1,0.0,10.0
1,1,0,0,1,0.0,10.0
2,1,0,0,1,0.00666667,300.0
4,1,0,0,1,0.01333333,100.0
18,1,0,0,1,0.06,17.64705882
18,1,0,0,1,0.06,17.64705882
4,1,0,0,1,0.01333333,100.0
5,1,0,0,1,0.01666667,75.0
1,1,0,0,1,0.0,10.0
1,1,0,0,1,0.0,10.0
8,1,0,0,1,0.02666667,42.85714286
7,1,0,0,1,0.02333333,50.0
1,1,0,0,1,0.0,10.0
1,1,0,0,1,0.0,10.0
1,1,0,0,1,0.0,10.0
129,1,0,0,1,0.43,2.34375
2,1,0,0,1,0.00666667,300.0
124,1,0,0,1,0.41333333,2.43902439
1,1,0,0,1,0.0,10.0
10,1,0,0,1,0.03333333,33.33333333
1,1,0,0,1,0.0,10.0
18,1,0,0,1,0.06,17.64705882
2,1,0,0,1,0.00666667,300.0
1,1,0,0,1,0.0,10.0
142,1,0,0,1,0.47333333,2.12765957
3,1,0,0,1,0.01,150.0
1,1,0,0,1,0.0,10.0
2,1,0,0,1,0.00666667,300.0
15,1,0,0,1,0.05,21.42857143
5,1,0,0,1,0.01666667,75.0
6,1,0,0,1,0.02,60.0
11,1,0,0,1,0.03666667,30.0
3,1,0,0,1,0.01,150.0
1,1,0,0,1,0.0,10.0
177,1,0,0,1,0.59,1.70454545
14,1,0,0,1,0.04666667,23.07692308
7,1,0,0,1,0.02333333,50.0
27,1,0,0,1,0.09,11.53846154
114,1,0,0,1,0.38,2.65486726
39,1,0,0,1,0.13,7.89473684
1,1,0,0,1,0.0,10.0
1,1,0,0,1,0.0,10.0
1,1,0,0,1,0.0,10.0
6,1,0,0,1,0.02,60.0
12,1,0,0,1,0.04,27.27272727
17,1,0,0,1,0.05666667,18.75
1,1,0,0,1,0.0,10.0
4,1,0,0,1,0.01333333,100.0
1,1,0,0,1,0.0,10.0
1,1,0,0,1,0.0,10.0
1,1,0,0,1,0.0,10.0
8,1,0,0,1,0.02666667,42.85714286
3,1,0,0,1,0.01,150.0
1,1,0,0,1,0.0,10.0
1,1,0,0,1,0.0,10.0
18,1,0,0,1,0.06,17.64705882
109,1,0,0,1,0.36333333,2.77777778
218,1,0,0,1,0.72666667,1.38248848
2,1,0,0,1,0.00666667,300.0
12,1,0,0,1,0.04,27.27272727
21,1,0,0,1,0.07,15.0
4,1,0,0,1,0.01333333,100.0
2,1,0,0,1,0.00666667,300.0
3,1,0,0,1,0.01,150.0
5,1,0,0,1,0.01666667,75.0
2,1,0,0,1,0.00666667,300.0
4,1,0,0,1,0.01333333,100.0
1,1,0,0,1,0.0,10.0
6,1,0,0,1,0.02,60.0
2,1,0,0,1,0.00666667,300.0
141,1,0,0,1,0.47,2.14285714
19,1,0,0,1,0.06333333,16.66666667
9,1,0,0,1,0.03,37.5
3,1,0,0,1,0.01,150.0
1,1,0,0,1,0.0,10.0
58,1,0,0,1,0.19333333,5.26315789
5,1,0,0,1,0.01666667,75.0
2,1,0,0,1,0.00666667,300.0
18,1,0,0,1,0.06,17.64705882
1,1,0,0,1,0.0,10.0
20,1,0,0,1,0.06666667,15.78947368
1,1,0,0,1,0.0,10.0
13,1,0,0,1,0.04333333,25.0
32,1,0,0,1,0.10666667,9.67741935
121,1,0,0,1,0.40333333,2.5
7,1,0,0,1,0.02333333,50.0
2,1,0,0,1,0.00666667,300.0
6,1,0,0,1,0.02,60.0
3,1,0,0,1,0.01,150.0
23,1,0,0,1,0.07666667,13.63636364
2,1,0,0,1,0.00666667,300.0
2,1,0,0,1,0.00666667,300.0
19,1,0,0,1,0.06333333,16.66666667
5,1,0,0,1,0.01666667,75.0
21,1,0,0,1,0.07,15.0
3,1,0,0,1,0.01,150.0
1,1,0,0,1,0.0,10.0
12,1,0,0,1,0.04,27.27272727
1,1,0,0,1,0.0,10.0
6,1,0,0,1,0.02,60.0
146,1,0,0,1,0.48666667,2.06896552
8,1,0,0,1,0.02666667,42.85714286
17,1,0,0,1,0.05666667,18.75
20,1,0,0,1,0.06666667,15.78947368
11,1,0,0,1,0.03666667,30.0
2,1,0,0,1,0.00666667,300.0
3,1,0,0,1,0.01,150.0
75,1,0,0,1,0.25,4.05405405
1,1,0,0,1,0.0,10.0
3,1,0,0,1,0.01,150.0
139,1,0,0,1,0.46333333,2.17391304
15,1,0,0,1,0.05,21.42857143
36,1,0,0,1,0.12,8.57142857
2,1,0,0,1,0.00666667,300.0
4,1,0,0,1,0.01333333,100.0
1,1,0,0,1,0.0,10.0
2,1,0,0,1,0.00666667,300.0
2,1,0,0,1,0.00666667,300.0
3,1,0,0,1,0.01,150.0
1,1,0,0,1,0.0,10.0
15,1,0,0,1,0.05,21.42857143
15,1,0,0,1,0.05,21.42857143
1,1,0,0,1,0.0,10.0
21,1,0,0,1,0.07,15.0
107,1,0,0,1,0.35666667,2.83018868
1,1,0,0,1,0.0,10.0
2,1,0,0,1,0.00666667,300.0
1,1,0,0,1,0.0,10.0
14,1,0,0,1,0.04666667,23.07692308
1,1,0,0,1,0.0,10.0
72,1,0,0,1,0.24,4.22535211
10,1,0,0,1,0.03333333,33.33333333
1,1,0,0,1,0.0,10.0
1,1,0,0,1,0.0,10.0
1,1,0,0,1,0.0,10.0
1,1,0,0,1,0.0,10.0
12,1,0,0,1,0.04,27.27272727
1,1,0,0,1,0.0,10.0
8,1,0,0,1,0.02666667,42.85714286
1,1,0,0,1,0.0,10.0
13,1,0,0,1,0.04333333,25.0
1,1,0,0,1,0.0,10.0
6,1,0,0,1,0.02,60.0
3,1,0,0,1,0.01,150.0
5,1,0,0,1,0.01666667,75.0
5,1,0,0,1,0.01666667,75.0
1,1,0,0,1,0.0,10.0
6,1,0,0,1,0.02,60.0
10,1,0,0,1,0.03333333,33.33333333
2,1,0,0,1,0.00666667,300.0
6,1,0,0,1,0.02,60.0
2,1,0,0,1,0.00666667,300.0
170,1,0,0,1,0.56666667,1.77514793
19,1,0,0,1,0.06333333,16.66666667
41,1,0,0,1,0.13666667,7.5
4,1,0,0,1,0.01333333,100.0
114,1,0,0,1,0.38,2.65486726
196,1,0,0,1,0.65333333,1.53846154
5,1,0,0,1,0.01666667,75.0
2,1,0,0,1,0.00666667,300.0
1,1,0,0,1,0.0,10.0
7,1,0,0,1,0.02333333,50.0
7,1,0,0,1,0.02333333,50.0
70,1,0,0,1,0.23333333,4.34782609
2,1,0,0,1,0.00666667,300.0
1,1,0,0,1,0.0,10.0
4,1,0,0,1,0.01333333,100.0
7,1,0,0,1,0.02333333,50.0
4,1,0,0,1,0.01333333,100.0
3,1,0,0,1,0.01,150.0
1,1,0,0,1,0.0,10.0
1,1,0,0,1,0.0,10.0
3,1,0,0,1,0.01,150.0
10,1,0,0,1,0.03333333,33.33333333
5,1,0,0,1,0.01666667,75.0
10,1,0,0,1,0.03333333,33.33333333
2,1,0,0,1,0.00666667,300.0
1,1,0,0,1,0.0,10.0
2,1,0,0,1,0.00666667,300.0
73,1,0,0,1,0.24333333,4.16666667
1,1,0,0,1,0.0,10.0
2,1,0,0,1,0.00666667,300.0
1,1,0,0,1,0.0,10.0
6,1,0,0,1,0.02,60.0
6,1,0,0,1,0.02,60.0
1,1,0,0,1,0.0,10.0
5,1,0,0,1,0.01666667,75.0
1,1,0,0,1,0.0,10.0
12,1,0,0,1,0.04,27.27272727
1,1,0,0,1,0.0,10.0
6,1,0,0,1,0.02,60.0
1,1,0,0,1,0.0,10.0
1,1,0,0,1,0.0,10.0
2,1,0,0,1,0.00666667,300.0
35,1,0,0,1,0.11666667,8.82352941
32,1,0,0,1,0.10666667,9.67741935
2,1,0,0,1,0.00666667,300.0
15,1,0,0,1,0.05,21.42857143
5,1,0,0,1,0.01666667,75.0
1,1,0,0,1,0.0,10.0
13,1,0,0,1,0.04333333,25.0
115,1,0,0,1,0.38333333,2.63157895
4,1,0,0,1,0.01333333,100.0
1,1,0,0,1,0.0,10.0
1,1,0,0,1,0.0,10.0
1,1,0,0,1,0.0,10.0
5,1,0,0,1,0.01666667,75.0
1,1,0,0,1,0.0,10.0
1,1,0,0,1,0.0,10.0
2,1,0,0,1,0.00666667,300.0
4,1,0,0,1,0.01333333,100.0
173,1,0,0,1,0.57666667,1.74418605
1,1,0,0,1,0.0,10.0
1,1,0,0,1,0.0,10.0
2,1,0,0,1,0.00666667,300.0
1,1,0,0,1,0.0,10.0
22,1,0,0,1,0.07333333,14.28571429
2,1,0,0,1,0.00666667,300.0
2,1,0,0,1,0.00666667,300.0
1,1,0,0,1,0.0,10.0
6,1,0,0,1,0.02,60.0
1,1,0,0,1,0.0,10.0
1,1,0,0,1,0.0,10.0
79,1,0,0,1,0.26333333,3.84615385
1,1,0,0,1,0.0,10.0
6,1,0,0,1,0.02,60.0
284,1,0,0,1,0.94666667,1.06007067
3,1,0,0,1,0.01,150.0
6,1,0,0,1,0.02,60.0
25,1,0,0,1,0.08333333,12.5
1,1,0,0,1,0.0,10.0
28,1,0,0,1,0.09333333,11.11111111
21,1,0,0,1,0.07,15.0
205,1,0,0,1,0.68333333,1.47058824
2,1,0,0,1,0.00666667,300.0
5,1,0,0,1,0.01666667,75.0
18,1,0,0,1,0.06,17.64705882
11,1,0,0,1,0.03666667,30.0
2,1,0,0,1,0.00666667,300.0
74,1,0,0,1,0.24666667,4.10958904
1,1,0,0,1,0.0,10.0
24,1,0,0,1,0.08,13.04347826
1,1,0,0,1,0.0,10.0
20,1,0,0,1,0.06666667,15.78947368
4,1,0,0,1,0.01333333,100.0
1,1,0,0,1,0.0,10.0
1,1,0,0,1,0.0,10.0
6,1,0,0,1,0.02,60.0
1,1,0,0,1,0.0,10.0
1,1,0,0,1,0.0,10.0
1,1,0,0,1,0.0,10.0
118,1,0,0,1,0.39333333,2.56410256
70,1,0,0,1,0.23333333,4.34782609
1,1,0,0,1,0.0,10.0
9,1,0,0,1,0.03,37.5
2,1,0,0,1,0.00666667,300.0
1,1,0,0,1,0.0,10.0
1,1,0,0,1,0.0,10.0
7,1,0,0,1,0.02333333,50.0
13,1,0,0,1,0.04333333,25.0
9,1,0,0,1,0.03,37.5
1,1,0,0,1,0.0,10.0
1,1,0,0,1,0.0,10.0
8,1,0,0,1,0.02666667,42.85714286
144,1,0,0,1,0.48,2.0979021
2,1,0,0,1,0.00666667,300.0
67,1,0,0,1,0.22333333,4.54545455
1,1,0,0,1,0.0,10.0
1,1,0,0,1,0.0,10.0
33,1,0,0,1,0.11,9.375
1,1,0,0,1,0.0,10.0
2,1,0,0,1,0.00666667,300.0
1,1,0,0,1,0.0,10.0
1,1,0,0,1,0.0,10.0
5,1,0,0,1,0.01666667,75.0
1,1,0,0,1,0.0,10.0
7,1,0,0,1,0.02333333,50.0
2,1,0,0,1,0.00666667,300.0
3,1,0,0,1,0.01,150.0
7,1,0,0,1,0.02333333,50.0
15,1,0,0,1,0.05,21.42857143
16,1,0,0,1,0.05333333,20.0
7,1,0,0,1,0.02333333,50.0
1,1,0,0,1,0.0,10.0
22,1,0,0,1,0.07333333,14.28571429
78,1,0,0,1,0.26,3.8961039
3,1,0,0,1,0.01,150.0
1,1,0,0,1,0.0,10.0
53,1,0,0,1,0.17666667,5.76923077
18,1,0,0,1,0.06,17.64705882
1,1,0,0,1,0.0,10.0
1,1,0,0,1,0.0,10.0
14,1,0,0,1,0.04666667,23.07692308
1,1,0,0,1,0.0,10.0
4,1,0,0,1,0.01333333,100.0
30,1,0,0,1,0.1,10.34482759
1,1,0,0,1,0.0,10.0
1,1,0,0,1,0.0,10.0
14,1,0,0,1,0.04666667,23.07692308
5,1,0,0,1,0.01666667,75.0
1,1,0,0,1,0.0,10.0
6,1,0,0,1,0.02,60.0
2,1,0,0,1,0.00666667,300.0
2,1,0,0,1,0.00666667,300.0
9,1,0,0,1,0.03,37.5
1,1,0,0,1,0.0,10.0
1,1,0,0,1,0.0,10.0
34,1,0,0,1,0.11333333,9.09090909
13,1,0,0,1,0.04333333,25.0
2,1,0,0,1,0.00666667,300.0
20,1,0,0,1,0.06666667,15.78947368
199,1,0,0,1,0.66333333,1.51515152
11,1,0,0,1,0.03666667,30.0
3,1,0,0,1,0.01,150.0
5,1,0,0,1,0.01666667,75.0
2,1,0,0,1,0.00666667,300.0
1,1,0,0,1,0.0,10.0
16,1,0,0,1,0.05333333,20.0
10,1,0,0,1,0.03333333,33.33333333
1,1,0,0,1,0.0,10.0
2,1,0,0,1,0.00666667,300.0
8,1,0,0,1,0.02666667,42.85714286
1,1,0,0,1,0.0,10.0
2,1,0,0,1,0.00666667,300.0
9,1,0,0,1,0.03,37.5
1,1,0,0,1,0.0,10.0
11,1,0,0,1,0.03666667,30.0
1,1,0,0,1,0.0,10.0
18,1,0,0,1,0.06,17.64705882
126,1,0,0,1,0.42,2.4
4,1,0,0,1,0.01333333,100.0
13,1,0,0,1,0.04333333,25.0
1,1,0,0,1,0.0,10.0
5,1,0,0,1,0.01666667,75.0
22,1,0,0,1,0.07333333,14.28571429
18,1,0,0,1,0.06,17.64705882
5,1,0,0,1,0.01666667,75.0
197,1,0,0,1,0.65666667,1.53061224
2,1,0,0,1,0.00666667,300.0
1,1,0,0,1,0.0,10.0
1,1,0,0,1,0.0,10.0
9,1,0,0,1,0.03,37.5
1,1,0,0,1,0.0,10.0
7,1,0,0,1,0.02333333,50.0
497,1,0,0,1,1.65666667,0.60483871
3,1,0,0,1,0.01,150.0
9,1,0,0,1,0.03,37.5
2,1,0,0,1,0.00666667,300.0
14,1,0,0,1,0.04666667,23.07692308
273,1,0,0,1,0.91,1.10294118
1,1,0,0,1,0.0,10.0
3,1,0,0,1,0.01,150.0
1,1,0,0,1,0.0,10.0
111,1,0,0,1,0.37,2.72727273
3,1,0,0,1,0.01,150.0
11,1,0,0,1,0.03666667,30.0
9,1,0,0,1,0.03,37.5
261,1,0,0,1,0.87,1.15384615
1,1,0,0,1,0.0,10.0
1,1,0,0,1,0.0,10.0
4,1,0,0,1,0.01333333,100.0
261,1,0,0,1,0.87,1.15384615
440,1,0,0,1,1.46666667,0.6833713
2,1,0,0,1,0.00666667,300.0
4,1,0,0,1,0.01333333,100.0
3,1,0,0,1,0.01,150.0
68,1,0,0,1,0.22666667,4.47761194
39,1,0,0,1,0.13,7.89473684
305,1,0,0,1,1.01666667,0.98684211
1,1,0,0,1,0.0,10.0
25,1,0,0,1,0.08333333,12.5
2,1,0,0,1,0.00666667,300.0
3,1,0,0,1,0.01,150.0
2,1,0,0,1,0.00666667,300.0
94,1,0,0,1,0.31333333,3.22580645
1,1,0,0,1,0.0,10.0
15,1,0,0,1,0.05,21.42857143
110,1,0,0,1,0.36666667,2.75229358
14,1,0,0,1,0.04666667,23.07692308
4,1,0,0,1,0.01333333,100.0
1,1,0,0,1,0.0,10.0
15,1,0,0,1,0.05,21.42857143
25,1,0,0,1,0.08333333,12.5
147,1,0,0,1,0.49,2.05479452
13,1,0,0,1,0.04333333,25.0
5,1,0,0,1,0.01666667,75.0
91,1,0,0,1,0.30333333,3.33333333
1,1,0,0,1,0.0,10.0
6,1,0,0,1,0.02,60.0
6,1,0,0,1,0.02,60.0
348,1,0,0,1,1.16,0.86455331
1,1,0,0,1,0.0,10.0
5,1,0,0,1,0.01666667,75.0
229,1,0,0,1,0.76333333,1.31578947
1,1,0,0,1,0.0,10.0
1,1,0,0,1,0.0,10.0
1,1,0,0,1,0.0,10.0
5,1,0,0,1,0.01666667,75.0
5,1,0,0,1,0.01666667,75.0
2,1,0,0,1,0.00666667,300.0
4,1,0,0,1,0.01333333,100.0
10,1,0,0,1,0.03333333,33.33333333
6,1,0,0,1,0.02,60.0
5,1,0,0,1,0.01666667,75.0
1,1,0,0,1,0.0,10.0
5,1,0,0,1,0.01666667,75.0
3,1,0,0,1,0.01,150.0
13,1,0,0,1,0.04333333,25.0
1,1,0,0,1,0.0,10.0
14,1,0,0,1,0.04666667,23.07692308
19,1,0,0,1,0.06333333,16.66666667
34,1,0,0,1,0.11333333,9.09090909
3,1,0,0,1,0.01,150.0
1,1,0,0,1,0.0,10.0
13,1,0,0,1,0.04333333,25.0
12,1,0,0,1,0.04,27.27272727
1,1,0,0,1,0.0,10.0
1,1,0,0,1,0.0,10.0
171,1,0,0,1,0.57,1.76470588
11,1,0,0,1,0.03666667,30.0
2,1,0,0,1,0.00666667,300.0
2,1,0,0,1,0.00666667,300.0
141,1,0,0,1,0.47,2.14285714
91,1,0,0,1,0.30333333,3.33333333
5,1,0,0,1,0.01666667,75.0
2,1,0,0,1,0.00666667,300.0
1,1,0,0,1,0.0,10.0
182,1,0,0,1,0.60666667,1.65745856
17,1,0,0,1,0.05666667,18.75
2,1,0,0,1,0.00666667,300.0
9,1,0,0,1,0.03,37.5
1,1,0,0,1,0.0,10.0
176,1,0,0,1,0.58666667,1.71428571
14,1,0,0,1,0.04666667,23.07692308
1,1,0,0,1,0.0,10.0
6,1,0,0,1,0.02,60.0
8,1,0,0,1,0.02666667,42.85714286
1,1,0,0,1,0.0,10.0
1,1,0,0,1,0.0,10.0
21,1,0,0,1,0.07,15.0
1,1,0,0,1,0.0,10.0
1,1,0,0,1,0.0,10.0
2,1,0,0,1,0.00666667,300.0
141,1,0,0,1,0.47,2.14285714
15,1,0,0,1,0.05,21.42857143
12,1,0,0,1,0.04,27.27272727
6,1,0,0,1,0.02,60.0
1,1,0,0,1,0.0,10.0
1,1,0,0,1,0.0,10.0
5,1,0,0,1,0.01666667,75.0
251,1,0,0,1,0.83666667,1.2
74,1,0,0,1,0.24666667,4.10958904
16,1,0,0,1,0.05333333,20.0
2,1,0,0,1,0.00666667,300.0
142,1,0,0,1,0.47333333,2.12765957
44,1,0,0,1,0.14666667,6.97674419
176,1,0,0,1,0.58666667,1.71428571
6,1,0,0,1,0.02,60.0
24,1,0,0,1,0.08,13.04347826
8,1,0,0,1,0.02666667,42.85714286
171,1,0,0,1,0.57,1.76470588
1,1,0,0,1,0.0,10.0
178,1,0,0,1,0.59333333,1.69491525
8,1,0,0,1,0.02666667,42.85714286
1,1,0,0,1,0.0,10.0
1,1,0,0,1,0.0,10.0
133,1,0,0,1,0.44333333,2.27272727
7,1,0,0,1,0.02333333,50.0
11,1,0,0,1,0.03666667,30.0
16,1,0,0,1,0.05333333,20.0
137,1,0,0,1,0.45666667,2.20588235
3,1,0,0,1,0.01,150.0
3,1,0,0,1,0.01,150.0
9,1,0,0,1,0.03,37.5
1,1,0,0,1,0.0,10.0
5,1,0,0,1,0.01666667,75.0
25,1,0,0,1,0.08333333,12.5
9,1,0,0,1,0.03,37.5
4,1,0,0,1,0.01333333,100.0
2,1,0,0,1,0.00666667,300.0
3,1,0,0,1,0.01,150.0
1,1,0,0,1,0.0,10.0
1,1,0,0,1,0.0,10.0
222,1,0,0,1,0.74,1.35746606
23,1,0,0,1,0.07666667,13.63636364
5,1,0,0,1,0.01666667,75.0
18,1,0,0,1,0.06,17.64705882
2,1,0,0,1,0.00666667,300.0
18,1,0,0,1,0.06,17.64705882
11,1,0,0,1,0.03666667,30.0
3,1,0,0,1,0.01,150.0
1,1,0,0,1,0.0,10.0
3,1,0,0,1,0.01,150.0
156,1,0,0,1,0.52,1.93548387
2,1,0,0,1,0.00666667,300.0
3,1,0,0,1,0.01,150.0
2,1,0,0,1,0.00666667,300.0
5,1,0,0,1,0.01666667,75.0
28,1,0,0,1,0.09333333,11.11111111
16,1,0,0,1,0.05333333,20.0
1,1,0,0,1,0.0,10.0
13,1,0,0,1,0.04333333,25.0
9,1,0,0,1,0.03,37.5
3,1,0,0,1,0.01,150.0
42,1,0,0,1,0.14,7.31707317
95,1,0,0,1,0.31666667,3.19148936
1,1,0,0,1,0.0,10.0
52,1,0,0,1,0.17333333,5.88235294
28,1,0,0,1,0.09333333,11.11111111
1,1,0,0,1,0.0,10.0
1,1,0,0,1,0.0,10.0
403,1,0,0,1,1.34333333,0.74626866
9,1,0,0,1,0.03,37.5
5,1,0,0,1,0.01666667,75.0
273,1,0,0,1,0.91,1.10294118
1,1,0,0,1,0.0,10.0
2,1,0,0,1,0.00666667,300.0
2,1,0,0,1,0.00666667,300.0
5,1,0,0,1,0.01666667,75.0
1,1,0,0,1,0.0,10.0
20,1,0,0,1,0.06666667,15.78947368
5,1,0,0,1,0.01666667,75.0
23,1,0,0,1,0.07666667,13.63636364
1,1,0,0,1,0.0,10.0
1,1,0,0,1,0.0,10.0
10,1,0,0,1,0.03333333,33.33333333
11,1,0,0,1,0.03666667,30.0
15,1,0,0,1,0.05,21.42857143
113,1,0,0,1,0.37666667,2.67857143
2,1,0,0,1,0.00666667,300.0
3,1,0,0,1,0.01,150.0
8,1,0,0,1,0.02666667,42.85714286
9,1,0,0,1,0.03,37.5
1,1,0,0,1,0.0,10.0
19,1,0,0,1,0.06333333,16.66666667
5,1,0,0,1,0.01666667,75.0
5,1,0,0,1,0.01666667,75.0
304,1,0,0,1,1.01333333,0.99009901
30,1,0,0,1,0.1,10.34482759
1,1,0,0,1,0.0,10.0
3,1,0,0,1,0.01,150.0
7,1,0,0,1,0.02333333,50.0
65,1,0,0,1,0.21666667,4.6875
1,1,0,0,1,0.0,10.0
7,1,0,0,1,0.02333333,50.0
140,1,0,0,1,0.46666667,2.15827338
1,1,0,0,1,0.0,10.0
1,1,0,0,1,0.0,10.0
1,1,0,0,1,0.0,10.0
3,1,0,0,1,0.01,150.0
2,1,0,0,1,0.00666667,300.0
104,1,0,0,1,0.34666667,2.91262136
1,1,0,0,1,0.0,10.0
25,1,0,0,1,0.08333333,12.5
1,1,0,0,1,0.0,10.0
1,1,0,0,1,0.0,10.0
1,1,0,0,1,0.0,10.0
8,1,0,0,1,0.02666667,42.85714286
71,1,0,0,1,0.23666667,4.28571429
1,1,0,0,1,0.0,10.0
13,1,0,0,1,0.04333333,25.0
4,1,0,0,1,0.01333333,100.0
12,1,0,0,1,0.04,27.27272727
5,1,0,0,1,0.01666667,75.0
107,1,0,0,1,0.35666667,2.83018868
1,1,0,0,1,0.0,10.0
1,1,0,0,1,0.0,10.0
1,1,0,0,1,0.0,10.0
68,1,0,0,1,0.22666667,4.47761194
1,1,0,0,1,0.0,10.0
1,1,0,0,1,0.0,10.0
29,1,0,0,1,0.09666667,10.71428571
205,1,0,0,1,0.68333333,1.47058824
1,1,0,0,1,0.0,10.0
417,1,0,0,1,1.39,0.72115385
5,1,0,0,1,0.01666667,75.0
311,1,0,0,1,1.03666667,0.96774194
123,1,0,0,1,0.41,2.45901639
10,1,0,0,1,0.03333333,33.33333333
7,1,0,0,1,0.02333333,50.0
18,1,0,0,1,0.06,17.64705882
1,1,0,0,1,0.0,10.0
131,1,0,0,1,0.43666667,2.30769231
2,1,0,0,1,0.00666667,300.0
5,1,0,0,1,0.01666667,75.0
16,1,0,0,1,0.05333333,20.0
26,1,0,0,1,0.08666667,12.0
2,1,0,0,1,0.00666667,300.0
18,1,0,0,1,0.06,17.64705882
34,1,0,0,1,0.11333333,9.09090909
7,1,0,0,1,0.02333333,50.0
9,1,0,0,1,0.03,37.5
1,1,0,0,1,0.0,10.0
1,1,0,0,1,0.0,10.0
126,1,0,0,1,0.42,2.4
1,1,0,0,1,0.0,10.0
13,1,0,0,1,0.04333333,25.0
1,1,0,0,1,0.0,10.0
20,1,0,0,1,0.06666667,15.78947368
14,1,0,0,1,0.04666667,23.07692308
2,1,0,0,1,0.00666667,300.0
1,1,0,0,1,0.0,10.0
1,1,0,0,1,0.0,10.0
9,1,0,0,1,0.03,37.5
3,1,0,0,1,0.01,150.0
6,1,0,0,1,0.02,60.0
9,1,0,0,1,0.03,37.5
40,1,0,0,1,0.13333333,7.69230769
1,1,0,0,1,0.0,10.0
1,1,0,0,1,0.0,10.0
1,1,0,0,1,0.0,10.0
1,1,0,0,1,0.0,10.0
1,1,0,0,1,0.0,10.0
1,1,0,0,1,0.0,10.0
1,1,0,0,1,0.0,10.0
1,1,0,0,1,0.0,10.0
6,1,0,0,1,0.02,60.0
1,1,0,0,1,0.0,10.0
1,1,0,0,1,0.0,10.0
10,1,0,0,1,0.03333333,33.33333333
3,1,0,0,1,0.01,150.0
1,1,0,0,1,0.0,10.0
49,1,0,0,1,0.16333333,6.25
1,1,0,0,1,0.0,10.0
1,1,0,0,1,0.0,10.0
8,1,0,0,1,0.02666667,42.85714286
105,1,0,0,1,0.35,2.88461538
114,1,0,0,1,0.38,2.65486726
24,1,0,0,1,0.08,13.04347826
9,1,0,0,1,0.03,37.5
13,1,0,0,1,0.04333333,25.0
3,1,0,0,1,0.01,150.0
34,1,0,0,1,0.11333333,9.09090909
1,1,0,0,1,0.0,10.0
2,1,0,0,1,0.00666667,300.0
1,1,0,0,1,0.0,10.0
5,1,0,0,1,0.01666667,75.0
4,1,0,0,1,0.01333333,100.0
118,1,0,0,1,0.39333333,2.56410256
1,1,0,0,1,0.0,10.0
12,1,0,0,1,0.04,27.27272727
1,1,0,0,1,0.0,10.0
106,1,0,0,1,0.35333333,2.85714286
15,1,0,0,1,0.05,21.42857143
1,1,0,0,1,0.0,10.0
1,1,0,0,1,0.0,10.0
148,1,0,0,1,0.49333333,2.04081633
13,1,0,0,1,0.04333333,25.0
1,1,0,0,1,0.0,10.0
9,1,0,0,1,0.03,37.5
3,1,0,0,1,0.01,150.0
17,1,0,0,1,0.05666667,18.75
1,1,0,0,1,0.0,10.0
1,1,0,0,1,0.0,10.0
5,1,0,0,1,0.01666667,75.0
1,1,0,0,1,0.0,10.0
4,1,0,0,1,0.01333333,100.0
2,1,0,0,1,0.00666667,300.0
204,1,0,0,1,0.68,1.47783251
2,1,0,0,1,0.00666667,300.0
29,1,0,0,1,0.09666667,10.71428571
1,1,0,0,1,0.0,10.0
22,1,0,0,1,0.07333333,14.28571429
16,1,0,0,1,0.05333333,20.0
5,1,0,0,1,0.01666667,75.0
20,1,0,0,1,0.06666667,15.78947368
1,1,0,0,1,0.0,10.0
138,1,0,0,1,0.46,2.18978102
10,1,0,0,1,0.03333333,33.33333333
11,1,0,0,1,0.03666667,30.0
1,1,0,0,1,0.0,10.0
2,1,0,0,1,0.00666667,300.0
2,1,0,0,1,0.00666667,300.0
2,1,0,0,1,0.00666667,300.0
1,1,0,0,1,0.0,10.0
9,1,0,0,1,0.03,37.5
4,1,0,0,1,0.01333333,100.0
1,1,0,0,1,0.0,10.0
1,1,0,0,1,0.0,10.0
1,1,0,0,1,0.0,10.0
10,1,0,0,1,0.03333333,33.33333333
16,1,0,0,1,0.05333333,20.0
8,1,0,0,1,0.02666667,42.85714286
261,1,0,0,1,0.87,1.15384615
12,1,0,0,1,0.04,27.27272727
14,1,0,0,1,0.04666667,23.07692308
1,1,0,0,1,0.0,10.0
22,1,0,0,1,0.07333333,14.28571429
10,1,0,0,1,0.03333333,33.33333333
5,1,0,0,1,0.01666667,75.0
17,1,0,0,1,0.05666667,18.75
11,1,0,0,1,0.03666667,30.0
2,1,0,0,1,0.00666667,300.0
1,1,0,0,1,0.0,10.0
11,1,0,0,1,0.03666667,30.0
20,1,0,0,1,0.06666667,15.78947368
13,1,0,0,1,0.04333333,25.0
14,1,0,0,1,0.04666667,23.07692308
1,1,0,0,1,0.0,10.0
1,1,0,0,1,0.0,10.0
11,1,0,0,1,0.03666667,30.0
2,1,0,0,1,0.00666667,300.0
1,1,0,0,1,0.0,10.0
1,1,0,0,1,0.0,10.0
2,1,0,0,1,0.00666667,300.0
2,1,0,0,1,0.00666667,300.0
13,1,0,0,1,0.04333333,25.0
1,1,0,0,1,0.0,10.0
15,1,0,0,1,0.05,21.42857143
1,1,0,0,1,0.0,10.0
1,1,0,0,1,0.0,10.0
2,1,0,0,1,0.00666667,300.0
23,1,0,0,1,0.07666667,13.63636364
1,1,0,0,1,0.0,10.0
114,1,0,0,1,0.38,2.65486726
13,1,0,0,1,0.04333333,25.0
31,1,0,0,1,0.10333333,10.0
1,1,0,0,1,0.0,10.0
1,1,0,0,1,0.0,10.0
11,1,0,0,1,0.03666667,30.0
241,1,0,0,1,0.80333333,1.25
1,1,0,0,1,0.0,10.0
5,1,0,0,1,0.01666667,75.0
12,1,0,0,1,0.04,27.27272727
4,1,0,0,1,0.01333333,100.0
5,1,0,0,1,0.01666667,75.0
5,1,0,0,1,0.01666667,75.0
1,1,0,0,1,0.0,10.0
4,1,0,0,1,0.01333333,100.0
1,1,0,0,1,0.0,10.0
3,1,0,0,1,0.01,150.0
6,1,0,0,1,0.02,60.0
2,1,0,0,1,0.00666667,300.0
1,1,0,0,1,0.0,10.0
18,1,0,0,1,0.06,17.64705882
16,1,0,0,1,0.05333333,20.0
3,1,0,0,1,0.01,150.0
18,1,0,0,1,0.06,17.64705882
2,1,0,0,1,0.00666667,300.0
2,1,0,0,1,0.00666667,300.0
1,1,0,0,1,0.0,10.0
1,1,0,0,1,0.0,10.0
2,1,0,0,1,0.00666667,300.0
8,1,0,0,1,0.02666667,42.85714286
5,1,0,0,1,0.01666667,75.0
1,1,0,0,1,0.0,10.0
1,1,0,0,1,0.0,10.0
11,1,0,0,1,0.03666667,30.0
117,1,0,0,1,0.39,2.5862069
1,1,0,0,1,0.0,10.0
3,1,0,0,1,0.01,150.0
14,1,0,0,1,0.04666667,23.07692308
1,1,0,0,1,0.0,10.0
7,1,0,0,1,0.02333333,50.0
5,1,0,0,1,0.01666667,75.0
114,1,0,0,1,0.38,2.65486726
3,1,0,0,1,0.01,150.0
7,1,0,0,1,0.02333333,50.0
1,1,0,0,1,0.0,10.0
3,1,0,0,1,0.01,150.0
1,1,0,0,1,0.0,10.0
4,1,0,0,1,0.01333333,100.0
1,1,0,0,1,0.0,10.0
9,1,0,0,1,0.03,37.5
1,1,0,0,1,0.0,10.0
206,1,0,0,1,0.68666667,1.46341463
1,1,0,0,1,0.0,10.0
286,1,0,0,1,0.95333333,1.05263158
119,1,0,0,1,0.39666667,2.54237288
14,1,0,0,1,0.04666667,23.07692308
89,1,0,0,1,0.29666667,3.40909091
92,1,0,0,1,0.30666667,3.2967033
12,1,0,0,1,0.04,27.27272727
14,1,0,0,1,0.04666667,23.07692308
1,1,0,0,1,0.0,10.0
87,1,0,0,1,0.29,3.48837209
1,1,0,0,1,0.0,10.0
2,1,0,0,1,0.00666667,300.0
2,1,0,0,1,0.00666667,300.0
18,1,0,0,1,0.06,17.64705882
1,1,0,0,1,0.0,10.0
17,1,0,0,1,0.05666667,18.75
2,1,0,0,1,0.00666667,300.0
20,1,0,0,1,0.06666667,15.78947368
5,1,0,0,1,0.01666667,75.0
1,1,0,0,1,0.0,10.0
2,1,0,0,1,0.00666667,300.0
1,1,0,0,1,0.0,10.0
1,1,0,0,1,0.0,10.0
4,1,0,0,1,0.01333333,100.0
29,1,0,0,1,0.09666667,10.71428571
2,1,0,0,1,0.00666667,300.0
5,1,0,0,1,0.01666667,75.0
3,1,0,0,1,0.01,150.0
5,1,0,0,1,0.01666667,75.0
12,1,0,0,1,0.04,27.27272727
7,1,0,0,1,0.02333333,50.0
1,1,0,0,1,0.0,10.0
5,1,0,0,1,0.01666667,75.0
21,1,0,0,1,0.07,15.0
13,1,0,0,1,0.04333333,25.0
104,1,0,0,1,0.34666667,2.91262136
2,1,0,0,1,0.00666667,300.0
5,1,0,0,1,0.01666667,75.0
1,1,0,0,1,0.0,10.0
4,1,0,0,1,0.01333333,100.0
1,1,0,0,1,0.0,10.0
250,1,0,0,1,0.83333333,1.20481928
1,1,0,0,1,0.0,10.0
22,1,0,0,1,0.07333333,14.28571429
4,1,0,0,1,0.01333333,100.0
203,1,0,0,1,0.67666667,1.48514851
3,1,0,0,1,0.01,150.0
2,1,0,0,1,0.00666667,300.0
20,1,0,0,1,0.06666667,15.78947368
1,1,0,0,1,0.0,10.0
8,1,0,0,1,0.02666667,42.85714286
1,1,0,0,1,0.0,10.0
139,1,0,0,1,0.46333333,2.17391304
1,1,0,0,1,0.0,10.0
1,1,0,0,1,0.0,10.0
61,1,0,0,1,0.20333333,5.0
10,1,0,0,1,0.03333333,33.33333333
1,1,0,0,1,0.0,10.0
16,1,0,0,1,0.05333333,20.0
2,1,0,0,1,0.00666667,300.0
28,1,0,0,1,0.09333333,11.11111111
1,1,0,0,1,0.0,10.0
1,1,0,0,1,0.0,10.0
30,1,0,0,1,0.1,10.34482759
1,1,0,0,1,0.0,10.0
2,1,0,0,1,0.00666667,300.0
6,1,0,0,1,0.02,60.0
3,1,0,0,1,0.01,150.0
1,1,0,0,1,0.0,10.0
16,1,0,0,1,0.05333333,20.0
1,1,0,0,1,0.0,10.0
24,1,0,0,1,0.08,13.04347826
1,1,0,0,1,0.0,10.0
41,1,0,0,1,0.13666667,7.5
24,1,0,0,1,0.08,13.04347826
3,1,0,0,1,0.01,150.0
12,1,0,0,1,0.04,27.27272727
1,1,0,0,1,0.0,10.0
14,1,0,0,1,0.04666667,23.07692308
2,1,0,0,1,0.00666667,300.0
1,1,0,0,1,0.0,10.0
1,1,0,0,1,0.0,10.0
7,1,0,0,1,0.02333333,50.0
1,1,0,0,1,0.0,10.0
9,1,0,0,1,0.03,37.5
4,1,0,0,1,0.01333333,100.0
1,1,0,0,1,0.0,10.0
5,1,0,0,1,0.01666667,75.0
32,1,0,0,1,0.10666667,9.67741935
1,1,0,0,1,0.0,10.0
1,1,0,0,1,0.0,10.0
1,1,0,0,1,0.0,10.0
2,1,0,0,1,0.00666667,300.0
2,1,0,0,1,0.00666667,300.0
1,1,0,0,1,0.0,10.0
6,1,0,0,1,0.02,60.0
1,1,0,0,1,0.0,10.0
7,1,0,0,1,0.02333333,50.0
65,1,0,0,1,0.21666667,4.6875
1,1,0,0,1,0.0,10.0
2,1,0,0,1,0.00666667,300.0
80,1,0,0,1,0.26666667,3.79746835
1,1,0,0,1,0.0,10.0
9,1,0,0,1,0.03,37.5
12,1,0,0,1,0.04,27.27272727
29,1,0,0,1,0.09666667,10.71428571
1,1,0,0,1,0.0,10.0
15,1,0,0,1,0.05,21.42857143
3,1,0,0,1,0.01,150.0
133,1,0,0,1,0.44333333,2.27272727
8,1,0,0,1,0.02666667,42.85714286
2,1,0,0,1,0.00666667,300.0
6,1,0,0,1,0.02,60.0
10,1,0,0,1,0.03333333,33.33333333
23,1,0,0,1,0.07666667,13.63636364
7,1,0,0,1,0.02333333,50.0
1,1,0,0,1,0.0,10.0
188,1,0,0,1,0.62666667,1.60427807
1,1,0,0,1,0.0,10.0
1,1,0,0,1,0.0,10.0
1,1,0,0,1,0.0,10.0
6,1,0,0,1,0.02,60.0
4,1,0,0,1,0.01333333,100.0
4,1,0,0,1,0.01333333,100.0
2,1,0,0,1,0.00666667,300.0
1,1,0,0,1,0.0,10.0
4,1,0,0,1,0.01333333,100.0
23,1,0,0,1,0.07666667,13.63636364
1,1,0,0,1,0.0,10.0
20,1,0,0,1,0.06666667,15.78947368
10,1,0,0,1,0.03333333,33.33333333
10,1,0,0,1,0.03333333,33.33333333
1,1,0,0,1,0.0,10.0
2,1,0,0,1,0.00666667,300.0
3,1,0,0,1,0.01,150.0
2,1,0,0,1,0.00666667,300.0
1,1,0,0,1,0.0,10.0
1,1,0,0,1,0.0,10.0
156,1,0,0,1,0.52,1.93548387
1,1,0,0,1,0.0,10.0
31,1,0,0,1,0.10333333,10.0
1,1,0,0,1,0.0,10.0
2,1,0,0,1,0.00666667,300.0
246,1,0,0,1,0.82,1.2244898
1,1,0,0,1,0.0,10.0
12,1,0,0,1,0.04,27.27272727
6,1,0,0,1,0.02,60.0
7,1,0,0,1,0.02333333,50.0
1,1,0,0,1,0.0,10.0
4,1,0,0,1,0.01333333,100.0
6,1,0,0,1,0.02,60.0
191,1,0,0,1,0.63666667,1.57894737
1,1,0,0,1,0.0,10.0
1,1,0,0,1,0.0,10.0
1,1,0,0,1,0.0,10.0
3,1,0,0,1,0.01,150.0
306,1,0,0,1,1.02,0.98360656
17,1,0,0,1,0.05666667,18.75
13,1,0,0,1,0.04333333,25.0
296,1,0,0,1,0.98666667,1.01694915
5,1,0,0,1,0.01666667,75.0
3,1,0,0,1,0.01,150.0
1,1,0,0,1,0.0,10.0
19,1,0,0,1,0.06333333,16.66666667
10,1,0,0,1,0.03333333,33.33333333
2,1,0,0,1,0.00666667,300.0
1,1,0,0,1,0.0,10.0
33,1,0,0,1,0.11,9.375
5,1,0,0,1,0.01666667,75.0
13,1,0,0,1,0.04333333,25.0
4,1,0,0,1,0.01333333,100.0
22,1,0,0,1,0.07333333,14.28571429
15,1,0,0,1,0.05,21.42857143
1,1,0,0,1,0.0,10.0
1,1,0,0,1,0.0,10.0
12,1,0,0,1,0.04,27.27272727
7,1,0,0,1,0.02333333,50.0
15,1,0,0,1,0.05,21.42857143
235,1,0,0,1,0.78333333,1.28205128
1,1,0,0,1,0.0,10.0
7,1,0,0,1,0.02333333,50.0
4,1,0,0,1,0.01333333,100.0
1,1,0,0,1,0.0,10.0
1,1,0,0,1,0.0,10.0
1,1,0,0,1,0.0,10.0
155,1,0,0,1,0.51666667,1.94805195
1,1,0,0,1,0.0,10.0
21,1,0,0,1,0.07,15.0
319,1,0,0,1,1.06333333,0.94339623
1,1,0,0,1,0.0,10.0
73,1,0,0,1,0.24333333,4.16666667
21,1,0,0,1,0.07,15.0
22,1,0,0,1,0.07333333,14.28571429
10,1,0,0,1,0.03333333,33.33333333
261,1,0,0,1,0.87,1.15384615
7,1,0,0,1,0.02333333,50.0
1,1,0,0,1,0.0,10.0
1,1,0,0,1,0.0,10.0
4,1,0,0,1,0.01333333,100.0
1,1,0,0,1,0.0,10.0
138,1,0,0,1,0.46,2.18978102
1,1,0,0,1,0.0,10.0
1,1,0,0,1,0.0,10.0
73,1,0,0,1,0.24333333,4.16666667
7,1,0,0,1,0.02333333,50.0
1,1,0,0,1,0.0,10.0
8,1,0,0,1,0.02666667,42.85714286
2,1,0,0,1,0.00666667,300.0
1,1,0,0,1,0.0,10.0
3,1,0,0,1,0.01,150.0
18,1,0,0,1,0.06,17.64705882
5,1,0,0,1,0.01666667,75.0
7,1,0,0,1,0.02333333,50.0
3,1,0,0,1,0.01,150.0
13,1,0,0,1,0.04333333,25.0
135,1,0,0,1,0.45,2.23880597
5,1,0,0,1,0.01666667,75.0
1,1,0,0,1,0.0,10.0
271,1,0,0,1,0.90333333,1.11111111
1,1,0,0,1,0.0,10.0
13,1,0,0,1,0.04333333,25.0
7,1,0,0,1,0.02333333,50.0
8,1,0,0,1,0.02666667,42.85714286
3,1,0,0,1,0.01,150.0
9,1,0,0,1,0.03,37.5
18,1,0,0,1,0.06,17.64705882
168,1,0,0,1,0.56,1.79640719
4,1,0,0,1,0.01333333,100.0
1,1,0,0,1,0.0,10.0
3,1,0,0,1,0.01,150.0
115,1,0,0,1,0.38333333,2.63157895
7,1,0,0,1,0.02333333,50.0
3,1,0,0,1,0.01,150.0
11,1,0,0,1,0.03666667,30.0
2,1,0,0,1,0.00666667,300.0
1,1,0,0,1,0.0,10.0
19,1,0,0,1,0.06333333,16.66666667
2,1,0,0,1,0.00666667,300.0
8,1,0,0,1,0.02666667,42.85714286
2,1,0,0,1,0.00666667,300.0
6,1,0,0,1,0.02,60.0
2,1,0,0,1,0.00666667,300.0
1,1,0,0,1,0.0,10.0
1,1,0,0,1,0.0,10.0
1,1,0,0,1,0.0,10.0
5,1,0,0,1,0.01666667,75.0
1,1,0,0,1,0.0,10.0
79,1,0,0,1,0.26333333,3.84615385
1,1,0,0,1,0.0,10.0
33,1,0,0,1,0.11,9.375
30,1,0,0,1,0.1,10.34482759
1,1,0,0,1,0.0,10.0
3,1,0,0,1,0.01,150.0
1,1,0,0,1,0.0,10.0
14,1,0,0,1,0.04666667,23.07692308
2,1,0,0,1,0.00666667,300.0
6,1,0,0,1,0.02,60.0
2,1,0,0,1,0.00666667,300.0
10,1,0,0,1,0.03333333,33.33333333
18,1,0,0,1,0.06,17.64705882
1,1,0,0,1,0.0,10.0
2,1,0,0,1,0.00666667,300.0
7,1,0,0,1,0.02333333,50.0
238,1,0,0,1,0.79333333,1.26582278
1,1,0,0,1,0.0,10.0
10,1,0,0,1,0.03333333,33.33333333
17,1,0,0,1,0.05666667,18.75
5,1,0,0,1,0.01666667,75.0
75,1,0,0,1,0.25,4.05405405
34,1,0,0,1,0.11333333,9.09090909
13,1,0,0,1,0.04333333,25.0
1,1,0,0,1,0.0,10.0
14,1,0,0,1,0.04666667,23.07692308
1,1,0,0,1,0.0,10.0
1,1,0,0,1,0.0,10.0
14,1,0,0,1,0.04666667,23.07692308
6,1,0,0,1,0.02,60.0
4,1,0,0,1,0.01333333,100.0
73,1,0,0,1,0.24333333,4.16666667
22,1,0,0,1,0.07333333,14.28571429
19,1,0,0,1,0.06333333,16.66666667
3,1,0,0,1,0.01,150.0
12,1,0,0,1,0.04,27.27272727
2,1,0,0,1,0.00666667,300.0
39,1,0,0,1,0.13,7.89473684
8,1,0,0,1,0.02666667,42.85714286
2,1,0,0,1,0.00666667,300.0
8,1,0,0,1,0.02666667,42.85714286
9,1,0,0,1,0.03,37.5
1,1,0,0,1,0.0,10.0
229,1,0,0,1,0.76333333,1.31578947
1,1,0,0,1,0.0,10.0
7,1,0,0,1,0.02333333,50.0
15,1,0,0,1,0.05,21.42857143
1,1,0,0,1,0.0,10.0
19,1,0,0,1,0.06333333,16.66666667
6,1,0,0,1,0.02,60.0
14,1,0,0,1,0.04666667,23.07692308
1,1,0,0,1,0.0,10.0
1,1,0,0,1,0.0,10.0
3,1,0,0,1,0.01,150.0
2,1,0,0,1,0.00666667,300.0
1,1,0,0,1,0.0,10.0
20,1,0,0,1,0.06666667,15.78947368
19,1,0,0,1,0.06333333,16.66666667
2,1,0,0,1,0.00666667,300.0
6,1,0,0,1,0.02,60.0
16,1,0,0,1,0.05333333,20.0
1,1,0,0,1,0.0,10.0
15,1,0,0,1,0.05,21.42857143
1,1,0,0,1,0.0,10.0
5,1,0,0,1,0.01666667,75.0
32,1,0,0,1,0.10666667,9.67741935
23,1,0,0,1,0.07666667,13.63636364
1,1,0,0,1,0.0,10.0
2,1,0,0,1,0.00666667,300.0
1,1,0,0,1,0.0,10.0
16,1,0,0,1,0.05333333,20.0
25,1,0,0,1,0.08333333,12.5
297,1,0,0,1,0.99,1.01351351
76,1,0,0,1,0.25333333,4.0
123,1,0,0,1,0.41,2.45901639
2,1,0,0,1,0.00666667,300.0
1,1,0,0,1,0.0,10.0
1,1,0,0,1,0.0,10.0
13,1,0,0,1,0.04333333,25.0
2,1,0,0,1,0.00666667,300.0
1,1,0,0,1,0.0,10.0
1,1,0,0,1,0.0,10.0
1,1,0,0,1,0.0,10.0
14,1,0,0,1,0.04666667,23.07692308
20,1,0,0,1,0.06666667,15.78947368
97,1,0,0,1,0.32333333,3.125
2,1,0,0,1,0.00666667,300.0
6,1,0,0,1,0.02,60.0
5,1,0,0,1,0.01666667,75.0
1,1,0,0,1,0.0,10.0
29,1,0,0,1,0.09666667,10.71428571
22,1,0,0,1,0.07333333,14.28571429
7,1,0,0,1,0.02333333,50.0
123,1,0,0,1,0.41,2.45901639
12,1,0,0,1,0.04,27.27272727
14,1,0,0,1,0.04666667,23.07692308
1,1,0,0,1,0.0,10.0
1,1,0,0,1,0.0,10.0
1,1,0,0,1,0.0,10.0
1,1,0,0,1,0.0,10.0
4,1,0,0,1,0.01333333,100.0
1,1,0,0,1,0.0,10.0
9,1,0,0,1,0.03,37.5
1,1,0,0,1,0.0,10.0
2,1,0,0,1,0.00666667,300.0
2,1,0,0,1,0.00666667,300.0
1,1,0,0,1,0.0,10.0
2,1,0,0,1,0.00666667,300.0
225,1,0,0,1,0.75,1.33928571
1,1,0,0,1,0.0,10.0
1,1,0,0,1,0.0,10.0
7,1,0,0,1,0.02333333,50.0
7,1,0,0,1,0.02333333,50.0
8,1,0,0,1,0.02666667,42.85714286
3,1,0,0,1,0.01,150.0
12,1,0,0,1,0.04,27.27272727
230,1,0,0,1,0.76666667,1.31004367
4,1,0,0,1,0.01333333,100.0
11,1,0,0,1,0.03666667,30.0
7,1,0,0,1,0.02333333,50.0
19,1,0,0,1,0.06333333,16.66666667
8,1,0,0,1,0.02666667,42.85714286
68,1,0,0,1,0.22666667,4.47761194
10,1,0,0,1,0.03333333,33.33333333
13,1,0,0,1,0.04333333,25.0
2,1,0,0,1,0.00666667,300.0
1,1,0,0,1,0.0,10.0
3,1,0,0,1,0.01,150.0
3,1,0,0,1,0.01,150.0
134,1,0,0,1,0.44666667,2.2556391
1,1,0,0,1,0.0,10.0
11,1,0,0,1,0.03666667,30.0
23,1,0,0,1,0.07666667,13.63636364
1,1,0,0,1,0.0,10.0
2,1,0,0,1,0.00666667,300.0
1,1,0,0,1,0.0,10.0
2,1,0,0,1,0.00666667,300.0
1,1,0,0,1,0.0,10.0
1,1,0,0,1,0.0,10.0
19,1,0,0,1,0.06333333,16.66666667
16,1,0,0,1,0.05333333,20.0
4,1,0,0,1,0.01333333,100.0
16,1,0,0,1,0.05333333,20.0
1,1,0,0,1,0.0,10.0
5,1,0,0,1,0.01666667,75.0
121,1,0,0,1,0.40333333,2.5
1,1,0,0,1,0.0,10.0
8,1,0,0,1,0.02666667,42.85714286
2,1,0,0,1,0.00666667,300.0
14,1,0,0,1,0.04666667,23.07692308
54,1,0,0,1,0.18,5.66037736
18,1,0,0,1,0.06,17.64705882
1,1,0,0,1,0.0,10.0
5,1,0,0,1,0.01666667,75.0
2,1,0,0,1,0.00666667,300.0
1,1,0,0,1,0.0,10.0
1,1,0,0,1,0.0,10.0
1,1,0,0,1,0.0,10.0
14,1,0,0,1,0.04666667,23.07692308
2,1,0,0,1,0.00666667,300.0
3,1,0,0,1,0.01,150.0
4,1,0,0,1,0.01333333,100.0
6,1,0,0,1,0.02,60.0
2,1,0,0,1,0.00666667,300.0
9,1,0,0,1,0.03,37.5
2,1,0,0,1,0.00666667,300.0
9,1,0,0,1,0.03,37.5
1,1,0,0,1,0.0,10.0
5,1,0,0,1,0.01666667,75.0
25,1,0,0,1,0.08333333,12.5
4,1,0,0,1,0.01333333,100.0
10,1,0,0,1,0.03333333,33.33333333
1,1,0,0,1,0.0,10.0
2,1,0,0,1,0.00666667,300.0
14,1,0,0,1,0.04666667,23.07692308
10,1,0,0,1,0.03333333,33.33333333
1,1,0,0,1,0.0,10.0
2,1,0,0,1,0.00666667,300.0
4,1,0,0,1,0.01333333,100.0
22,1,0,0,1,0.07333333,14.28571429
22,1,0,0,1,0.07333333,14.28571429
3,1,0,0,1,0.01,150.0
13,1,0,0,1,0.04333333,25.0
3,1,0,0,1,0.01,150.0
5,1,0,0,1,0.01666667,75.0
1,1,0,0,1,0.0,10.0
13,1,0,0,1,0.04333333,25.0
1,1,0,0,1,0.0,10.0
3,1,0,0,1,0.01,150.0
8,1,0,0,1,0.02666667,42.85714286
8,1,0,0,1,0.02666667,42.85714286
1,1,0,0,1,0.0,10.0
182,1,0,0,1,0.60666667,1.65745856
1,1,0,0,1,0.0,10.0
7,1,0,0,1,0.02333333,50.0
24,1,0,0,1,0.08,13.04347826
1,1,0,0,1,0.0,10.0
2,1,0,0,1,0.00666667,300.0
79,1,0,0,1,0.26333333,3.84615385
2,1,0,0,1,0.00666667,300.0
12,1,0,0,1,0.04,27.27272727
7,1,0,0,1,0.02333333,50.0
1,1,0,0,1,0.0,10.0
6,1,0,0,1,0.02,60.0
13,1,0,0,1,0.04333333,25.0
165,1,0,0,1,0.55,1.82926829
74,1,0,0,1,0.24666667,4.10958904
1,1,0,0,1,0.0,10.0
26,1,0,0,1,0.08666667,12.0
3,1,0,0,1,0.01,150.0
1,1,0,0,1,0.0,10.0
8,1,0,0,1,0.02666667,42.85714286
5,1,0,0,1,0.01666667,75.0
1,1,0,0,1,0.0,10.0
1,1,0,0,1,0.0,10.0
6,1,0,0,1,0.02,60.0
2,1,0,0,1,0.00666667,300.0
1,1,0,0,1,0.0,10.0
2,1,0,0,1,0.00666667,300.0
2,1,0,0,1,0.00666667,300.0
113,1,0,0,1,0.37666667,2.67857143
1,1,0,0,1,0.0,10.0
6,1,0,0,1,0.02,60.0
1,1,0,0,1,0.0,10.0
16,1,0,0,1,0.05333333,20.0
218,1,0,0,1,0.72666667,1.38248848
18,1,0,0,1,0.06,17.64705882
21,1,0,0,1,0.07,15.0
14,1,0,0,1,0.04666667,23.07692308
511,1,0,0,1,1.70333333,0.58823529
15,1,0,0,1,0.05,21.42857143
212,1,0,0,1,0.70666667,1.42180095
42,1,0,0,1,0.14,7.31707317
1,1,0,0,1,0.0,10.0
34,1,0,0,1,0.11333333,9.09090909
1,1,0,0,1,0.0,10.0
1,1,0,0,1,0.0,10.0
1,1,0,0,1,0.0,10.0
1,1,0,0,1,0.0,10.0
12,1,0,0,1,0.04,27.27272727
3,1,0,0,1,0.01,150.0
2,1,0,0,1,0.00666667,300.0
21,1,0,0,1,0.07,15.0
1,1,0,0,1,0.0,10.0
6,1,0,0,1,0.02,60.0
151,1,0,0,1,0.50333333,2.0
3,1,0,0,1,0.01,150.0
182,1,0,0,1,0.60666667,1.65745856
5,1,0,0,1,0.01666667,75.0
8,1,0,0,1,0.02666667,42.85714286
17,1,0,0,1,0.05666667,18.75
13,1,0,0,1,0.04333333,25.0
23,1,0,0,1,0.07666667,13.63636364
16,1,0,0,1,0.05333333,20.0
6,1,0,0,1,0.02,60.0
1,1,0,0,1,0.0,10.0
1,1,0,0,1,0.0,10.0
1,1,0,0,1,0.0,10.0
1,1,0,0,1,0.0,10.0
76,1,0,0,1,0.25333333,4.0
17,1,0,0,1,0.05666667,18.75
7,1,0,0,1,0.02333333,50.0
1,1,0,0,1,0.0,10.0
1,1,0,0,1,0.0,10.0
31,1,0,0,1,0.10333333,10.0
78,1,0,0,1,0.26,3.8961039
1,1,0,0,1,0.0,10.0
1,1,0,0,1,0.0,10.0
2,1,0,0,1,0.00666667,300.0
3,1,0,0,1,0.01,150.0
2,1,0,0,1,0.00666667,300.0
1,1,0,0,1,0.0,10.0
16,1,0,0,1,0.05333333,20.0
4,1,0,0,1,0.01333333,100.0
6,1,0,0,1,0.02,60.0
1,1,0,0,1,0.0,10.0
2,1,0,0,1,0.00666667,300.0
2,1,0,0,1,0.00666667,300.0
6,1,0,0,1,0.02,60.0
18,1,0,0,1,0.06,17.64705882
15,1,0,0,1,0.05,21.42857143
3,1,0,0,1,0.01,150.0
1,1,0,0,1,0.0,10.0
1,1,0,0,1,0.0,10.0
11,1,0,0,1,0.03666667,30.0
25,1,0,0,1,0.08333333,12.5
2,1,0,0,1,0.00666667,300.0
1,1,0,0,1,0.0,10.0
1,1,0,0,1,0.0,10.0
98,1,0,0,1,0.32666667,3.09278351
154,1,0,0,1,0.51333333,1.96078431
69,1,0,0,1,0.23,4.41176471
1,1,0,0,1,0.0,10.0
183,1,0,0,1,0.61,1.64835165
10,1,0,0,1,0.03333333,33.33333333
1,1,0,0,1,0.0,10.0
13,1,0,0,1,0.04333333,25.0
1,1,0,0,1,0.0,10.0
10,1,0,0,1,0.03333333,33.33333333
24,1,0,0,1,0.08,13.04347826
2,1,0,0,1,0.00666667,300.0
216,1,0,0,1,0.72,1.39534884
8,1,0,0,1,0.02666667,42.85714286
3,1,0,0,1,0.01,150.0
7,1,0,0,1,0.02333333,50.0
16,1,0,0,1,0.05333333,20.0
25,1,0,0,1,0.08333333,12.5
2,1,0,0,1,0.00666667,300.0
5,1,0,0,1,0.01666667,75.0
1,1,0,0,1,0.0,10.0
22,1,0,0,1,0.07333333,14.28571429
5,1,0,0,1,0.01666667,75.0
2,1,0,0,1,0.00666667,300.0
4,1,0,0,1,0.01333333,100.0
2,1,0,0,1,0.00666667,300.0
12,1,0,0,1,0.04,27.27272727
1,1,0,0,1,0.0,10.0
11,1,0,0,1,0.03666667,30.0
1,1,0,0,1,0.0,10.0
3,1,0,0,1,0.01,150.0
1,1,0,0,1,0.0,10.0
1,1,0,0,1,0.0,10.0
1,1,0,0,1,0.0,10.0
20,1,0,0,1,0.06666667,15.78947368
14,1,0,0,1,0.04666667,23.07692308
8,1,0,0,1,0.02666667,42.85714286
1,1,0,0,1,0.0,10.0
1,1,0,0,1,0.0,10.0
1,1,0,0,1,0.0,10.0
1,1,0,0,1,0.0,10.0
5,1,0,0,1,0.01666667,75.0
10,1,0,0,1,0.03333333,33.33333333
2,1,0,0,1,0.00666667,300.0
2,1,0,0,1,0.00666667,300.0
3,1,0,0,1,0.01,150.0
4,1,0,0,1,0.01333333,100.0
12,1,0,0,1,0.04,27.27272727
1,1,0,0,1,0.0,10.0
3,1,0,0,1,0.01,150.0
3,1,0,0,1,0.01,150.0
5,1,0,0,1,0.01666667,75.0
1,1,0,0,1,0.0,10.0
3,1,0,0,1,0.01,150.0
14,1,0,0,1,0.04666667,23.07692308
214,1,0,0,1,0.71333333,1.4084507
1,1,0,0,1,0.0,10.0
4,1,0,0,1,0.01333333,100.0
2,1,0,0,1,0.00666667,300.0
1,1,0,0,1,0.0,10.0
1,1,0,0,1,0.0,10.0
13,1,0,0,1,0.04333333,25.0
1,1,0,0,1,0.0,10.0
1,1,0,0,1,0.0,10.0
10,1,0,0,1,0.03333333,33.33333333
9,1,0,0,1,0.03,37.5
17,1,0,0,1,0.05666667,18.75
2,1,0,0,1,0.00666667,300.0
3,1,0,0,1,0.01,150.0
248,1,0,0,1,0.82666667,1.2145749
1,1,0,0,1,0.0,10.0
1,1,0,0,1,0.0,10.0
8,1,0,0,1,0.02666667,42.85714286
14,1,0,0,1,0.04666667,23.07692308
2,1,0,0,1,0.00666667,300.0
1,1,0,0,1,0.0,10.0
4,1,0,0,1,0.01333333,100.0
17,1,0,0,1,0.05666667,18.75
19,1,0,0,1,0.06333333,16.66666667
7,1,0,0,1,0.02333333,50.0
1,1,0,0,1,0.0,10.0
133,1,0,0,1,0.44333333,2.27272727
10,1,0,0,1,0.03333333,33.33333333
4,1,0,0,1,0.01333333,100.0
10,1,0,0,1,0.03333333,33.33333333
1,1,0,0,1,0.0,10.0
2,1,0,0,1,0.00666667,300.0
1,1,0,0,1,0.0,10.0
3,1,0,0,1,0.01,150.0
169,1,0,0,1,0.56333333,1.78571429
1,1,0,0,1,0.0,10.0
13,1,0,0,1,0.04333333,25.0
289,1,0,0,1,0.96333333,1.04166667
15,1,0,0,1,0.05,21.42857143
27,1,0,0,1,0.09,11.53846154
6,1,0,0,1,0.02,60.0
25,1,0,0,1,0.08333333,12.5
23,1,0,0,1,0.07666667,13.63636364
7,1,0,0,1,0.02333333,50.0
14,1,0,0,1,0.04666667,23.07692308
1,1,0,0,1,0.0,10.0
1,1,0,0,1,0.0,10.0
8,1,0,0,1,0.02666667,42.85714286
5,1,0,0,1,0.01666667,75.0
3,1,0,0,1,0.01,150.0
7,1,0,0,1,0.02333333,50.0
23,1,0,0,1,0.07666667,13.63636364
1,1,0,0,1,0.0,10.0
2,1,0,0,1,0.00666667,300.0
1,1,0,0,1,0.0,10.0
2,1,0,0,1,0.00666667,300.0
1,1,0,0,1,0.0,10.0
7,1,0,0,1,0.02333333,50.0
1,1,0,0,1,0.0,10.0
1,1,0,0,1,0.0,10.0
83,1,0,0,1,0.27666667,3.65853659
5,1,0,0,1,0.01666667,75.0
11,1,0,0,1,0.03666667,30.0
6,1,0,0,1,0.02,60.0
6,1,0,0,1,0.02,60.0
79,1,0,0,1,0.26333333,3.84615385
3,1,0,0,1,0.01,150.0
1,1,0,0,1,0.0,10.0
22,1,0,0,1,0.07333333,14.28571429
1,1,0,0,1,0.0,10.0
1,1,0,0,1,0.0,10.0
1,1,0,0,1,0.0,10.0
1,1,0,0,1,0.0,10.0
9,1,0,0,1,0.03,37.5
8,1,0,0,1,0.02666667,42.85714286
1,1,0,0,1,0.0,10.0
165,1,0,0,1,0.55,1.82926829
3,1,0,0,1,0.01,150.0
6,1,0,0,1,0.02,60.0
3,1,0,0,1,0.01,150.0
1,1,0,0,1,0.0,10.0
13,1,0,0,1,0.04333333,25.0
9,1,0,0,1,0.03,37.5
1,1,0,0,1,0.0,10.0
1,1,0,0,1,0.0,10.0
77,1,0,0,1,0.25666667,3.94736842
15,1,0,0,1,0.05,21.42857143
79,1,0,0,1,0.26333333,3.84615385
21,1,0,0,1,0.07,15.0
5,1,0,0,1,0.01666667,75.0
8,1,0,0,1,0.02666667,42.85714286
5,1,0,0,1,0.01666667,75.0
1,1,0,0,1,0.0,10.0
1,1,0,0,1,0.0,10.0
5,1,0,0,1,0.01666667,75.0
10,1,0,0,1,0.03333333,33.33333333
1,1,0,0,1,0.0,10.0
113,1,0,0,1,0.37666667,2.67857143
21,1,0,0,1,0.07,15.0
3,1,0,0,1,0.01,150.0
257,1,0,0,1,0.85666667,1.171875
1,1,0,0,1,0.0,10.0
1,1,0,0,1,0.0,10.0
7,1,0,0,1,0.02333333,50.0
1,1,0,0,1,0.0,10.0
159,1,0,0,1,0.53,1.89873418
1,1,0,0,1,0.0,10.0
2,1,0,0,1,0.00666667,300.0
1,1,0,0,1,0.0,10.0
1,1,0,0,1,0.0,10.0
1,1,0,0,1,0.0,10.0
1,1,0,0,1,0.0,10.0
2,1,0,0,1,0.00666667,300.0
1,1,0,0,1,0.0,10.0
15,1,0,0,1,0.05,21.42857143
17,1,0,0,1,0.05666667,18.75
17,1,0,0,1,0.05666667,18.75
1,1,0,0,1,0.0,10.0
19,1,0,0,1,0.06333333,16.66666667
9,1,0,0,1,0.03,37.5
1,1,0,0,1,0.0,10.0
6,1,0,0,1,0.02,60.0
257,1,0,0,1,0.85666667,1.171875
1,1,0,0,1,0.0,10.0
1,1,0,0,1,0.0,10.0
10,1,0,0,1,0.03333333,33.33333333
27,1,0,0,1,0.09,11.53846154
12,1,0,0,1,0.04,27.27272727
68,1,0,0,1,0.22666667,4.47761194
6,1,0,0,1,0.02,60.0
1,1,0,0,1,0.0,10.0
213,1,0,0,1,0.71,1.41509434
1,1,0,0,1,0.0,10.0
24,1,0,0,1,0.08,13.04347826
5,1,0,0,1,0.01666667,75.0
5,1,0,0,1,0.01666667,75.0
12,1,0,0,1,0.04,27.27272727
3,1,0,0,1,0.01,150.0
3,1,0,0,1,0.01,150.0
142,1,0,0,1,0.47333333,2.12765957
21,1,0,0,1,0.07,15.0
37,1,0,0,1,0.12333333,8.33333333
1,1,0,0,1,0.0,10.0
42,1,0,0,1,0.14,7.31707317
3,1,0,0,1,0.01,150.0
3,1,0,0,1,0.01,150.0
1,1,0,0,1,0.0,10.0
8,1,0,0,1,0.02666667,42.85714286
18,1,0,0,1,0.06,17.64705882
12,1,0,0,1,0.04,27.27272727
1,1,0,0,1,0.0,10.0
1,1,0,0,1,0.0,10.0
16,1,0,0,1,0.05333333,20.0
1,1,0,0,1,0.0,10.0
73,1,0,0,1,0.24333333,4.16666667
1,1,0,0,1,0.0,10.0
3,1,0,0,1,0.01,150.0
1,1,0,0,1,0.0,10.0
2,1,0,0,1,0.00666667,300.0
1,1,0,0,1,0.0,10.0
21,1,0,0,1,0.07,15.0
20,1,0,0,1,0.06666667,15.78947368
2,1,0,0,1,0.00666667,300.0
7,1,0,0,1,0.02333333,50.0
5,1,0,0,1,0.01666667,75.0
1,1,0,0,1,0.0,10.0
1,1,0,0,1,0.0,10.0
37,1,0,0,1,0.12333333,8.33333333
20,1,0,0,1,0.06666667,15.78947368
2,1,0,0,1,0.00666667,300.0
1,1,0,0,1,0.0,10.0
8,1,0,0,1,0.02666667,42.85714286
19,1,0,0,1,0.06333333,16.66666667
11,1,0,0,1,0.03666667,30.0
12,1,0,0,1,0.04,27.27272727
2,1,0,0,1,0.00666667,300.0
24,1,0,0,1,0.08,13.04347826
1,1,0,0,1,0.0,10.0
4,1,0,0,1,0.01333333,100.0
3,1,0,0,1,0.01,150.0
25,1,0,0,1,0.08333333,12.5
54,1,0,0,1,0.18,5.66037736
2,1,0,0,1,0.00666667,300.0
11,1,0,0,1,0.03666667,30.0
1,1,0,0,1,0.0,10.0
11,1,0,0,1,0.03666667,30.0
22,1,0,0,1,0.07333333,14.28571429
1,1,0,0,1,0.0,10.0
26,1,0,0,1,0.08666667,12.0
1,1,0,0,1,0.0,10.0
143,1,0,0,1,0.47666667,2.11267606
7,1,0,0,1,0.02333333,50.0
2,1,0,0,1,0.00666667,300.0
6,1,0,0,1,0.02,60.0
38,1,0,0,1,0.12666667,8.10810811
17,1,0,0,1,0.05666667,18.75
1,1,0,0,1,0.0,10.0
3,1,0,0,1,0.01,150.0
17,1,0,0,1,0.05666667,18.75
8,1,0,0,1,0.02666667,42.85714286
13,1,0,0,1,0.04333333,25.0
28,1,0,0,1,0.09333333,11.11111111
7,1,0,0,1,0.02333333,50.0
1,1,0,0,1,0.0,10.0
1,1,0,0,1,0.0,10.0
43,1,0,0,1,0.14333333,7.14285714
2,1,0,0,1,0.00666667,300.0
3,1,0,0,1,0.01,150.0
12,1,0,0,1,0.04,27.27272727
1,1,0,0,1,0.0,10.0
5,1,0,0,1,0.01666667,75.0
1,1,0,0,1,0.0,10.0
6,1,0,0,1,0.02,60.0
7,1,0,0,1,0.02333333,50.0
1,1,0,0,1,0.0,10.0
3,1,0,0,1,0.01,150.0
152,1,0,0,1,0.50666667,1.98675497
6,1,0,0,1,0.02,60.0
107,1,0,0,1,0.35666667,2.83018868
13,1,0,0,1,0.04333333,25.0
35,1,0,0,1,0.11666667,8.82352941
6,1,0,0,1,0.02,60.0
1,1,0,0,1,0.0,10.0
20,1,0,0,1,0.06666667,15.78947368
1,1,0,0,1,0.0,10.0
5,1,0,0,1,0.01666667,75.0
8,1,0,0,1,0.02666667,42.85714286
1,1,0,0,1,0.0,10.0
1,1,0,0,1,0.0,10.0
9,1,0,0,1,0.03,37.5
2,1,0,0,1,0.00666667,300.0
3,1,0,0,1,0.01,150.0
344,1,0,0,1,1.14666667,0.87463557
2,1,0,0,1,0.00666667,300.0
4,1,0,0,1,0.01333333,100.0
12,1,0,0,1,0.04,27.27272727
2,1,0,0,1,0.00666667,300.0
4,1,0,0,1,0.01333333,100.0
3,1,0,0,1,0.01,150.0
1,1,0,0,1,0.0,10.0
6,1,0,0,1,0.02,60.0
2,1,0,0,1,0.00666667,300.0
3,1,0,0,1,0.01,150.0
10,1,0,0,1,0.03333333,33.33333333
5,1,0,0,1,0.01666667,75.0
2,1,0,0,1,0.00666667,300.0
165,1,0,0,1,0.55,1.82926829
3,1,0,0,1,0.01,150.0
5,1,0,0,1,0.01666667,75.0
2,1,0,0,1,0.00666667,300.0
4,1,0,0,1,0.01333333,100.0
7,1,0,0,1,0.02333333,50.0
12,1,0,0,1,0.04,27.27272727
1,1,0,0,1,0.0,10.0
17,1,0,0,1,0.05666667,18.75
1,1,0,0,1,0.0,10.0
1,1,0,0,1,0.0,10.0
5,1,0,0,1,0.01666667,75.0
1,1,0,0,1,0.0,10.0
15,1,0,0,1,0.05,21.42857143
7,1,0,0,1,0.02333333,50.0
2,1,0,0,1,0.00666667,300.0
2,1,0,0,1,0.00666667,300.0
1,1,0,0,1,0.0,10.0
3,1,0,0,1,0.01,150.0
11,1,0,0,1,0.03666667,30.0
1,1,0,0,1,0.0,10.0
13,1,0,0,1,0.04333333,25.0
1,1,0,0,1,0.0,10.0
2,1,0,0,1,0.00666667,300.0
8,1,0,0,1,0.02666667,42.85714286
1,1,0,0,1,0.0,10.0
2,1,0,0,1,0.00666667,300.0
1,1,0,0,1,0.0,10.0
8,1,0,0,1,0.02666667,42.85714286
13,1,0,0,1,0.04333333,25.0
16,1,0,0,1,0.05333333,20.0
14,1,0,0,1,0.04666667,23.07692308
3,1,0,0,1,0.01,150.0
4,1,0,0,1,0.01333333,100.0
11,1,0,0,1,0.03666667,30.0
9,1,0,0,1,0.03,37.5
4,1,0,0,1,0.01333333,100.0
9,1,0,0,1,0.03,37.5
2,1,0,0,1,0.00666667,300.0
2,1,0,0,1,0.00666667,300.0
34,1,0,0,1,0.11333333,9.09090909
1,1,0,0,1,0.0,10.0
17,1,0,0,1,0.05666667,18.75
13,1,0,0,1,0.04333333,25.0
3,1,0,0,1,0.01,150.0
1,1,0,0,1,0.0,10.0
2,1,0,0,1,0.00666667,300.0
1,1,0,0,1,0.0,10.0
1,1,0,0,1,0.0,10.0
1,1,0,0,1,0.0,10.0
12,1,0,0,1,0.04,27.27272727
1,1,0,0,1,0.0,10.0
109,1,0,0,1,0.36333333,2.77777778
8,1,0,0,1,0.02666667,42.85714286
25,1,0,0,1,0.08333333,12.5
91,1,0,0,1,0.30333333,3.33333333
6,1,0,0,1,0.02,60.0
7,1,0,0,1,0.02333333,50.0
2,1,0,0,1,0.00666667,300.0
1,1,0,0,1,0.0,10.0
6,1,0,0,1,0.02,60.0
9,1,0,0,1,0.03,37.5
13,1,0,0,1,0.04333333,25.0
148,1,0,0,1,0.49333333,2.04081633
5,1,0,0,1,0.01666667,75.0
17,1,0,0,1,0.05666667,18.75
5,1,0,0,1,0.01666667,75.0
153,1,0,0,1,0.51,1.97368421
1,1,0,0,1,0.0,10.0
127,1,0,0,1,0.42333333,2.38095238
119,1,0,0,1,0.39666667,2.54237288
1,1,0,0,1,0.0,10.0
4,1,0,0,1,0.01333333,100.0
2,1,0,0,1,0.00666667,300.0
3,1,0,0,1,0.01,150.0
160,1,0,0,1,0.53333333,1.88679245
2,1,0,0,1,0.00666667,300.0
16,1,0,0,1,0.05333333,20.0
7,1,0,0,1,0.02333333,50.0
4,1,0,0,1,0.01333333,100.0
7,1,0,0,1,0.02333333,50.0
14,1,0,0,1,0.04666667,23.07692308
1,1,0,0,1,0.0,10.0
3,1,0,0,1,0.01,150.0
15,1,0,0,1,0.05,21.42857143
7,1,0,0,1,0.02333333,50.0
11,1,0,0,1,0.03666667,30.0
3,1,0,0,1,0.01,150.0
19,1,0,0,1,0.06333333,16.66666667
2,1,0,0,1,0.00666667,300.0
4,1,0,0,1,0.01333333,100.0
4,1,0,0,1,0.01333333,100.0
1,1,0,0,1,0.0,10.0
1,1,0,0,1,0.0,10.0
2,1,0,0,1,0.00666667,300.0
2,1,0,0,1,0.00666667,300.0
2,1,0,0,1,0.00666667,300.0
1,1,0,0,1,0.0,10.0
4,1,0,0,1,0.01333333,100.0
16,1,0,0,1,0.05333333,20.0
1,1,0,0,1,0.0,10.0
35,1,0,0,1,0.11666667,8.82352941
1,1,0,0,1,0.0,10.0
11,1,0,0,1,0.03666667,30.0
1,1,0,0,1,0.0,10.0
1,1,0,0,1,0.0,10.0
10,1,0,0,1,0.03333333,33.33333333
1,1,0,0,1,0.0,10.0
2,1,0,0,1,0.00666667,300.0
20,1,0,0,1,0.06666667,15.78947368
150,1,0,0,1,0.5,2.01342282
6,1,0,0,1,0.02,60.0
23,1,0,0,1,0.07666667,13.63636364
12,1,0,0,1,0.04,27.27272727
13,1,0,0,1,0.04333333,25.0
1,1,0,0,1,0.0,10.0
1,1,0,0,1,0.0,10.0
14,1,0,0,1,0.04666667,23.07692308
9,1,0,0,1,0.03,37.5
1,1,0,0,1,0.0,10.0
9,1,0,0,1,0.03,37.5
9,1,0,0,1,0.03,37.5
5,1,0,0,1,0.01666667,75.0
4,1,0,0,1,0.01333333,100.0
36,1,0,0,1,0.12,8.57142857
4,1,0,0,1,0.01333333,100.0
11,1,0,0,1,0.03666667,30.0
1,1,0,0,1,0.0,10.0
1,1,0,0,1,0.0,10.0
2,1,0,0,1,0.00666667,300.0
1,1,0,0,1,0.0,10.0
2,1,0,0,1,0.00666667,300.0
4,1,0,0,1,0.01333333,100.0
228,1,0,0,1,0.76,1.3215859
2,1,0,0,1,0.00666667,300.0
1,1,0,0,1,0.0,10.0
16,1,0,0,1,0.05333333,20.0
1,1,0,0,1,0.0,10.0
6,1,0,0,1,0.02,60.0
2,1,0,0,1,0.00666667,300.0
3,1,0,0,1,0.01,150.0
300,1,0,0,1,1.0,1.00334448
21,1,0,0,1,0.07,15.0
137,1,0,0,1,0.45666667,2.20588235
21,1,0,0,1,0.07,15.0
13,1,0,0,1,0.04333333,25.0
8,1,0,0,1,0.02666667,42.85714286
8,1,0,0,1,0.02666667,42.85714286
4,1,0,0,1,0.01333333,100.0
3,1,0,0,1,0.01,150.0
1,1,0,0,1,0.0,10.0
8,1,0,0,1,0.02666667,42.85714286
6,1,0,0,1,0.02,60.0
5,1,0,0,1,0.01666667,75.0
2,1,0,0,1,0.00666667,300.0
3,1,0,0,1,0.01,150.0
2,1,0,0,1,0.00666667,300.0
240,1,0,0,1,0.8,1.25523013
1,1,0,0,1,0.0,10.0
1,1,0,0,1,0.0,10.0
1,1,0,0,1,0.0,10.0
5,1,0,0,1,0.01666667,75.0
15,1,0,0,1,0.05,21.42857143
1,1,0,0,1,0.0,10.0
4,1,0,0,1,0.01333333,100.0
2,1,0,0,1,0.00666667,300.0
1,1,0,0,1,0.0,10.0
21,1,0,0,1,0.07,15.0
1,1,0,0,1,0.0,10.0
12,1,0,0,1,0.04,27.27272727
4,1,0,0,1,0.01333333,100.0
11,1,0,0,1,0.03666667,30.0
1,1,0,0,1,0.0,10.0
2,1,0,0,1,0.00666667,300.0
2,1,0,0,1,0.00666667,300.0
2,1,0,0,1,0.00666667,300.0
4,1,0,0,1,0.01333333,100.0
1,1,0,0,1,0.0,10.0
23,1,0,0,1,0.07666667,13.63636364
1,1,0,0,1,0.0,10.0
9,1,0,0,1,0.03,37.5
8,1,0,0,1,0.02666667,42.85714286
15,1,0,0,1,0.05,21.42857143
16,1,0,0,1,0.05333333,20.0
1,1,0,0,1,0.0,10.0
1,1,0,0,1,0.0,10.0
13,1,0,0,1,0.04333333,25.0
4,1,0,0,1,0.01333333,100.0
1,1,0,0,1,0.0,10.0
1,1,0,0,1,0.0,10.0
4,1,0,0,1,0.01333333,100.0
24,1,0,0,1,0.08,13.04347826
116,1,0,0,1,0.38666667,2.60869565
1,1,0,0,1,0.0,10.0
6,1,0,0,1,0.02,60.0
1,1,0,0,1,0.0,10.0
14,1,0,0,1,0.04666667,23.07692308
1,1,0,0,1,0.0,10.0
2,1,0,0,1,0.00666667,300.0
77,1,0,0,1,0.25666667,3.94736842
1,1,0,0,1,0.0,10.0
13,1,0,0,1,0.04333333,25.0
12,1,0,0,1,0.04,27.27272727
2,1,0,0,1,0.00666667,300.0
10,1,0,0,1,0.03333333,33.33333333
1,1,0,0,1,0.0,10.0
7,1,0,0,1,0.02333333,50.0
1,1,0,0,1,0.0,10.0
1,1,0,0,1,0.0,10.0
1,1,0,0,1,0.0,10.0
14,1,0,0,1,0.04666667,23.07692308
9,1,0,0,1,0.03,37.5
7,1,0,0,1,0.02333333,50.0
16,1,0,0,1,0.05333333,20.0
26,1,0,0,1,0.08666667,12.0
1,1,0,0,1,0.0,10.0
14,1,0,0,1,0.04666667,23.07692308
1,1,0,0,1,0.0,10.0
2,1,0,0,1,0.00666667,300.0
1,1,0,0,1,0.0,10.0
3,1,0,0,1,0.01,150.0
1,1,0,0,1,0.0,10.0
270,1,0,0,1,0.9,1.11524164
15,1,0,0,1,0.05,21.42857143
1,1,0,0,1,0.0,10.0
2,1,0,0,1,0.00666667,300.0
9,1,0,0,1,0.03,37.5
2,1,0,0,1,0.00666667,300.0
8,1,0,0,1,0.02666667,42.85714286
8,1,0,0,1,0.02666667,42.85714286
5,1,0,0,1,0.01666667,75.0
3,1,0,0,1,0.01,150.0
9,1,0,0,1,0.03,37.5
7,1,0,0,1,0.02333333,50.0
2,1,0,0,1,0.00666667,300.0
25,1,0,0,1,0.08333333,12.5
1,1,0,0,1,0.0,10.0
19,1,0,0,1,0.06333333,16.66666667
34,1,0,0,1,0.11333333,9.09090909
1,1,0,0,1,0.0,10.0
15,1,0,0,1,0.05,21.42857143
1,1,0,0,1,0.0,10.0
1,1,0,0,1,0.0,10.0
8,1,0,0,1,0.02666667,42.85714286
16,1,0,0,1,0.05333333,20.0
3,1,0,0,1,0.01,150.0
5,1,0,0,1,0.01666667,75.0
103,1,0,0,1,0.34333333,2.94117647
1,1,0,0,1,0.0,10.0
1,1,0,0,1,0.0,10.0
7,1,0,0,1,0.02333333,50.0
1,1,0,0,1,0.0,10.0
13,1,0,0,1,0.04333333,25.0
39,1,0,0,1,0.13,7.89473684
14,1,0,0,1,0.04666667,23.07692308
1,1,0,0,1,0.0,10.0
6,1,0,0,1,0.02,60.0
2,1,0,0,1,0.00666667,300.0
129,1,0,0,1,0.43,2.34375
11,1,0,0,1,0.03666667,30.0
3,1,0,0,1,0.01,150.0
4,1,0,0,1,0.01333333,100.0
6,1,0,0,1,0.02,60.0
1,1,0,0,1,0.0,10.0
52,1,0,0,1,0.17333333,5.88235294
1,1,0,0,1,0.0,10.0
311,1,0,0,1,1.03666667,0.96774194
6,1,0,0,1,0.02,60.0
1,1,0,0,1,0.0,10.0
33,1,0,0,1,0.11,9.375
3,1,0,0,1,0.01,150.0
228,1,0,0,1,0.76,1.3215859
70,1,0,0,1,0.23333333,4.34782609
1,1,0,0,1,0.0,10.0
2,1,0,0,1,0.00666667,300.0
19,1,0,0,1,0.06333333,16.66666667
1,1,0,0,1,0.0,10.0
18,1,0,0,1,0.06,17.64705882
5,1,0,0,1,0.01666667,75.0
1,1,0,0,1,0.0,10.0
1,1,0,0,1,0.0,10.0
1,1,0,0,1,0.0,10.0
10,1,0,0,1,0.03333333,33.33333333
6,1,0,0,1,0.02,60.0
4,1,0,0,1,0.01333333,100.0
243,1,0,0,1,0.81,1.23966942
1,1,0,0,1,0.0,10.0
2,1,0,0,1,0.00666667,300.0
3,1,0,0,1,0.01,150.0
1,1,0,0,1,0.0,10.0
1,1,0,0,1,0.0,10.0
3,1,0,0,1,0.01,150.0
19,1,0,0,1,0.06333333,16.66666667
18,1,0,0,1,0.06,17.64705882
3,1,0,0,1,0.01,150.0
3,1,0,0,1,0.01,150.0
1,1,0,0,1,0.0,10.0
7,1,0,0,1,0.02333333,50.0
20,1,0,0,1,0.06666667,15.78947368
2,1,0,0,1,0.00666667,300.0
9,1,0,0,1,0.03,37.5
1,1,0,0,1,0.0,10.0
2,1,0,0,1,0.00666667,300.0
13,1,0,0,1,0.04333333,25.0
14,1,0,0,1,0.04666667,23.07692308
7,1,0,0,1,0.02333333,50.0
1,1,0,0,1,0.0,10.0
15,1,0,0,1,0.05,21.42857143
16,1,0,0,1,0.05333333,20.0
9,1,0,0,1,0.03,37.5
8,1,0,0,1,0.02666667,42.85714286
6,1,0,0,1,0.02,60.0
8,1,0,0,1,0.02666667,42.85714286
18,1,0,0,1,0.06,17.64705882
4,1,0,0,1,0.01333333,100.0
4,1,0,0,1,0.01333333,100.0
1,1,0,0,1,0.0,10.0
18,1,0,0,1,0.06,17.64705882
7,1,0,0,1,0.02333333,50.0
15,1,0,0,1,0.05,21.42857143
1,1,0,0,1,0.0,10.0
29,1,0,0,1,0.09666667,10.71428571
1,1,0,0,1,0.0,10.0
1,1,0,0,1,0.0,10.0
6,1,0,0,1,0.02,60.0
4,1,0,0,1,0.01333333,100.0
15,1,0,0,1,0.05,21.42857143
1,1,0,0,1,0.0,10.0
10,1,0,0,1,0.03333333,33.33333333
1,1,0,0,1,0.0,10.0
14,1,0,0,1,0.04666667,23.07692308
6,1,0,0,1,0.02,60.0
1,1,0,0,1,0.0,10.0
1,1,0,0,1,0.0,10.0
111,1,0,0,1,0.37,2.72727273
4,1,0,0,1,0.01333333,100.0
13,1,0,0,1,0.04333333,25.0
24,1,0,0,1,0.08,13.04347826
1,1,0,0,1,0.0,10.0
74,1,0,0,1,0.24666667,4.10958904
208,1,0,0,1,0.69333333,1.44927536
65,1,0,0,1,0.21666667,4.6875
1,1,0,0,1,0.0,10.0
73,1,0,0,1,0.24333333,4.16666667
1,1,0,0,1,0.0,10.0
68,1,0,0,1,0.22666667,4.47761194
17,1,0,0,1,0.05666667,18.75
275,1,0,0,1,0.91666667,1.09489051
1,1,0,0,1,0.0,10.0
21,1,0,0,1,0.07,15.0
27,1,0,0,1,0.09,11.53846154
5,1,0,0,1,0.01666667,75.0
3,1,0,0,1,0.01,150.0
2,1,0,0,1,0.00666667,300.0
74,1,0,0,1,0.24666667,4.10958904
1,1,0,0,1,0.0,10.0
32,1,0,0,1,0.10666667,9.67741935
1,1,0,0,1,0.0,10.0
5,1,0,0,1,0.01666667,75.0
17,1,0,0,1,0.05666667,18.75
35,1,0,0,1,0.11666667,8.82352941
1,1,0,0,1,0.0,10.0
137,1,0,0,1,0.45666667,2.20588235
2,1,0,0,1,0.00666667,300.0
191,1,0,0,1,0.63666667,1.57894737
20,1,0,0,1,0.06666667,15.78947368
11,1,0,0,1,0.03666667,30.0
26,1,0,0,1,0.08666667,12.0
113,1,0,0,1,0.37666667,2.67857143
68,1,0,0,1,0.22666667,4.47761194
1,1,0,0,1,0.0,10.0
23,1,0,0,1,0.07666667,13.63636364
11,1,0,0,1,0.03666667,30.0
2,1,0,0,1,0.00666667,300.0
1,1,0,0,1,0.0,10.0
3,1,0,0,1,0.01,150.0
6,1,0,0,1,0.02,60.0
3,1,0,0,1,0.01,150.0
8,1,0,0,1,0.02666667,42.85714286
19,1,0,0,1,0.06333333,16.66666667
18,1,0,0,1,0.06,17.64705882
2,1,0,0,1,0.00666667,300.0
1,1,0,0,1,0.0,10.0
8,1,0,0,1,0.02666667,42.85714286
27,1,0,0,1,0.09,11.53846154
15,1,0,0,1,0.05,21.42857143
3,1,0,0,1,0.01,150.0
26,1,0,0,1,0.08666667,12.0
23,1,0,0,1,0.07666667,13.63636364
135,1,0,0,1,0.45,2.23880597
1,1,0,0,1,0.0,10.0
4,1,0,0,1,0.01333333,100.0
110,1,0,0,1,0.36666667,2.75229358
2,1,0,0,1,0.00666667,300.0
23,1,0,0,1,0.07666667,13.63636364
68,1,0,0,1,0.22666667,4.47761194
1,1,0,0,1,0.0,10.0
7,1,0,0,1,0.02333333,50.0
1,1,0,0,1,0.0,10.0
3,1,0,0,1,0.01,150.0
2,1,0,0,1,0.00666667,300.0
6,1,0,0,1,0.02,60.0
1,1,0,0,1,0.0,10.0
13,1,0,0,1,0.04333333,25.0
32,1,0,0,1,0.10666667,9.67741935
9,1,0,0,1,0.03,37.5
278,1,0,0,1,0.92666667,1.08303249
1,1,0,0,1,0.0,10.0
4,1,0,0,1,0.01333333,100.0
1,1,0,0,1,0.0,10.0
4,1,0,0,1,0.01333333,100.0
4,1,0,0,1,0.01333333,100.0
1,1,0,0,1,0.0,10.0
9,1,0,0,1,0.03,37.5
261,1,0,0,1,0.87,1.15384615
7,1,0,0,1,0.02333333,50.0
2,1,0,0,1,0.00666667,300.0
3,1,0,0,1,0.01,150.0
5,1,0,0,1,0.01666667,75.0
4,1,0,0,1,0.01333333,100.0
25,1,0,0,1,0.08333333,12.5
189,1,0,0,1,0.63,1.59574468
245,1,0,0,1,0.81666667,1.2295082
6,1,0,0,1,0.02,60.0
1,1,0,0,1,0.0,10.0
5,1,0,0,1,0.01666667,75.0
1,1,0,0,1,0.0,10.0
2,1,0,0,1,0.00666667,300.0
19,1,0,0,1,0.06333333,16.66666667
3,1,0,0,1,0.01,150.0
5,1,0,0,1,0.01666667,75.0
17,1,0,0,1,0.05666667,18.75
2,1,0,0,1,0.00666667,300.0
19,1,0,0,1,0.06333333,16.66666667
10,1,0,0,1,0.03333333,33.33333333
1,1,0,0,1,0.0,10.0
21,1,0,0,1,0.07,15.0
7,1,0,0,1,0.02333333,50.0
1,1,0,0,1,0.0,10.0
2,1,0,0,1,0.00666667,300.0
1,1,0,0,1,0.0,10.0
2,1,0,0,1,0.00666667,300.0
1,1,0,0,1,0.0,10.0
5,1,0,0,1,0.01666667,75.0
1,1,0,0,1,0.0,10.0
154,1,0,0,1,0.51333333,1.96078431
1,1,0,0,1,0.0,10.0
2,1,0,0,1,0.00666667,300.0
22,1,0,0,1,0.07333333,14.28571429
1,1,0,0,1,0.0,10.0
1,1,0,0,1,0.0,10.0
8,1,0,0,1,0.02666667,42.85714286
15,1,0,0,1,0.05,21.42857143
11,1,0,0,1,0.03666667,30.0
1,1,0,0,1,0.0,10.0
7,1,0,0,1,0.02333333,50.0
10,1,0,0,1,0.03333333,33.33333333
1,1,0,0,1,0.0,10.0
14,1,0,0,1,0.04666667,23.07692308
1,1,0,0,1,0.0,10.0
1,1,0,0,1,0.0,10.0
1,1,0,0,1,0.0,10.0
6,1,0,0,1,0.02,60.0
15,1,0,0,1,0.05,21.42857143
2,1,0,0,1,0.00666667,300.0
4,1,0,0,1,0.01333333,100.0
2,1,0,0,1,0.00666667,300.0
1,1,0,0,1,0.0,10.0
1,1,0,0,1,0.0,10.0
1,1,0,0,1,0.0,10.0
1,1,0,0,1,0.0,10.0
6,1,0,0,1,0.02,60.0
64,1,0,0,1,0.21333333,4.76190476
5,1,0,0,1,0.01666667,75.0
281,1,0,0,1,0.93666667,1.07142857
1,1,0,0,1,0.0,10.0
2,1,0,0,1,0.00666667,300.0
8,1,0,0,1,0.02666667,42.85714286
24,1,0,0,1,0.08,13.04347826
6,1,0,0,1,0.02,60.0
1,1,0,0,1,0.0,10.0
2,1,0,0,1,0.00666667,300.0
1,1,0,0,1,0.0,10.0
1,1,0,0,1,0.0,10.0
1,1,0,0,1,0.0,10.0
6,1,0,0,1,0.02,60.0
1,1,0,0,1,0.0,10.0
4,1,0,0,1,0.01333333,100.0
1,1,0,0,1,0.0,10.0
24,1,0,0,1,0.08,13.04347826
4,1,0,0,1,0.01333333,100.0
2,1,0,0,1,0.00666667,300.0
8,1,0,0,1,0.02666667,42.85714286
9,1,0,0,1,0.03,37.5
6,1,0,0,1,0.02,60.0
11,1,0,0,1,0.03666667,30.0
8,1,0,0,1,0.02666667,42.85714286
22,1,0,0,1,0.07333333,14.28571429
1,1,0,0,1,0.0,10.0
7,1,0,0,1,0.02333333,50.0
1,1,0,0,1,0.0,10.0
9,1,0,0,1,0.03,37.5
165,1,0,0,1,0.55,1.82926829
12,1,0,0,1,0.04,27.27272727
9,1,0,0,1,0.03,37.5
3,1,0,0,1,0.01,150.0
12,1,0,0,1,0.04,27.27272727
10,1,0,0,1,0.03333333,33.33333333
4,1,0,0,1,0.01333333,100.0
14,1,0,0,1,0.04666667,23.07692308
1,1,0,0,1,0.0,10.0
4,1,0,0,1,0.01333333,100.0
8,1,0,0,1,0.02666667,42.85714286
140,1,0,0,1,0.46666667,2.15827338
11,1,0,0,1,0.03666667,30.0
4,1,0,0,1,0.01333333,100.0
7,1,0,0,1,0.02333333,50.0
5,1,0,0,1,0.01666667,75.0
7,1,0,0,1,0.02333333,50.0
18,1,0,0,1,0.06,17.64705882
12,1,0,0,1,0.04,27.27272727
3,1,0,0,1,0.01,150.0
1,1,0,0,1,0.0,10.0
4,1,0,0,1,0.01333333,100.0
10,1,0,0,1,0.03333333,33.33333333
9,1,0,0,1,0.03,37.5
2,1,0,0,1,0.00666667,300.0
1,1,0,0,1,0.0,10.0
7,1,0,0,1,0.02333333,50.0
36,1,0,0,1,0.12,8.57142857
16,1,0,0,1,0.05333333,20.0
2,1,0,0,1,0.00666667,300.0
2,1,0,0,1,0.00666667,300.0
1,1,0,0,1,0.0,10.0
11,1,0,0,1,0.03666667,30.0
258,1,0,0,1,0.86,1.16731518
70,1,0,0,1,0.23333333,4.34782609
6,1,0,0,1,0.02,60.0
12,1,0,0,1,0.04,27.27272727
5,1,0,0,1,0.01666667,75.0
1,1,0,0,1,0.0,10.0
1,1,0,0,1,0.0,10.0
2,1,0,0,1,0.00666667,300.0
1,1,0,0,1,0.0,10.0
1,1,0,0,1,0.0,10.0
1,1,0,0,1,0.0,10.0
13,1,0,0,1,0.04333333,25.0
1,1,0,0,1,0.0,10.0
1,1,0,0,1,0.0,10.0
2,1,0,0,1,0.00666667,300.0
4,1,0,0,1,0.01333333,100.0
9,1,0,0,1,0.03,37.5
7,1,0,0,1,0.02333333,50.0
1,1,0,0,1,0.0,10.0
11,1,0,0,1,0.03666667,30.0
2,1,0,0,1,0.00666667,300.0
6,1,0,0,1,0.02,60.0
4,1,0,0,1,0.01333333,100.0
3,1,0,0,1,0.01,150.0
1,1,0,0,1,0.0,10.0
3,1,0,0,1,0.01,150.0
1,1,0,0,1,0.0,10.0
1,1,0,0,1,0.0,10.0
8,1,0,0,1,0.02666667,42.85714286
1,1,0,0,1,0.0,10.0
1,1,0,0,1,0.0,10.0
17,1,0,0,1,0.05666667,18.75
1,1,0,0,1,0.0,10.0
10,1,0,0,1,0.03333333,33.33333333
3,1,0,0,1,0.01,150.0
17,1,0,0,1,0.05666667,18.75
144,1,0,0,1,0.48,2.0979021
1,1,0,0,1,0.0,10.0
3,1,0,0,1,0.01,150.0
17,1,0,0,1,0.05666667,18.75
17,1,0,0,1,0.05666667,18.75
16,1,0,0,1,0.05333333,20.0
17,1,0,0,1,0.05666667,18.75
3,1,0,0,1,0.01,150.0
1,1,0,0,1,0.0,10.0
1,1,0,0,1,0.0,10.0
291,1,0,0,1,0.97,1.03448276
124,1,0,0,1,0.41333333,2.43902439
2,1,0,0,1,0.00666667,300.0
31,1,0,0,1,0.10333333,10.0
1,1,0,0,1,0.0,10.0
1,1,0,0,1,0.0,10.0
6,1,0,0,1,0.02,60.0
139,1,0,0,1,0.46333333,2.17391304
2,1,0,0,1,0.00666667,300.0
1,1,0,0,1,0.0,10.0
29,1,0,0,1,0.09666667,10.71428571
170,1,0,0,1,0.56666667,1.77514793
83,1,0,0,1,0.27666667,3.65853659
188,1,0,0,1,0.62666667,1.60427807
1,1,0,0,1,0.0,10.0
9,1,0,0,1,0.03,37.5
21,1,0,0,1,0.07,15.0
1,1,0,0,1,0.0,10.0
8,1,0,0,1,0.02666667,42.85714286
4,1,0,0,1,0.01333333,100.0
1,1,0,0,1,0.0,10.0
1,1,0,0,1,0.0,10.0
1,1,0,0,1,0.0,10.0
1,1,0,0,1,0.0,10.0
2,1,0,0,1,0.00666667,300.0
38,1,0,0,1,0.12666667,8.10810811
2,1,0,0,1,0.00666667,300.0
27,1,0,0,1,0.09,11.53846154
11,1,0,0,1,0.03666667,30.0
1,1,0,0,1,0.0,10.0
6,1,0,0,1,0.02,60.0
5,1,0,0,1,0.01666667,75.0
1,1,0,0,1,0.0,10.0
1,1,0,0,1,0.0,10.0
9,1,0,0,1,0.03,37.5
59,1,0,0,1,0.19666667,5.17241379
2,1,0,0,1,0.00666667,300.0
3,1,0,0,1,0.01,150.0
1,1,0,0,1,0.0,10.0
1,1,0,0,1,0.0,10.0
7,1,0,0,1,0.02333333,50.0
2,1,0,0,1,0.00666667,300.0
7,1,0,0,1,0.02333333,50.0
5,1,0,0,1,0.01666667,75.0
2,1,0,0,1,0.00666667,300.0
8,1,0,0,1,0.02666667,42.85714286
2,1,0,0,1,0.00666667,300.0
5,1,0,0,1,0.01666667,75.0
16,1,0,0,1,0.05333333,20.0
1,1,0,0,1,0.0,10.0
18,1,0,0,1,0.06,17.64705882
381,1,0,0,1,1.27,0.78947368
1,1,0,0,1,0.0,10.0
1,1,0,0,1,0.0,10.0
299,1,0,0,1,0.99666667,1.00671141
5,1,0,0,1,0.01666667,75.0
1,1,0,0,1,0.0,10.0
1,1,0,0,1,0.0,10.0
7,1,0,0,1,0.02333333,50.0
1,1,0,0,1,0.0,10.0
2,1,0,0,1,0.00666667,300.0
19,1,0,0,1,0.06333333,16.66666667
16,1,0,0,1,0.05333333,20.0
2,1,0,0,1,0.00666667,300.0
1,1,0,0,1,0.0,10.0
13,1,0,0,1,0.04333333,25.0
207,1,0,0,1,0.69,1.45631068
2,1,0,0,1,0.00666667,300.0
4,1,0,0,1,0.01333333,100.0
1,1,0,0,1,0.0,10.0
1,1,0,0,1,0.0,10.0
3,1,0,0,1,0.01,150.0
1,1,0,0,1,0.0,10.0
1,1,0,0,1,0.0,10.0
2,1,0,0,1,0.00666667,300.0
1,1,0,0,1,0.0,10.0
1,1,0,0,1,0.0,10.0
12,1,0,0,1,0.04,27.27272727
3,1,0,0,1,0.01,150.0
4,1,0,0,1,0.01333333,100.0
4,1,0,0,1,0.01333333,100.0
7,1,0,0,1,0.02333333,50.0
84,1,0,0,1,0.28,3.61445783
2,1,0,0,1,0.00666667,300.0
2,1,0,0,1,0.00666667,300.0
181,1,0,0,1,0.60333333,1.66666667
7,1,0,0,1,0.02333333,50.0
1,1,0,0,1,0.0,10.0
1,1,0,0,1,0.0,10.0
24,1,0,0,1,0.08,13.04347826
67,1,0,0,1,0.22333333,4.54545455
1,1,0,0,1,0.0,10.0
5,1,0,0,1,0.01666667,75.0
4,1,0,0,1,0.01333333,100.0
1,1,0,0,1,0.0,10.0
1,1,0,0,1,0.0,10.0
74,1,0,0,1,0.24666667,4.10958904
399,1,0,0,1,1.33,0.75376884
1,1,0,0,1,0.0,10.0
6,1,0,0,1,0.02,60.0
1,1,0,0,1,0.0,10.0
1,1,0,0,1,0.0,10.0
4,1,0,0,1,0.01333333,100.0
14,1,0,0,1,0.04666667,23.07692308
2,1,0,0,1,0.00666667,300.0
14,1,0,0,1,0.04666667,23.07692308
20,1,0,0,1,0.06666667,15.78947368
1,1,0,0,1,0.0,10.0
5,1,0,0,1,0.01666667,75.0
303,1,0,0,1,1.01,0.99337748
1,1,0,0,1,0.0,10.0
15,1,0,0,1,0.05,21.42857143
1,1,0,0,1,0.0,10.0
1,1,0,0,1,0.0,10.0
1,1,0,0,1,0.0,10.0
12,1,0,0,1,0.04,27.27272727
67,1,0,0,1,0.22333333,4.54545455
7,1,0,0,1,0.02333333,50.0
142,1,0,0,1,0.47333333,2.12765957
3,1,0,0,1,0.01,150.0
1,1,0,0,1,0.0,10.0
1,1,0,0,1,0.0,10.0
6,1,0,0,1,0.02,60.0
192,1,0,0,1,0.64,1.57068063
1,1,0,0,1,0.0,10.0
19,1,0,0,1,0.06333333,16.66666667
212,1,0,0,1,0.70666667,1.42180095
7,1,0,0,1,0.02333333,50.0
16,1,0,0,1,0.05333333,20.0
1,1,0,0,1,0.0,10.0
2,1,0,0,1,0.00666667,300.0
21,1,0,0,1,0.07,15.0
8,1,0,0,1,0.02666667,42.85714286
5,1,0,0,1,0.01666667,75.0
1,1,0,0,1,0.0,10.0
2,1,0,0,1,0.00666667,300.0
30,1,0,0,1,0.1,10.34482759
1,1,0,0,1,0.0,10.0
1,1,0,0,1,0.0,10.0
5,1,0,0,1,0.01666667,75.0
18,1,0,0,1,0.06,17.64705882
207,1,0,0,1,0.69,1.45631068
124,1,0,0,1,0.41333333,2.43902439
21,1,0,0,1,0.07,15.0
1,1,0,0,1,0.0,10.0
1,1,0,0,1,0.0,10.0
1,1,0,0,1,0.0,10.0
1,1,0,0,1,0.0,10.0
11,1,0,0,1,0.03666667,30.0
1,1,0,0,1,0.0,10.0
1,1,0,0,1,0.0,10.0
3,1,0,0,1,0.01,150.0
2,1,0,0,1,0.00666667,300.0
1,1,0,0,1,0.0,10.0
6,1,0,0,1,0.02,60.0
5,1,0,0,1,0.01666667,75.0
1,1,0,0,1,0.0,10.0
1,1,0,0,1,0.0,10.0
32,1,0,0,1,0.10666667,9.67741935
19,1,0,0,1,0.06333333,16.66666667
1,1,0,0,1,0.0,10.0
1,1,0,0,1,0.0,10.0
4,1,0,0,1,0.01333333,100.0
15,1,0,0,1,0.05,21.42857143
8,1,0,0,1,0.02666667,42.85714286
267,1,0,0,1,0.89,1.12781955
4,1,0,0,1,0.01333333,100.0
2,1,0,0,1,0.00666667,300.0
1,1,0,0,1,0.0,10.0
3,1,0,0,1,0.01,150.0
134,1,0,0,1,0.44666667,2.2556391
2,1,0,0,1,0.00666667,300.0
142,1,0,0,1,0.47333333,2.12765957
5,1,0,0,1,0.01666667,75.0
1,1,0,0,1,0.0,10.0
3,1,0,0,1,0.01,150.0
5,1,0,0,1,0.01666667,75.0
1,1,0,0,1,0.0,10.0
16,1,0,0,1,0.05333333,20.0
3,1,0,0,1,0.01,150.0
18,1,0,0,1,0.06,17.64705882
5,1,0,0,1,0.01666667,75.0
9,1,0,0,1,0.03,37.5
5,1,0,0,1,0.01666667,75.0
17,1,0,0,1,0.05666667,18.75
3,1,0,0,1,0.01,150.0
1,1,0,0,1,0.0,10.0
1,1,0,0,1,0.0,10.0
1,1,0,0,1,0.0,10.0
6,1,0,0,1,0.02,60.0
1,1,0,0,1,0.0,10.0
7,1,0,0,1,0.02333333,50.0
1,1,0,0,1,0.0,10.0
9,1,0,0,1,0.03,37.5
1,1,0,0,1,0.0,10.0
254,1,0,0,1,0.84666667,1.18577075
4,1,0,0,1,0.01333333,100.0
4,1,0,0,1,0.01333333,100.0
251,1,0,0,1,0.83666667,1.2
78,1,0,0,1,0.26,3.8961039
2,1,0,0,1,0.00666667,300.0
20,1,0,0,1,0.06666667,15.78947368
7,1,0,0,1,0.02333333,50.0
9,1,0,0,1,0.03,37.5
6,1,0,0,1,0.02,60.0
1,1,0,0,1,0.0,10.0
1,1,0,0,1,0.0,10.0
6,1,0,0,1,0.02,60.0
2,1,0,0,1,0.00666667,300.0
16,1,0,0,1,0.05333333,20.0
5,1,0,0,1,0.01666667,75.0
1,1,0,0,1,0.0,10.0
2,1,0,0,1,0.00666667,300.0
2,1,0,0,1,0.00666667,300.0
11,1,0,0,1,0.03666667,30.0
7,1,0,0,1,0.02333333,50.0
15,1,0,0,1,0.05,21.42857143
16,1,0,0,1,0.05333333,20.0
1,1,0,0,1,0.0,10.0
6,1,0,0,1,0.02,60.0
9,1,0,0,1,0.03,37.5
69,1,0,0,1,0.23,4.41176471
1,1,0,0,1,0.0,10.0
1,1,0,0,1,0.0,10.0
274,1,0,0,1,0.91333333,1.0989011
31,1,0,0,1,0.10333333,10.0
18,1,0,0,1,0.06,17.64705882
8,1,0,0,1,0.02666667,42.85714286
1,1,0,0,1,0.0,10.0
8,1,0,0,1,0.02666667,42.85714286
1,1,0,0,1,0.0,10.0
5,1,0,0,1,0.01666667,75.0
3,1,0,0,1,0.01,150.0
5,1,0,0,1,0.01666667,75.0
276,1,0,0,1,0.92,1.09090909
1,1,0,0,1,0.0,10.0
136,1,0,0,1,0.45333333,2.22222222
7,1,0,0,1,0.02333333,50.0
12,1,0,0,1,0.04,27.27272727
3,1,0,0,1,0.01,150.0
6,1,0,0,1,0.02,60.0
1,1,0,0,1,0.0,10.0
4,1,0,0,1,0.01333333,100.0
1,1,0,0,1,0.0,10.0
3,1,0,0,1,0.01,150.0
2,1,0,0,1,0.00666667,300.0
1,1,0,0,1,0.0,10.0
511,1,0,0,1,1.70333333,0.58823529
6,1,0,0,1,0.02,60.0
1,1,0,0,1,0.0,10.0
8,1,0,0,1,0.02666667,42.85714286
23,1,0,0,1,0.07666667,13.63636364
1,1,0,0,1,0.0,10.0
3,1,0,0,1,0.01,150.0
2,1,0,0,1,0.00666667,300.0
4,1,0,0,1,0.01333333,100.0
1,1,0,0,1,0.0,10.0
13,1,0,0,1,0.04333333,25.0
9,1,0,0,1,0.03,37.5
1,1,0,0,1,0.0,10.0
1,1,0,0,1,0.0,10.0
13,1,0,0,1,0.04333333,25.0
1,1,0,0,1,0.0,10.0
18,1,0,0,1,0.06,17.64705882
12,1,0,0,1,0.04,27.27272727
6,1,0,0,1,0.02,60.0
15,1,0,0,1,0.05,21.42857143
7,1,0,0,1,0.02333333,50.0
11,1,0,0,1,0.03666667,30.0
7,1,0,0,1,0.02333333,50.0
4,1,0,0,1,0.01333333,100.0
2,1,0,0,1,0.00666667,300.0
3,1,0,0,1,0.01,150.0
1,1,0,0,1,0.0,10.0
1,1,0,0,1,0.0,10.0
12,1,0,0,1,0.04,27.27272727
4,1,0,0,1,0.01333333,100.0
2,1,0,0,1,0.00666667,300.0
5,1,0,0,1,0.01666667,75.0
4,1,0,0,1,0.01333333,100.0
1,1,0,0,1,0.0,10.0
6,1,0,0,1,0.02,60.0
2,1,0,0,1,0.00666667,300.0
1,1,0,0,1,0.0,10.0
1,1,0,0,1,0.0,10.0
1,1,0,0,1,0.0,10.0
8,1,0,0,1,0.02666667,42.85714286
1,1,0,0,1,0.0,10.0
185,1,0,0,1,0.61666667,1.63043478
4,1,0,0,1,0.01333333,100.0
124,1,0,0,1,0.41333333,2.43902439
1,1,0,0,1,0.0,10.0
22,1,0,0,1,0.07333333,14.28571429
6,1,0,0,1,0.02,60.0
2,1,0,0,1,0.00666667,300.0
15,1,0,0,1,0.05,21.42857143
1,1,0,0,1,0.0,10.0
6,1,0,0,1,0.02,60.0
74,1,0,0,1,0.24666667,4.10958904
3,1,0,0,1,0.01,150.0
149,1,0,0,1,0.49666667,2.02702703
1,1,0,0,1,0.0,10.0
156,1,0,0,1,0.52,1.93548387
1,1,0,0,1,0.0,10.0
4,1,0,0,1,0.01333333,100.0
5,1,0,0,1,0.01666667,75.0
3,1,0,0,1,0.01,150.0
2,1,0,0,1,0.00666667,300.0
4,1,0,0,1,0.01333333,100.0
8,1,0,0,1,0.02666667,42.85714286
1,1,0,0,1,0.0,10.0
1,1,0,0,1,0.0,10.0
1,1,0,0,1,0.0,10.0
5,1,0,0,1,0.01666667,75.0
26,1,0,0,1,0.08666667,12.0
3,1,0,0,1,0.01,150.0
164,1,0,0,1,0.54666667,1.8404908
3,1,0,0,1,0.01,150.0
3,1,0,0,1,0.01,150.0
4,1,0,0,1,0.01333333,100.0
13,1,0,0,1,0.04333333,25.0
11,1,0,0,1,0.03666667,30.0
6,1,0,0,1,0.02,60.0
6,1,0,0,1,0.02,60.0
2,1,0,0,1,0.00666667,300.0
1,1,0,0,1,0.0,10.0
194,1,0,0,1,0.64666667,1.55440415
12,1,0,0,1,0.04,27.27272727
1,1,0,0,1,0.0,10.0
73,1,0,0,1,0.24333333,4.16666667
1,1,0,0,1,0.0,10.0
115,1,0,0,1,0.38333333,2.63157895
5,1,0,0,1,0.01666667,75.0
8,1,0,0,1,0.02666667,42.85714286
2,1,0,0,1,0.00666667,300.0
1,1,0,0,1,0.0,10.0
1,1,0,0,1,0.0,10.0
2,1,0,0,1,0.00666667,300.0
1,1,0,0,1,0.0,10.0
14,1,0,0,1,0.04666667,23.07692308
1,1,0,0,1,0.0,10.0
2,1,0,0,1,0.00666667,300.0
2,1,0,0,1,0.00666667,300.0
4,1,0,0,1,0.01333333,100.0
1,1,0,0,1,0.0,10.0
5,1,0,0,1,0.01666667,75.0
6,1,0,0,1,0.02,60.0
5,1,0,0,1,0.01666667,75.0
270,1,0,0,1,0.9,1.11524164
21,1,0,0,1,0.07,15.0
12,1,0,0,1,0.04,27.27272727
2,1,0,0,1,0.00666667,300.0
6,1,0,0,1,0.02,60.0
18,1,0,0,1,0.06,17.64705882
2,1,0,0,1,0.00666667,300.0
1,1,0,0,1,0.0,10.0
14,1,0,0,1,0.04666667,23.07692308
15,1,0,0,1,0.05,21.42857143
14,1,0,0,1,0.04666667,23.07692308
7,1,0,0,1,0.02333333,50.0
1,1,0,0,1,0.0,10.0
2,1,0,0,1,0.00666667,300.0
1,1,0,0,1,0.0,10.0
1,1,0,0,1,0.0,10.0
22,1,0,0,1,0.07333333,14.28571429
8,1,0,0,1,0.02666667,42.85714286
1,1,0,0,1,0.0,10.0
4,1,0,0,1,0.01333333,100.0
1,1,0,0,1,0.0,10.0
1,1,0,0,1,0.0,10.0
11,1,0,0,1,0.03666667,30.0
231,1,0,0,1,0.77,1.30434783
158,1,0,0,1,0.52666667,1.91082803
1,1,0,0,1,0.0,10.0
41,1,0,0,1,0.13666667,7.5
1,1,0,0,1,0.0,10.0
86,1,0,0,1,0.28666667,3.52941176
1,1,0,0,1,0.0,10.0
1,1,0,0,1,0.0,10.0
1,1,0,0,1,0.0,10.0
1,1,0,0,1,0.0,10.0
1,1,0,0,1,0.0,10.0
77,1,0,0,1,0.25666667,3.94736842
1,1,0,0,1,0.0,10.0
2,1,0,0,1,0.00666667,300.0
18,1,0,0,1,0.06,17.64705882
1,1,0,0,1,0.0,10.0
8,1,0,0,1,0.02666667,42.85714286
14,1,0,0,1,0.04666667,23.07692308
1,1,0,0,1,0.0,10.0
5,1,0,0,1,0.01666667,75.0
2,1,0,0,1,0.00666667,300.0
12,1,0,0,1,0.04,27.27272727
45,1,0,0,1,0.15,6.81818182
3,1,0,0,1,0.01,150.0
1,1,0,0,1,0.0,10.0
9,1,0,0,1,0.03,37.5
13,1,0,0,1,0.04333333,25.0
100,1,0,0,1,0.33333333,3.03030303
1,1,0,0,1,0.0,10.0
15,1,0,0,1,0.05,21.42857143
148,1,0,0,1,0.49333333,2.04081633
17,1,0,0,1,0.05666667,18.75
5,1,0,0,1,0.01666667,75.0
183,1,0,0,1,0.61,1.64835165
1,1,0,0,1,0.0,10.0
230,1,0,0,1,0.76666667,1.31004367
1,1,0,0,1,0.0,10.0
9,1,0,0,1,0.03,37.5
1,1,0,0,1,0.0,10.0
260,1,0,0,1,0.86666667,1.15830116
2,1,0,0,1,0.00666667,300.0
1,1,0,0,1,0.0,10.0
1,1,0,0,1,0.0,10.0
1,1,0,0,1,0.0,10.0
72,1,0,0,1,0.24,4.22535211
1,1,0,0,1,0.0,10.0
2,1,0,0,1,0.00666667,300.0
5,1,0,0,1,0.01666667,75.0
2,1,0,0,1,0.00666667,300.0
7,1,0,0,1,0.02333333,50.0
2,1,0,0,1,0.00666667,300.0
7,1,0,0,1,0.02333333,50.0
1,1,0,0,1,0.0,10.0
112,1,0,0,1,0.37333333,2.7027027
2,1,0,0,1,0.00666667,300.0
11,1,0,0,1,0.03666667,30.0
108,1,0,0,1,0.36,2.80373832
2,1,0,0,1,0.00666667,300.0
1,1,0,0,1,0.0,10.0
2,1,0,0,1,0.00666667,300.0
122,1,0,0,1,0.40666667,2.47933884
3,1,0,0,1,0.01,150.0
1,1,0,0,1,0.0,10.0
2,1,0,0,1,0.00666667,300.0
3,1,0,0,1,0.01,150.0
11,1,0,0,1,0.03666667,30.0
30,1,0,0,1,0.1,10.34482759
11,1,0,0,1,0.03666667,30.0
2,1,0,0,1,0.00666667,300.0
5,1,0,0,1,0.01666667,75.0
1,1,0,0,1,0.0,10.0
9,1,0,0,1,0.03,37.5
1,1,0,0,1,0.0,10.0
138,1,0,0,1,0.46,2.18978102
1,1,0,0,1,0.0,10.0
12,1,0,0,1,0.04,27.27272727
1,1,0,0,1,0.0,10.0
2,1,0,0,1,0.00666667,300.0
1,1,0,0,1,0.0,10.0
8,1,0,0,1,0.02666667,42.85714286
9,1,0,0,1,0.03,37.5
4,1,0,0,1,0.01333333,100.0
1,1,0,0,1,0.0,10.0
2,1,0,0,1,0.00666667,300.0
25,1,0,0,1,0.08333333,12.5
2,1,0,0,1,0.00666667,300.0
136,1,0,0,1,0.45333333,2.22222222
33,1,0,0,1,0.11,9.375
19,1,0,0,1,0.06333333,16.66666667
1,1,0,0,1,0.0,10.0
23,1,0,0,1,0.07666667,13.63636364
4,1,0,0,1,0.01333333,100.0
9,1,0,0,1,0.03,37.5
1,1,0,0,1,0.0,10.0
157,1,0,0,1,0.52333333,1.92307692
26,1,0,0,1,0.08666667,12.0
276,1,0,0,1,0.92,1.09090909
25,1,0,0,1,0.08333333,12.5
4,1,0,0,1,0.01333333,100.0
2,1,0,0,1,0.00666667,300.0
159,1,0,0,1,0.53,1.89873418
1,1,0,0,1,0.0,10.0
3,1,0,0,1,0.01,150.0
127,1,0,0,1,0.42333333,2.38095238
13,1,0,0,1,0.04333333,25.0
17,1,0,0,1,0.05666667,18.75
2,1,0,0,1,0.00666667,300.0
2,1,0,0,1,0.00666667,300.0
21,1,0,0,1,0.07,15.0
7,1,0,0,1,0.02333333,50.0
26,1,0,0,1,0.08666667,12.0
6,1,0,0,1,0.02,60.0
3,1,0,0,1,0.01,150.0
1,1,0,0,1,0.0,10.0
11,1,0,0,1,0.03666667,30.0
38,1,0,0,1,0.12666667,8.10810811
13,1,0,0,1,0.04333333,25.0
1,1,0,0,1,0.0,10.0
12,1,0,0,1,0.04,27.27272727
26,1,0,0,1,0.08666667,12.0
10,1,0,0,1,0.03333333,33.33333333
4,1,0,0,1,0.01333333,100.0
12,1,0,0,1,0.04,27.27272727
15,1,0,0,1,0.05,21.42857143
1,1,0,0,1,0.0,10.0
1,1,0,0,1,0.0,10.0
3,1,0,0,1,0.01,150.0
5,1,0,0,1,0.01666667,75.0
4,1,0,0,1,0.01333333,100.0
1,1,0,0,1,0.0,10.0
2,1,0,0,1,0.00666667,300.0
2,1,0,0,1,0.00666667,300.0
11,1,0,0,1,0.03666667,30.0
1,1,0,0,1,0.0,10.0
2,1,0,0,1,0.00666667,300.0
155,1,0,0,1,0.51666667,1.94805195
3,1,0,0,1,0.01,150.0
1,1,0,0,1,0.0,10.0
13,1,0,0,1,0.04333333,25.0
11,1,0,0,1,0.03666667,30.0
153,1,0,0,1,0.51,1.97368421
1,1,0,0,1,0.0,10.0
2,1,0,0,1,0.00666667,300.0
28,1,0,0,1,0.09333333,11.11111111
1,1,0,0,1,0.0,10.0
2,1,0,0,1,0.00666667,300.0
1,1,0,0,1,0.0,10.0
70,1,0,0,1,0.23333333,4.34782609
1,1,0,0,1,0.0,10.0
1,1,0,0,1,0.0,10.0
20,1,0,0,1,0.06666667,15.78947368
7,1,0,0,1,0.02333333,50.0
6,1,0,0,1,0.02,60.0
1,1,0,0,1,0.0,10.0
1,1,0,0,1,0.0,10.0
10,1,0,0,1,0.03333333,33.33333333
3,1,0,0,1,0.01,150.0
104,1,0,0,1,0.34666667,2.91262136
1,1,0,0,1,0.0,10.0
6,1,0,0,1,0.02,60.0
189,1,0,0,1,0.63,1.59574468
16,1,0,0,1,0.05333333,20.0
70,1,0,0,1,0.23333333,4.34782609
4,1,0,0,1,0.01333333,100.0
1,1,0,0,1,0.0,10.0
32,1,0,0,1,0.10666667,9.67741935
1,1,0,0,1,0.0,10.0
2,1,0,0,1,0.00666667,300.0
3,1,0,0,1,0.01,150.0
145,1,0,0,1,0.48333333,2.08333333
139,1,0,0,1,0.46333333,2.17391304
1,1,0,0,1,0.0,10.0
1,1,0,0,1,0.0,10.0
1,1,0,0,1,0.0,10.0
11,1,0,0,1,0.03666667,30.0
17,1,0,0,1,0.05666667,18.75
6,1,0,0,1,0.02,60.0
14,1,0,0,1,0.04666667,23.07692308
11,1,0,0,1,0.03666667,30.0
5,1,0,0,1,0.01666667,75.0
3,1,0,0,1,0.01,150.0
3,1,0,0,1,0.01,150.0
2,1,0,0,1,0.00666667,300.0
14,1,0,0,1,0.04666667,23.07692308
7,1,0,0,1,0.02333333,50.0
3,1,0,0,1,0.01,150.0
15,1,0,0,1,0.05,21.42857143
6,1,0,0,1,0.02,60.0
2,1,0,0,1,0.00666667,300.0
4,1,0,0,1,0.01333333,100.0
1,1,0,0,1,0.0,10.0
9,1,0,0,1,0.03,37.5
67,1,0,0,1,0.22333333,4.54545455
3,1,0,0,1,0.01,150.0
3,1,0,0,1,0.01,150.0
1,1,0,0,1,0.0,10.0
10,1,0,0,1,0.03333333,33.33333333
1,1,0,0,1,0.0,10.0
21,1,0,0,1,0.07,15.0
2,1,0,0,1,0.00666667,300.0
2,1,0,0,1,0.00666667,300.0
133,1,0,0,1,0.44333333,2.27272727
122,1,0,0,1,0.40666667,2.47933884
9,1,0,0,1,0.03,37.5
78,1,0,0,1,0.26,3.8961039
2,1,0,0,1,0.00666667,300.0
1,1,0,0,1,0.0,10.0
23,1,0,0,1,0.07666667,13.63636364
1,1,0,0,1,0.0,10.0
2,1,0,0,1,0.00666667,300.0
13,1,0,0,1,0.04333333,25.0
11,1,0,0,1,0.03666667,30.0
11,1,0,0,1,0.03666667,30.0
5,1,0,0,1,0.01666667,75.0
8,1,0,0,1,0.02666667,42.85714286
10,1,0,0,1,0.03333333,33.33333333
190,1,0,0,1,0.63333333,1.58730159
291,1,0,0,1,0.97,1.03448276
5,1,0,0,1,0.01666667,75.0
8,1,0,0,1,0.02666667,42.85714286
1,1,0,0,1,0.0,10.0
1,1,0,0,1,0.0,10.0
116,1,0,0,1,0.38666667,2.60869565
2,1,0,0,1,0.00666667,300.0
1,1,0,0,1,0.0,10.0
7,1,0,0,1,0.02333333,50.0
17,1,0,0,1,0.05666667,18.75
167,1,0,0,1,0.55666667,1.80722892
4,1,0,0,1,0.01333333,100.0
3,1,0,0,1,0.01,150.0
1,1,0,0,1,0.0,10.0
2,1,0,0,1,0.00666667,300.0
1,1,0,0,1,0.0,10.0
11,1,0,0,1,0.03666667,30.0
1,1,0,0,1,0.0,10.0
2,1,0,0,1,0.00666667,300.0
4,1,0,0,1,0.01333333,100.0
18,1,0,0,1,0.06,17.64705882
158,1,0,0,1,0.52666667,1.91082803
1,1,0,0,1,0.0,10.0
10,1,0,0,1,0.03333333,33.33333333
1,1,0,0,1,0.0,10.0
23,1,0,0,1,0.07666667,13.63636364
3,1,0,0,1,0.01,150.0
3,1,0,0,1,0.01,150.0
21,1,0,0,1,0.07,15.0
20,1,0,0,1,0.06666667,15.78947368
1,1,0,0,1,0.0,10.0
27,1,0,0,1,0.09,11.53846154
10,1,0,0,1,0.03333333,33.33333333
12,1,0,0,1,0.04,27.27272727
14,1,0,0,1,0.04666667,23.07692308
23,1,0,0,1,0.07666667,13.63636364
1,1,0,0,1,0.0,10.0
2,1,0,0,1,0.00666667,300.0
5,1,0,0,1,0.01666667,75.0
14,1,0,0,1,0.04666667,23.07692308
29,1,0,0,1,0.09666667,10.71428571
8,1,0,0,1,0.02666667,42.85714286
14,1,0,0,1,0.04666667,23.07692308
2,1,0,0,1,0.00666667,300.0
1,1,0,0,1,0.0,10.0
2,1,0,0,1,0.00666667,300.0
6,1,0,0,1,0.02,60.0
2,1,0,0,1,0.00666667,300.0
3,1,0,0,1,0.01,150.0
14,1,0,0,1,0.04666667,23.07692308
7,1,0,0,1,0.02333333,50.0
95,1,0,0,1,0.31666667,3.19148936
1,1,0,0,1,0.0,10.0
4,1,0,0,1,0.01333333,100.0
19,1,0,0,1,0.06333333,16.66666667
7,1,0,0,1,0.02333333,50.0
10,1,0,0,1,0.03333333,33.33333333
3,1,0,0,1,0.01,150.0
2,1,0,0,1,0.00666667,300.0
18,1,0,0,1,0.06,17.64705882
63,1,0,0,1,0.21,4.83870968
13,1,0,0,1,0.04333333,25.0
1,1,0,0,1,0.0,10.0
1,1,0,0,1,0.0,10.0
4,1,0,0,1,0.01333333,100.0
21,1,0,0,1,0.07,15.0
1,1,0,0,1,0.0,10.0
1,1,0,0,1,0.0,10.0
1,1,0,0,1,0.0,10.0
4,1,0,0,1,0.01333333,100.0
134,1,0,0,1,0.44666667,2.2556391
1,1,0,0,1,0.0,10.0
1,1,0,0,1,0.0,10.0
4,1,0,0,1,0.01333333,100.0
116,1,0,0,1,0.38666667,2.60869565
66,1,0,0,1,0.22,4.61538462
52,1,0,0,1,0.17333333,5.88235294
152,1,0,0,1,0.50666667,1.98675497
1,1,0,0,1,0.0,10.0
102,1,0,0,1,0.34,2.97029703
6,1,0,0,1,0.02,60.0
6,1,0,0,1,0.02,60.0
111,1,0,0,1,0.37,2.72727273
11,1,0,0,1,0.03666667,30.0
1,1,0,0,1,0.0,10.0
1,1,0,0,1,0.0,10.0
9,1,0,0,1,0.03,37.5
72,1,0,0,1,0.24,4.22535211
11,1,0,0,1,0.03666667,30.0
8,1,0,0,1,0.02666667,42.85714286
1,1,0,0,1,0.0,10.0
1,1,0,0,1,0.0,10.0
1,1,0,0,1,0.0,10.0
4,1,0,0,1,0.01333333,100.0
9,1,0,0,1,0.03,37.5
1,1,0,0,1,0.0,10.0
3,1,0,0,1,0.01,150.0
2,1,0,0,1,0.00666667,300.0
191,1,0,0,1,0.63666667,1.57894737
7,1,0,0,1,0.02333333,50.0
19,1,0,0,1,0.06333333,16.66666667
2,1,0,0,1,0.00666667,300.0
1,1,0,0,1,0.0,10.0
8,1,0,0,1,0.02666667,42.85714286
13,1,0,0,1,0.04333333,25.0
5,1,0,0,1,0.01666667,75.0
1,1,0,0,1,0.0,10.0
6,1,0,0,1,0.02,60.0
2,1,0,0,1,0.00666667,300.0
1,1,0,0,1,0.0,10.0
1,1,0,0,1,0.0,10.0
13,1,0,0,1,0.04333333,25.0
16,1,0,0,1,0.05333333,20.0
7,1,0,0,1,0.02333333,50.0
24,1,0,0,1,0.08,13.04347826
8,1,0,0,1,0.02666667,42.85714286
11,1,0,0,1,0.03666667,30.0
1,1,0,0,1,0.0,10.0
1,1,0,0,1,0.0,10.0
353,1,0,0,1,1.17666667,0.85227273
1,1,0,0,1,0.0,10.0
1,1,0,0,1,0.0,10.0
4,1,0,0,1,0.01333333,100.0
1,1,0,0,1,0.0,10.0
13,1,0,0,1,0.04333333,25.0
11,1,0,0,1,0.03666667,30.0
1,1,0,0,1,0.0,10.0
1,1,0,0,1,0.0,10.0
1,1,0,0,1,0.0,10.0
8,1,0,0,1,0.02666667,42.85714286
1,1,0,0,1,0.0,10.0
74,1,0,0,1,0.24666667,4.10958904
20,1,0,0,1,0.06666667,15.78947368
1,1,0,0,1,0.0,10.0
116,1,0,0,1,0.38666667,2.60869565
11,1,0,0,1,0.03666667,30.0
6,1,0,0,1,0.02,60.0
19,1,0,0,1,0.06333333,16.66666667
1,1,0,0,1,0.0,10.0
1,1,0,0,1,0.0,10.0
1,1,0,0,1,0.0,10.0
1,1,0,0,1,0.0,10.0
3,1,0,0,1,0.01,150.0
41,1,0,0,1,0.13666667,7.5
1,1,0,0,1,0.0,10.0
6,1,0,0,1,0.02,60.0
1,1,0,0,1,0.0,10.0
6,1,0,0,1,0.02,60.0
1,1,0,0,1,0.0,10.0
1,1,0,0,1,0.0,10.0
76,1,0,0,1,0.25333333,4.0
2,1,0,0,1,0.00666667,300.0
213,1,0,0,1,0.71,1.41509434
1,1,0,0,1,0.0,10.0
3,1,0,0,1,0.01,150.0
236,1,0,0,1,0.78666667,1.27659574
1,1,0,0,1,0.0,10.0
14,1,0,0,1,0.04666667,23.07692308
1,1,0,0,1,0.0,10.0
1,1,0,0,1,0.0,10.0
2,1,0,0,1,0.00666667,300.0
10,1,0,0,1,0.03333333,33.33333333
4,1,0,0,1,0.01333333,100.0
4,1,0,0,1,0.01333333,100.0
14,1,0,0,1,0.04666667,23.07692308
24,1,0,0,1,0.08,13.04347826
20,1,0,0,1,0.06666667,15.78947368
7,1,0,0,1,0.02333333,50.0
11,1,0,0,1,0.03666667,30.0
1,1,0,0,1,0.0,10.0
200,1,0,0,1,0.66666667,1.50753769
10,1,0,0,1,0.03333333,33.33333333
4,1,0,0,1,0.01333333,100.0
2,1,0,0,1,0.00666667,300.0
1,1,0,0,1,0.0,10.0
1,1,0,0,1,0.0,10.0
86,1,0,0,1,0.28666667,3.52941176
6,1,0,0,1,0.02,60.0
12,1,0,0,1,0.04,27.27272727
244,1,0,0,1,0.81333333,1.2345679
1,1,0,0,1,0.0,10.0
111,1,0,0,1,0.37,2.72727273
25,1,0,0,1,0.08333333,12.5
4,1,0,0,1,0.01333333,100.0
18,1,0,0,1,0.06,17.64705882
1,1,0,0,1,0.0,10.0
3,1,0,0,1,0.01,150.0
20,1,0,0,1,0.06666667,15.78947368
9,1,0,0,1,0.03,37.5
27,1,0,0,1,0.09,11.53846154
10,1,0,0,1,0.03333333,33.33333333
41,1,0,0,1,0.13666667,7.5
1,1,0,0,1,0.0,10.0
42,1,0,0,1,0.14,7.31707317
1,1,0,0,1,0.0,10.0
13,1,0,0,1,0.04333333,25.0
407,1,0,0,1,1.35666667,0.73891626
79,1,0,0,1,0.26333333,3.84615385
29,1,0,0,1,0.09666667,10.71428571
2,1,0,0,1,0.00666667,300.0
1,1,0,0,1,0.0,10.0
6,1,0,0,1,0.02,60.0
1,1,0,0,1,0.0,10.0
1,1,0,0,1,0.0,10.0
5,1,0,0,1,0.01666667,75.0
2,1,0,0,1,0.00666667,300.0
54,1,0,0,1,0.18,5.66037736
73,1,0,0,1,0.24333333,4.16666667
76,1,0,0,1,0.25333333,4.0
15,1,0,0,1,0.05,21.42857143
3,1,0,0,1,0.01,150.0
2,1,0,0,1,0.00666667,300.0
2,1,0,0,1,0.00666667,300.0
15,1,0,0,1,0.05,21.42857143
1,1,0,0,1,0.0,10.0
69,1,0,0,1,0.23,4.41176471
1,1,0,0,1,0.0,10.0
6,1,0,0,1,0.02,60.0
10,1,0,0,1,0.03333333,33.33333333
192,1,0,0,1,0.64,1.57068063
23,1,0,0,1,0.07666667,13.63636364
2,1,0,0,1,0.00666667,300.0
3,1,0,0,1,0.01,150.0
2,1,0,0,1,0.00666667,300.0
20,1,0,0,1,0.06666667,15.78947368
11,1,0,0,1,0.03666667,30.0
3,1,0,0,1,0.01,150.0
4,1,0,0,1,0.01333333,100.0
1,1,0,0,1,0.0,10.0
2,1,0,0,1,0.00666667,300.0
1,1,0,0,1,0.0,10.0
10,1,0,0,1,0.03333333,33.33333333
3,1,0,0,1,0.01,150.0
240,1,0,0,1,0.8,1.25523013
3,1,0,0,1,0.01,150.0
105,1,0,0,1,0.35,2.88461538
38,1,0,0,1,0.12666667,8.10810811
1,1,0,0,1,0.0,10.0
2,1,0,0,1,0.00666667,300.0
1,1,0,0,1,0.0,10.0
4,1,0,0,1,0.01333333,100.0
10,1,0,0,1,0.03333333,33.33333333
2,1,0,0,1,0.00666667,300.0
12,1,0,0,1,0.04,27.27272727
2,1,0,0,1,0.00666667,300.0
1,1,0,0,1,0.0,10.0
1,1,0,0,1,0.0,10.0
1,1,0,0,1,0.0,10.0
9,1,0,0,1,0.03,37.5
70,1,0,0,1,0.23333333,4.34782609
2,1,0,0,1,0.00666667,300.0
10,1,0,0,1,0.03333333,33.33333333
10,1,0,0,1,0.03333333,33.33333333
137,1,0,0,1,0.45666667,2.20588235
4,1,0,0,1,0.01333333,100.0
1,1,0,0,1,0.0,10.0
1,1,0,0,1,0.0,10.0
1,1,0,0,1,0.0,10.0
2,1,0,0,1,0.00666667,300.0
25,1,0,0,1,0.08333333,12.5
1,1,0,0,1,0.0,10.0
5,1,0,0,1,0.01666667,75.0
7,1,0,0,1,0.02333333,50.0
6,1,0,0,1,0.02,60.0
17,1,0,0,1,0.05666667,18.75
89,1,0,0,1,0.29666667,3.40909091
4,1,0,0,1,0.01333333,100.0
1,1,0,0,1,0.0,10.0
23,1,0,0,1,0.07666667,13.63636364
3,1,0,0,1,0.01,150.0
10,1,0,0,1,0.03333333,33.33333333
11,1,0,0,1,0.03666667,30.0
1,1,0,0,1,0.0,10.0
1,1,0,0,1,0.0,10.0
3,1,0,0,1,0.01,150.0
2,1,0,0,1,0.00666667,300.0
16,1,0,0,1,0.05333333,20.0
1,1,0,0,1,0.0,10.0
26,1,0,0,1,0.08666667,12.0
1,1,0,0,1,0.0,10.0
12,1,0,0,1,0.04,27.27272727
33,1,0,0,1,0.11,9.375
4,1,0,0,1,0.01333333,100.0
6,1,0,0,1,0.02,60.0
4,1,0,0,1,0.01333333,100.0
5,1,0,0,1,0.01666667,75.0
146,1,0,0,1,0.48666667,2.06896552
22,1,0,0,1,0.07333333,14.28571429
14,1,0,0,1,0.04666667,23.07692308
5,1,0,0,1,0.01666667,75.0
6,1,0,0,1,0.02,60.0
4,1,0,0,1,0.01333333,100.0
1,1,0,0,1,0.0,10.0
1,1,0,0,1,0.0,10.0
6,1,0,0,1,0.02,60.0
1,1,0,0,1,0.0,10.0
5,1,0,0,1,0.01666667,75.0
1,1,0,0,1,0.0,10.0
373,1,0,0,1,1.24333333,0.80645161
2,1,0,0,1,0.00666667,300.0
1,1,0,0,1,0.0,10.0
1,1,0,0,1,0.0,10.0
160,1,0,0,1,0.53333333,1.88679245
1,1,0,0,1,0.0,10.0
5,1,0,0,1,0.01666667,75.0
255,1,0,0,1,0.85,1.18110236
5,1,0,0,1,0.01666667,75.0
1,1,0,0,1,0.0,10.0
8,1,0,0,1,0.02666667,42.85714286
1,1,0,0,1,0.0,10.0
20,1,0,0,1,0.06666667,15.78947368
1,1,0,0,1,0.0,10.0
1,1,0,0,1,0.0,10.0
1,1,0,0,1,0.0,10.0
1,1,0,0,1,0.0,10.0
1,1,0,0,1,0.0,10.0
4,1,0,0,1,0.01333333,100.0
1,1,0,0,1,0.0,10.0
281,1,0,0,1,0.93666667,1.07142857
198,1,0,0,1,0.66,1.52284264
12,1,0,0,1,0.04,27.27272727
5,1,0,0,1,0.01666667,75.0
1,1,0,0,1,0.0,10.0
3,1,0,0,1,0.01,150.0
24,1,0,0,1,0.08,13.04347826
20,1,0,0,1,0.06666667,15.78947368
150,1,0,0,1,0.5,2.01342282
1,1,0,0,1,0.0,10.0
1,1,0,0,1,0.0,10.0
1,1,0,0,1,0.0,10.0
1,1,0,0,1,0.0,10.0
15,1,0,0,1,0.05,21.42857143
1,1,0,0,1,0.0,10.0
156,1,0,0,1,0.52,1.93548387
151,1,0,0,1,0.50333333,2.0
4,1,0,0,1,0.01333333,100.0
255,1,0,0,1,0.85,1.18110236
1,1,0,0,1,0.0,10.0
1,1,0,0,1,0.0,10.0
23,1,0,0,1,0.07666667,13.63636364
4,1,0,0,1,0.01333333,100.0
22,1,0,0,1,0.07333333,14.28571429
1,1,0,0,1,0.0,10.0
1,1,0,0,1,0.0,10.0
1,1,0,0,1,0.0,10.0
6,1,0,0,1,0.02,60.0
178,1,0,0,1,0.59333333,1.69491525
8,1,0,0,1,0.02666667,42.85714286
2,1,0,0,1,0.00666667,300.0
5,1,0,0,1,0.01666667,75.0
2,1,0,0,1,0.00666667,300.0
2,1,0,0,1,0.00666667,300.0
10,1,0,0,1,0.03333333,33.33333333
8,1,0,0,1,0.02666667,42.85714286
3,1,0,0,1,0.01,150.0
1,1,0,0,1,0.0,10.0
3,1,0,0,1,0.01,150.0
5,1,0,0,1,0.01666667,75.0
20,1,0,0,1,0.06666667,15.78947368
5,1,0,0,1,0.01666667,75.0
25,1,0,0,1,0.08333333,12.5
1,1,0,0,1,0.0,10.0
198,1,0,0,1,0.66,1.52284264
15,1,0,0,1,0.05,21.42857143
1,1,0,0,1,0.0,10.0
1,1,0,0,1,0.0,10.0
21,1,0,0,1,0.07,15.0
7,1,0,0,1,0.02333333,50.0
1,1,0,0,1,0.0,10.0
4,1,0,0,1,0.01333333,100.0
1,1,0,0,1,0.0,10.0
2,1,0,0,1,0.00666667,300.0
2,1,0,0,1,0.00666667,300.0
3,1,0,0,1,0.01,150.0
94,1,0,0,1,0.31333333,3.22580645
13,1,0,0,1,0.04333333,25.0
111,1,0,0,1,0.37,2.72727273
1,1,0,0,1,0.0,10.0
4,1,0,0,1,0.01333333,100.0
1,1,0,0,1,0.0,10.0
6,1,0,0,1,0.02,60.0
22,1,0,0,1,0.07333333,14.28571429
29,1,0,0,1,0.09666667,10.71428571
19,1,0,0,1,0.06333333,16.66666667
310,1,0,0,1,1.03333333,0.97087379
3,1,0,0,1,0.01,150.0
5,1,0,0,1,0.01666667,75.0
1,1,0,0,1,0.0,10.0
1,1,0,0,1,0.0,10.0
379,1,0,0,1,1.26333333,0.79365079
4,1,0,0,1,0.01333333,100.0
1,1,0,0,1,0.0,10.0
2,1,0,0,1,0.00666667,300.0
7,1,0,0,1,0.02333333,50.0
17,1,0,0,1,0.05666667,18.75
21,1,0,0,1,0.07,15.0
1,1,0,0,1,0.0,10.0
7,1,0,0,1,0.02333333,50.0
11,1,0,0,1,0.03666667,30.0
75,1,0,0,1,0.25,4.05405405
16,1,0,0,1,0.05333333,20.0
20,1,0,0,1,0.06666667,15.78947368
2,1,0,0,1,0.00666667,300.0
1,1,0,0,1,0.0,10.0
2,1,0,0,1,0.00666667,300.0
3,1,0,0,1,0.01,150.0
7,1,0,0,1,0.02333333,50.0
2,1,0,0,1,0.00666667,300.0
4,1,0,0,1,0.01333333,100.0
145,1,0,0,1,0.48333333,2.08333333
1,1,0,0,1,0.0,10.0
1,1,0,0,1,0.0,10.0
14,1,0,0,1,0.04666667,23.07692308
1,1,0,0,1,0.0,10.0
9,1,0,0,1,0.03,37.5
10,1,0,0,1,0.03333333,33.33333333
7,1,0,0,1,0.02333333,50.0
243,1,0,0,1,0.81,1.23966942
14,1,0,0,1,0.04666667,23.07692308
13,1,0,0,1,0.04333333,25.0
1,1,0,0,1,0.0,10.0
27,1,0,0,1,0.09,11.53846154
70,1,0,0,1,0.23333333,4.34782609
8,1,0,0,1,0.02666667,42.85714286
26,1,0,0,1,0.08666667,12.0
10,1,0,0,1,0.03333333,33.33333333
287,1,0,0,1,0.95666667,1.04895105
1,1,0,0,1,0.0,10.0
2,1,0,0,1,0.00666667,300.0
37,1,0,0,1,0.12333333,8.33333333
1,1,0,0,1,0.0,10.0
1,1,0,0,1,0.0,10.0
15,1,0,0,1,0.05,21.42857143
69,1,0,0,1,0.23,4.41176471
17,1,0,0,1,0.05666667,18.75
20,1,0,0,1,0.06666667,15.78947368
12,1,0,0,1,0.04,27.27272727
1,1,0,0,1,0.0,10.0
1,1,0,0,1,0.0,10.0
18,1,0,0,1,0.06,17.64705882
4,1,0,0,1,0.01333333,100.0
26,1,0,0,1,0.08666667,12.0
2,1,0,0,1,0.00666667,300.0
3,1,0,0,1,0.01,150.0
1,1,0,0,1,0.0,10.0
7,1,0,0,1,0.02333333,50.0
71,1,0,0,1,0.23666667,4.28571429
8,1,0,0,1,0.02666667,42.85714286
1,1,0,0,1,0.0,10.0
5,1,0,0,1,0.01666667,75.0
65,1,0,0,1,0.21666667,4.6875
14,1,0,0,1,0.04666667,23.07692308
155,1,0,0,1,0.51666667,1.94805195
1,1,0,0,1,0.0,10.0
10,1,0,0,1,0.03333333,33.33333333
4,1,0,0,1,0.01333333,100.0
23,1,0,0,1,0.07666667,13.63636364
3,1,0,0,1,0.01,150.0
1,1,0,0,1,0.0,10.0
19,1,0,0,1,0.06333333,16.66666667
184,1,0,0,1,0.61333333,1.63934426
1,1,0,0,1,0.0,10.0
4,1,0,0,1,0.01333333,100.0
7,1,0,0,1,0.02333333,50.0
1,1,0,0,1,0.0,10.0
7,1,0,0,1,0.02333333,50.0
1,1,0,0,1,0.0,10.0
1,1,0,0,1,0.0,10.0
1,1,0,0,1,0.0,10.0
16,1,0,0,1,0.05333333,20.0
3,1,0,0,1,0.01,150.0
1,1,0,0,1,0.0,10.0
8,1,0,0,1,0.02666667,42.85714286
165,1,0,0,1,0.55,1.82926829
8,1,0,0,1,0.02666667,42.85714286
1,1,0,0,1,0.0,10.0
19,1,0,0,1,0.06333333,16.66666667
18,1,0,0,1,0.06,17.64705882
20,1,0,0,1,0.06666667,15.78947368
16,1,0,0,1,0.05333333,20.0
8,1,0,0,1,0.02666667,42.85714286
2,1,0,0,1,0.00666667,300.0
1,1,0,0,1,0.0,10.0
3,1,0,0,1,0.01,150.0
14,1,0,0,1,0.04666667,23.07692308
1,1,0,0,1,0.0,10.0
3,1,0,0,1,0.01,150.0
1,1,0,0,1,0.0,10.0
1,1,0,0,1,0.0,10.0
3,1,0,0,1,0.01,150.0
35,1,0,0,1,0.11666667,8.82352941
1,1,0,0,1,0.0,10.0
1,1,0,0,1,0.0,10.0
1,1,0,0,1,0.0,10.0
65,1,0,0,1,0.21666667,4.6875
17,1,0,0,1,0.05666667,18.75
1,1,0,0,1,0.0,10.0
3,1,0,0,1,0.01,150.0
17,1,0,0,1,0.05666667,18.75
4,1,0,0,1,0.01333333,100.0
3,1,0,0,1,0.01,150.0
1,1,0,0,1,0.0,10.0
11,1,0,0,1,0.03666667,30.0
33,1,0,0,1,0.11,9.375
7,1,0,0,1,0.02333333,50.0
1,1,0,0,1,0.0,10.0
21,1,0,0,1,0.07,15.0
1,1,0,0,1,0.0,10.0
1,1,0,0,1,0.0,10.0
18,1,0,0,1,0.06,17.64705882
18,1,0,0,1,0.06,17.64705882
3,1,0,0,1,0.01,150.0
1,1,0,0,1,0.0,10.0
14,1,0,0,1,0.04666667,23.07692308
4,1,0,0,1,0.01333333,100.0
1,1,0,0,1,0.0,10.0
1,1,0,0,1,0.0,10.0
10,1,0,0,1,0.03333333,33.33333333
1,1,0,0,1,0.0,10.0
2,1,0,0,1,0.00666667,300.0
1,1,0,0,1,0.0,10.0
9,1,0,0,1,0.03,37.5
17,1,0,0,1,0.05666667,18.75
1,1,0,0,1,0.0,10.0
4,1,0,0,1,0.01333333,100.0
1,1,0,0,1,0.0,10.0
1,1,0,0,1,0.0,10.0
1,1,0,0,1,0.0,10.0
1,1,0,0,1,0.0,10.0
6,1,0,0,1,0.02,60.0
14,1,0,0,1,0.04666667,23.07692308
162,1,0,0,1,0.54,1.86335404
1,1,0,0,1,0.0,10.0
1,1,0,0,1,0.0,10.0
3,1,0,0,1,0.01,150.0
127,1,0,0,1,0.42333333,2.38095238
2,1,0,0,1,0.00666667,300.0
244,1,0,0,1,0.81333333,1.2345679
13,1,0,0,1,0.04333333,25.0
1,1,0,0,1,0.0,10.0
17,1,0,0,1,0.05666667,18.75
10,1,0,0,1,0.03333333,33.33333333
2,1,0,0,1,0.00666667,300.0
12,1,0,0,1,0.04,27.27272727
4,1,0,0,1,0.01333333,100.0
2,1,0,0,1,0.00666667,300.0
10,1,0,0,1,0.03333333,33.33333333
73,1,0,0,1,0.24333333,4.16666667
1,1,0,0,1,0.0,10.0
1,1,0,0,1,0.0,10.0
15,1,0,0,1,0.05,21.42857143
1,1,0,0,1,0.0,10.0
12,1,0,0,1,0.04,27.27272727
2,1,0,0,1,0.00666667,300.0
208,1,0,0,1,0.69333333,1.44927536
100,1,0,0,1,0.33333333,3.03030303
239,1,0,0,1,0.79666667,1.2605042
2,1,0,0,1,0.00666667,300.0
18,1,0,0,1,0.06,17.64705882
3,1,0,0,1,0.01,150.0
2,1,0,0,1,0.00666667,300.0
456,1,0,0,1,1.52,0.65934066
10,1,0,0,1,0.03333333,33.33333333
11,1,0,0,1,0.03666667,30.0
5,1,0,0,1,0.01666667,75.0
1,1,0,0,1,0.0,10.0
5,1,0,0,1,0.01666667,75.0
119,1,0,0,1,0.39666667,2.54237288
1,1,0,0,1,0.0,10.0
1,1,0,0,1,0.0,10.0
9,1,0,0,1,0.03,37.5
21,1,0,0,1,0.07,15.0
69,1,0,0,1,0.23,4.41176471
25,1,0,0,1,0.08333333,12.5
23,1,0,0,1,0.07666667,13.63636364
6,1,0,0,1,0.02,60.0
10,1,0,0,1,0.03333333,33.33333333
1,1,0,0,1,0.0,10.0
1,1,0,0,1,0.0,10.0
1,1,0,0,1,0.0,10.0
8,1,0,0,1,0.02666667,42.85714286
2,1,0,0,1,0.00666667,300.0
14,1,0,0,1,0.04666667,23.07692308
1,1,0,0,1,0.0,10.0
1,1,0,0,1,0.0,10.0
1,1,0,0,1,0.0,10.0
13,1,0,0,1,0.04333333,25.0
2,1,0,0,1,0.00666667,300.0
6,1,0,0,1,0.02,60.0
3,1,0,0,1,0.01,150.0
135,1,0,0,1,0.45,2.23880597
1,1,0,0,1,0.0,10.0
1,1,0,0,1,0.0,10.0
3,1,0,0,1,0.01,150.0
7,1,0,0,1,0.02333333,50.0
5,1,0,0,1,0.01666667,75.0
1,1,0,0,1,0.0,10.0
31,1,0,0,1,0.10333333,10.0
1,1,0,0,1,0.0,10.0
3,1,0,0,1,0.01,150.0
2,1,0,0,1,0.00666667,300.0
7,1,0,0,1,0.02333333,50.0
4,1,0,0,1,0.01333333,100.0
1,1,0,0,1,0.0,10.0
2,1,0,0,1,0.00666667,300.0
1,1,0,0,1,0.0,10.0
12,1,0,0,1,0.04,27.27272727
36,1,0,0,1,0.12,8.57142857
149,1,0,0,1,0.49666667,2.02702703
1,1,0,0,1,0.0,10.0
1,1,0,0,1,0.0,10.0
3,1,0,0,1,0.01,150.0
1,1,0,0,1,0.0,10.0
4,1,0,0,1,0.01333333,100.0
13,1,0,0,1,0.04333333,25.0
1,1,0,0,1,0.0,10.0
108,1,0,0,1,0.36,2.80373832
14,1,0,0,1,0.04666667,23.07692308
3,1,0,0,1,0.01,150.0
2,1,0,0,1,0.00666667,300.0
3,1,0,0,1,0.01,150.0
2,1,0,0,1,0.00666667,300.0
16,1,0,0,1,0.05333333,20.0
6,1,0,0,1,0.02,60.0
15,1,0,0,1,0.05,21.42857143
1,1,0,0,1,0.0,10.0
3,1,0,0,1,0.01,150.0
7,1,0,0,1,0.02333333,50.0
1,1,0,0,1,0.0,10.0
18,1,0,0,1,0.06,17.64705882
1,1,0,0,1,0.0,10.0
3,1,0,0,1,0.01,150.0
11,1,0,0,1,0.03666667,30.0
3,1,0,0,1,0.01,150.0
1,1,0,0,1,0.0,10.0
19,1,0,0,1,0.06333333,16.66666667
1,1,0,0,1,0.0,10.0
76,1,0,0,1,0.25333333,4.0
1,1,0,0,1,0.0,10.0
1,1,0,0,1,0.0,10.0
6,1,0,0,1,0.02,60.0
2,1,0,0,1,0.00666667,300.0
6,1,0,0,1,0.02,60.0
10,1,0,0,1,0.03333333,33.33333333
4,1,0,0,1,0.01333333,100.0
10,1,0,0,1,0.03333333,33.33333333
1,1,0,0,1,0.0,10.0
1,1,0,0,1,0.0,10.0
1,1,0,0,1,0.0,10.0
32,1,0,0,1,0.10666667,9.67741935
1,1,0,0,1,0.0,10.0
5,1,0,0,1,0.01666667,75.0
6,1,0,0,1,0.02,60.0
148,1,0,0,1,0.49333333,2.04081633
3,1,0,0,1,0.01,150.0
3,1,0,0,1,0.01,150.0
6,1,0,0,1,0.02,60.0
8,1,0,0,1,0.02666667,42.85714286
11,1,0,0,1,0.03666667,30.0
1,1,0,0,1,0.0,10.0
5,1,0,0,1,0.01666667,75.0
11,1,0,0,1,0.03666667,30.0
4,1,0,0,1,0.01333333,100.0
15,1,0,0,1,0.05,21.42857143
3,1,0,0,1,0.01,150.0
274,1,0,0,1,0.91333333,1.0989011
2,1,0,0,1,0.00666667,300.0
1,1,0,0,1,0.0,10.0
5,1,0,0,1,0.01666667,75.0
7,1,0,0,1,0.02333333,50.0
4,1,0,0,1,0.01333333,100.0
1,1,0,0,1,0.0,10.0
18,1,0,0,1,0.06,17.64705882
1,1,0,0,1,0.0,10.0
3,1,0,0,1,0.01,150.0
5,1,0,0,1,0.01666667,75.0
2,1,0,0,1,0.00666667,300.0
1,1,0,0,1,0.0,10.0
14,1,0,0,1,0.04666667,23.07692308
7,1,0,0,1,0.02333333,50.0
4,1,0,0,1,0.01333333,100.0
3,1,0,0,1,0.01,150.0
16,1,0,0,1,0.05333333,20.0
16,1,0,0,1,0.05333333,20.0
1,1,0,0,1,0.0,10.0
1,1,0,0,1,0.0,10.0
5,1,0,0,1,0.01666667,75.0
16,1,0,0,1,0.05333333,20.0
19,1,0,0,1,0.06333333,16.66666667
8,1,0,0,1,0.02666667,42.85714286
19,1,0,0,1,0.06333333,16.66666667
1,1,0,0,1,0.0,10.0
14,1,0,0,1,0.04666667,23.07692308
2,1,0,0,1,0.00666667,300.0
2,1,0,0,1,0.00666667,300.0
1,1,0,0,1,0.0,10.0
8,1,0,0,1,0.02666667,42.85714286
21,1,0,0,1,0.07,15.0
226,1,0,0,1,0.75333333,1.33333333
3,1,0,0,1,0.01,150.0
4,1,0,0,1,0.01333333,100.0
1,1,0,0,1,0.0,10.0
7,1,0,0,1,0.02333333,50.0
3,1,0,0,1,0.01,150.0
1,1,0,0,1,0.0,10.0
2,1,0,0,1,0.00666667,300.0
2,1,0,0,1,0.00666667,300.0
1,1,0,0,1,0.0,10.0
14,1,0,0,1,0.04666667,23.07692308
37,1,0,0,1,0.12333333,8.33333333
1,1,0,0,1,0.0,10.0
1,1,0,0,1,0.0,10.0
5,1,0,0,1,0.01666667,75.0
1,1,0,0,1,0.0,10.0
5,1,0,0,1,0.01666667,75.0
14,1,0,0,1,0.04666667,23.07692308
4,1,0,0,1,0.01333333,100.0
1,1,0,0,1,0.0,10.0
2,1,0,0,1,0.00666667,300.0
1,1,0,0,1,0.0,10.0
3,1,0,0,1,0.01,150.0
1,1,0,0,1,0.0,10.0
1,1,0,0,1,0.0,10.0
4,1,0,0,1,0.01333333,100.0
1,1,0,0,1,0.0,10.0
9,1,0,0,1,0.03,37.5
8,1,0,0,1,0.02666667,42.85714286
12,1,0,0,1,0.04,27.27272727
2,1,0,0,1,0.00666667,300.0
1,1,0,0,1,0.0,10.0
73,1,0,0,1,0.24333333,4.16666667
9,1,0,0,1,0.03,37.5
2,1,0,0,1,0.00666667,300.0
5,1,0,0,1,0.01666667,75.0
1,1,0,0,1,0.0,10.0
1,1,0,0,1,0.0,10.0
1,1,0,0,1,0.0,10.0
2,1,0,0,1,0.00666667,300.0
4,1,0,0,1,0.01333333,100.0
82,1,0,0,1,0.27333333,3.7037037
1,1,0,0,1,0.0,10.0
19,1,0,0,1,0.06333333,16.66666667
13,1,0,0,1,0.04333333,25.0
7,1,0,0,1,0.02333333,50.0
206,1,0,0,1,0.68666667,1.46341463
1,1,0,0,1,0.0,10.0
2,1,0,0,1,0.00666667,300.0
7,1,0,0,1,0.02333333,50.0
5,1,0,0,1,0.01666667,75.0
1,1,0,0,1,0.0,10.0
2,1,0,0,1,0.00666667,300.0
1,1,0,0,1,0.0,10.0
130,1,0,0,1,0.43333333,2.3255814
3,1,0,0,1,0.01,150.0
15,1,0,0,1,0.05,21.42857143
6,1,0,0,1,0.02,60.0
1,1,0,0,1,0.0,10.0
7,1,0,0,1,0.02333333,50.0
1,1,0,0,1,0.0,10.0
2,1,0,0,1,0.00666667,300.0
2,1,0,0,1,0.00666667,300.0
6,1,0,0,1,0.02,60.0
156,1,0,0,1,0.52,1.93548387
18,1,0,0,1,0.06,17.64705882
1,1,0,0,1,0.0,10.0
10,1,0,0,1,0.03333333,33.33333333
1,1,0,0,1,0.0,10.0
1,1,0,0,1,0.0,10.0
73,1,0,0,1,0.24333333,4.16666667
4,1,0,0,1,0.01333333,100.0
6,1,0,0,1,0.02,60.0
4,1,0,0,1,0.01333333,100.0
290,1,0,0,1,0.96666667,1.03806228
1,1,0,0,1,0.0,10.0
72,1,0,0,1,0.24,4.22535211
4,1,0,0,1,0.01333333,100.0
8,1,0,0,1,0.02666667,42.85714286
8,1,0,0,1,0.02666667,42.85714286
8,1,0,0,1,0.02666667,42.85714286
16,1,0,0,1,0.05333333,20.0
1,1,0,0,1,0.0,10.0
227,1,0,0,1,0.75666667,1.32743363
1,1,0,0,1,0.0,10.0
4,1,0,0,1,0.01333333,100.0
288,1,0,0,1,0.96,1.04529617
5,1,0,0,1,0.01666667,75.0
1,1,0,0,1,0.0,10.0
72,1,0,0,1,0.24,4.22535211
8,1,0,0,1,0.02666667,42.85714286
229,1,0,0,1,0.76333333,1.31578947
5,1,0,0,1,0.01666667,75.0
1,1,0,0,1,0.0,10.0
75,1,0,0,1,0.25,4.05405405
1,1,0,0,1,0.0,10.0
103,1,0,0,1,0.34333333,2.94117647
18,1,0,0,1,0.06,17.64705882
9,1,0,0,1,0.03,37.5
7,1,0,0,1,0.02333333,50.0
9,1,0,0,1,0.03,37.5
14,1,0,0,1,0.04666667,23.07692308
75,1,0,0,1,0.25,4.05405405
10,1,0,0,1,0.03333333,33.33333333
24,1,0,0,1,0.08,13.04347826
1,1,0,0,1,0.0,10.0
14,1,0,0,1,0.04666667,23.07692308
8,1,0,0,1,0.02666667,42.85714286
1,1,0,0,1,0.0,10.0
37,1,0,0,1,0.12333333,8.33333333
3,1,0,0,1,0.01,150.0
1,1,0,0,1,0.0,10.0
12,1,0,0,1,0.04,27.27272727
17,1,0,0,1,0.05666667,18.75
64,1,0,0,1,0.21333333,4.76190476
1,1,0,0,1,0.0,10.0
1,1,0,0,1,0.0,10.0
1,1,0,0,1,0.0,10.0
1,1,0,0,1,0.0,10.0
11,1,0,0,1,0.03666667,30.0
16,1,0,0,1,0.05333333,20.0
5,1,0,0,1,0.01666667,75.0
1,1,0,0,1,0.0,10.0
13,1,0,0,1,0.04333333,25.0
1,1,0,0,1,0.0,10.0
1,1,0,0,1,0.0,10.0
1,1,0,0,1,0.0,10.0
20,1,0,0,1,0.06666667,15.78947368
13,1,0,0,1,0.04333333,25.0
2,1,0,0,1,0.00666667,300.0
1,1,0,0,1,0.0,10.0
2,1,0,0,1,0.00666667,300.0
1,1,0,0,1,0.0,10.0
18,1,0,0,1,0.06,17.64705882
5,1,0,0,1,0.01666667,75.0
9,1,0,0,1,0.03,37.5
309,1,0,0,1,1.03,0.97402597
26,1,0,0,1,0.08666667,12.0
2,1,0,0,1,0.00666667,300.0
1,1,0,0,1,0.0,10.0
21,1,0,0,1,0.07,15.0
1,1,0,0,1,0.0,10.0
30,1,0,0,1,0.1,10.34482759
7,1,0,0,1,0.02333333,50.0
211,1,0,0,1,0.70333333,1.42857143
5,1,0,0,1,0.01666667,75.0
7,1,0,0,1,0.02333333,50.0
7,1,0,0,1,0.02333333,50.0
1,1,0,0,1,0.0,10.0
179,1,0,0,1,0.59666667,1.68539326
2,1,0,0,1,0.00666667,300.0
15,1,0,0,1,0.05,21.42857143
2,1,0,0,1,0.00666667,300.0
1,1,0,0,1,0.0,10.0
1,1,0,0,1,0.0,10.0
13,1,0,0,1,0.04333333,25.0
1,1,0,0,1,0.0,10.0
5,1,0,0,1,0.01666667,75.0
68,1,0,0,1,0.22666667,4.47761194
1,1,0,0,1,0.0,10.0
20,1,0,0,1,0.06666667,15.78947368
13,1,0,0,1,0.04333333,25.0
1,1,0,0,1,0.0,10.0
1,1,0,0,1,0.0,10.0
17,1,0,0,1,0.05666667,18.75
12,1,0,0,1,0.04,27.27272727
19,1,0,0,1,0.06333333,16.66666667
11,1,0,0,1,0.03666667,30.0
1,1,0,0,1,0.0,10.0
1,1,0,0,1,0.0,10.0
10,1,0,0,1,0.03333333,33.33333333
15,1,0,0,1,0.05,21.42857143
1,1,0,0,1,0.0,10.0
14,1,0,0,1,0.04666667,23.07692308
1,1,0,0,1,0.0,10.0
2,1,0,0,1,0.00666667,300.0
2,1,0,0,1,0.00666667,300.0
22,1,0,0,1,0.07333333,14.28571429
253,1,0,0,1,0.84333333,1.19047619
4,1,0,0,1,0.01333333,100.0
1,1,0,0,1,0.0,10.0
60,1,0,0,1,0.2,5.08474576
302,1,0,0,1,1.00666667,0.99667774
4,1,0,0,1,0.01333333,100.0
4,1,0,0,1,0.01333333,100.0
8,1,0,0,1,0.02666667,42.85714286
1,1,0,0,1,0.0,10.0
14,1,0,0,1,0.04666667,23.07692308
131,1,0,0,1,0.43666667,2.30769231
3,1,0,0,1,0.01,150.0
68,1,0,0,1,0.22666667,4.47761194
1,1,0,0,1,0.0,10.0
1,1,0,0,1,0.0,10.0
159,1,0,0,1,0.53,1.89873418
4,1,0,0,1,0.01333333,100.0
1,1,0,0,1,0.0,10.0
7,1,0,0,1,0.02333333,50.0
1,1,0,0,1,0.0,10.0
2,1,0,0,1,0.00666667,300.0
1,1,0,0,1,0.0,10.0
5,1,0,0,1,0.01666667,75.0
119,1,0,0,1,0.39666667,2.54237288
13,1,0,0,1,0.04333333,25.0
7,1,0,0,1,0.02333333,50.0
1,1,0,0,1,0.0,10.0
11,1,0,0,1,0.03666667,30.0
11,1,0,0,1,0.03666667,30.0
3,1,0,0,1,0.01,150.0
2,1,0,0,1,0.00666667,300.0
11,1,0,0,1,0.03666667,30.0
1,1,0,0,1,0.0,10.0
3,1,0,0,1,0.01,150.0
2,1,0,0,1,0.00666667,300.0
5,1,0,0,1,0.01666667,75.0
355,1,0,0,1,1.18333333,0.84745763
1,1,0,0,1,0.0,10.0
1,1,0,0,1,0.0,10.0
10,1,0,0,1,0.03333333,33.33333333
1,1,0,0,1,0.0,10.0
3,1,0,0,1,0.01,150.0
6,1,0,0,1,0.02,60.0
6,1,0,0,1,0.02,60.0
10,1,0,0,1,0.03333333,33.33333333
34,1,0,0,1,0.11333333,9.09090909
21,1,0,0,1,0.07,15.0
14,1,0,0,1,0.04666667,23.07692308
32,1,0,0,1,0.10666667,9.67741935
1,1,0,0,1,0.0,10.0
8,1,0,0,1,0.02666667,42.85714286
11,1,0,0,1,0.03666667,30.0
14,1,0,0,1,0.04666667,23.07692308
12,1,0,0,1,0.04,27.27272727
1,1,0,0,1,0.0,10.0
6,1,0,0,1,0.02,60.0
8,1,0,0,1,0.02666667,42.85714286
131,1,0,0,1,0.43666667,2.30769231
216,1,0,0,1,0.72,1.39534884
134,1,0,0,1,0.44666667,2.2556391
1,1,0,0,1,0.0,10.0
11,1,0,0,1,0.03666667,30.0
2,1,0,0,1,0.00666667,300.0
1,1,0,0,1,0.0,10.0
1,1,0,0,1,0.0,10.0
1,1,0,0,1,0.0,10.0
1,1,0,0,1,0.0,10.0
1,1,0,0,1,0.0,10.0
1,1,0,0,1,0.0,10.0
1,1,0,0,1,0.0,10.0
4,1,0,0,1,0.01333333,100.0
1,1,0,0,1,0.0,10.0
1,1,0,0,1,0.0,10.0
1,1,0,0,1,0.0,10.0
152,1,0,0,1,0.50666667,1.98675497
68,1,0,0,1,0.22666667,4.47761194
34,1,0,0,1,0.11333333,9.09090909
1,1,0,0,1,0.0,10.0
184,1,0,0,1,0.61333333,1.63934426
1,1,0,0,1,0.0,10.0
97,1,0,0,1,0.32333333,3.125
1,1,0,0,1,0.0,10.0
19,1,0,0,1,0.06333333,16.66666667
4,1,0,0,1,0.01333333,100.0
3,1,0,0,1,0.01,150.0
1,1,0,0,1,0.0,10.0
1,1,0,0,1,0.0,10.0
145,1,0,0,1,0.48333333,2.08333333
4,1,0,0,1,0.01333333,100.0
1,1,0,0,1,0.0,10.0
3,1,0,0,1,0.01,150.0
150,1,0,0,1,0.5,2.01342282
2,1,0,0,1,0.00666667,300.0
24,1,0,0,1,0.08,13.04347826
14,1,0,0,1,0.04666667,23.07692308
2,1,0,0,1,0.00666667,300.0
3,1,0,0,1,0.01,150.0
6,1,0,0,1,0.02,60.0
1,1,0,0,1,0.0,10.0
6,1,0,0,1,0.02,60.0
35,1,0,0,1,0.11666667,8.82352941
6,1,0,0,1,0.02,60.0
3,1,0,0,1,0.01,150.0
67,1,0,0,1,0.22333333,4.54545455
1,1,0,0,1,0.0,10.0
54,1,0,0,1,0.18,5.66037736
6,1,0,0,1,0.02,60.0
97,1,0,0,1,0.32333333,3.125
1,1,0,0,1,0.0,10.0
7,1,0,0,1,0.02333333,50.0
130,1,0,0,1,0.43333333,2.3255814
9,1,0,0,1,0.03,37.5
2,1,0,0,1,0.00666667,300.0
47,1,0,0,1,0.15666667,6.52173913
6,1,0,0,1,0.02,60.0
55,1,0,0,1,0.18333333,5.55555556
105,1,0,0,1,0.35,2.88461538
143,1,0,0,1,0.47666667,2.11267606
9,1,0,0,1,0.03,37.5
1,1,0,0,1,0.0,10.0
9,1,0,0,1,0.03,37.5
190,1,0,0,1,0.63333333,1.58730159
1,1,0,0,1,0.0,10.0
1,1,0,0,1,0.0,10.0
246,1,0,0,1,0.82,1.2244898
6,1,0,0,1,0.02,60.0
3,1,0,0,1,0.01,150.0
2,1,0,0,1,0.00666667,300.0
2,1,0,0,1,0.00666667,300.0
1,1,0,0,1,0.0,10.0
75,1,0,0,1,0.25,4.05405405
2,1,0,0,1,0.00666667,300.0
7,1,0,0,1,0.02333333,50.0
1,1,0,0,1,0.0,10.0
11,1,0,0,1,0.03666667,30.0
1,1,0,0,1,0.0,10.0
8,1,0,0,1,0.02666667,42.85714286
1,1,0,0,1,0.0,10.0
1,1,0,0,1,0.0,10.0
75,1,0,0,1,0.25,4.05405405
1,1,0,0,1,0.0,10.0
274,1,0,0,1,0.91333333,1.0989011
38,1,0,0,1,0.12666667,8.10810811
1,1,0,0,1,0.0,10.0
2,1,0,0,1,0.00666667,300.0
1,1,0,0,1,0.0,10.0
4,1,0,0,1,0.01333333,100.0
11,1,0,0,1,0.03666667,30.0
19,1,0,0,1,0.06333333,16.66666667
2,1,0,0,1,0.00666667,300.0
13,1,0,0,1,0.04333333,25.0
9,1,0,0,1,0.03,37.5
204,1,0,0,1,0.68,1.47783251
3,1,0,0,1,0.01,150.0
13,1,0,0,1,0.04333333,25.0
8,1,0,0,1,0.02666667,42.85714286
271,1,0,0,1,0.90333333,1.11111111
2,1,0,0,1,0.00666667,300.0
3,1,0,0,1,0.01,150.0
126,1,0,0,1,0.42,2.4
168,1,0,0,1,0.56,1.79640719
20,1,0,0,1,0.06666667,15.78947368
1,1,0,0,1,0.0,10.0
7,1,0,0,1,0.02333333,50.0
1,1,0,0,1,0.0,10.0
210,1,0,0,1,0.7,1.4354067
9,1,0,0,1,0.03,37.5
12,1,0,0,1,0.04,27.27272727
1,1,0,0,1,0.0,10.0
1,1,0,0,1,0.0,10.0
3,1,0,0,1,0.01,150.0
13,1,0,0,1,0.04333333,25.0
29,1,0,0,1,0.09666667,10.71428571
7,1,0,0,1,0.02333333,50.0
3,1,0,0,1,0.01,150.0
4,1,0,0,1,0.01333333,100.0
79,1,0,0,1,0.26333333,3.84615385
9,1,0,0,1,0.03,37.5
1,1,0,0,1,0.0,10.0
1,1,0,0,1,0.0,10.0
31,1,0,0,1,0.10333333,10.0
1,1,0,0,1,0.0,10.0
37,1,0,0,1,0.12333333,8.33333333
1,1,0,0,1,0.0,10.0
2,1,0,0,1,0.00666667,300.0
4,1,0,0,1,0.01333333,100.0
2,1,0,0,1,0.00666667,300.0
11,1,0,0,1,0.03666667,30.0
5,1,0,0,1,0.01666667,75.0
138,1,0,0,1,0.46,2.18978102
1,1,0,0,1,0.0,10.0
16,1,0,0,1,0.05333333,20.0
5,1,0,0,1,0.01666667,75.0
1,1,0,0,1,0.0,10.0
241,1,0,0,1,0.80333333,1.25
125,1,0,0,1,0.41666667,2.41935484
1,1,0,0,1,0.0,10.0
229,1,0,0,1,0.76333333,1.31578947
23,1,0,0,1,0.07666667,13.63636364
285,1,0,0,1,0.95,1.05633803
17,1,0,0,1,0.05666667,18.75
1,1,0,0,1,0.0,10.0
41,1,0,0,1,0.13666667,7.5
2,1,0,0,1,0.00666667,300.0
26,1,0,0,1,0.08666667,12.0
2,1,0,0,1,0.00666667,300.0
4,1,0,0,1,0.01333333,100.0
257,1,0,0,1,0.85666667,1.171875
7,1,0,0,1,0.02333333,50.0
6,1,0,0,1,0.02,60.0
4,1,0,0,1,0.01333333,100.0
5,1,0,0,1,0.01666667,75.0
29,1,0,0,1,0.09666667,10.71428571
4,1,0,0,1,0.01333333,100.0
1,1,0,0,1,0.0,10.0
179,1,0,0,1,0.59666667,1.68539326
1,1,0,0,1,0.0,10.0
1,1,0,0,1,0.0,10.0
4,1,0,0,1,0.01333333,100.0
1,1,0,0,1,0.0,10.0
2,1,0,0,1,0.00666667,300.0
3,1,0,0,1,0.01,150.0
174,1,0,0,1,0.58,1.73410405
2,1,0,0,1,0.00666667,300.0
1,1,0,0,1,0.0,10.0
9,1,0,0,1,0.03,37.5
11,1,0,0,1,0.03666667,30.0
1,1,0,0,1,0.0,10.0
1,1,0,0,1,0.0,10.0
22,1,0,0,1,0.07333333,14.28571429
13,1,0,0,1,0.04333333,25.0
2,1,0,0,1,0.00666667,300.0
288,1,0,0,1,0.96,1.04529617
1,1,0,0,1,0.0,10.0
14,1,0,0,1,0.04666667,23.07692308
1,1,0,0,1,0.0,10.0
3,1,0,0,1,0.01,150.0
30,1,0,0,1,0.1,10.34482759
173,1,0,0,1,0.57666667,1.74418605
1,1,0,0,1,0.0,10.0
11,1,0,0,1,0.03666667,30.0
1,1,0,0,1,0.0,10.0
1,1,0,0,1,0.0,10.0
26,1,0,0,1,0.08666667,12.0
19,1,0,0,1,0.06333333,16.66666667
1,1,0,0,1,0.0,10.0
14,1,0,0,1,0.04666667,23.07692308
231,1,0,0,1,0.77,1.30434783
17,1,0,0,1,0.05666667,18.75
37,1,0,0,1,0.12333333,8.33333333
24,1,0,0,1,0.08,13.04347826
14,1,0,0,1,0.04666667,23.07692308
113,1,0,0,1,0.37666667,2.67857143
146,1,0,0,1,0.48666667,2.06896552
10,1,0,0,1,0.03333333,33.33333333
1,1,0,0,1,0.0,10.0
9,1,0,0,1,0.03,37.5
1,1,0,0,1,0.0,10.0
15,1,0,0,1,0.05,21.42857143
16,1,0,0,1,0.05333333,20.0
1,1,0,0,1,0.0,10.0
8,1,0,0,1,0.02666667,42.85714286
254,1,0,0,1,0.84666667,1.18577075
1,1,0,0,1,0.0,10.0
1,1,0,0,1,0.0,10.0
8,1,0,0,1,0.02666667,42.85714286
3,1,0,0,1,0.01,150.0
5,1,0,0,1,0.01666667,75.0
1,1,0,0,1,0.0,10.0
3,1,0,0,1,0.01,150.0
2,1,0,0,1,0.00666667,300.0
138,1,0,0,1,0.46,2.18978102
11,1,0,0,1,0.03666667,30.0
1,1,0,0,1,0.0,10.0
4,1,0,0,1,0.01333333,100.0
3,1,0,0,1,0.01,150.0
1,1,0,0,1,0.0,10.0
24,1,0,0,1,0.08,13.04347826
3,1,0,0,1,0.01,150.0
4,1,0,0,1,0.01333333,100.0
2,1,0,0,1,0.00666667,300.0
2,1,0,0,1,0.00666667,300.0
8,1,0,0,1,0.02666667,42.85714286
2,1,0,0,1,0.00666667,300.0
3,1,0,0,1,0.01,150.0
208,1,0,0,1,0.69333333,1.44927536
10,1,0,0,1,0.03333333,33.33333333
1,1,0,0,1,0.0,10.0
29,1,0,0,1,0.09666667,10.71428571
2,1,0,0,1,0.00666667,300.0
136,1,0,0,1,0.45333333,2.22222222
6,1,0,0,1,0.02,60.0
49,1,0,0,1,0.16333333,6.25
1,1,0,0,1,0.0,10.0
4,1,0,0,1,0.01333333,100.0
9,1,0,0,1,0.03,37.5
3,1,0,0,1,0.01,150.0
5,1,0,0,1,0.01666667,75.0
19,1,0,0,1,0.06333333,16.66666667
1,1,0,0,1,0.0,10.0
1,1,0,0,1,0.0,10.0
4,1,0,0,1,0.01333333,100.0
12,1,0,0,1,0.04,27.27272727
1,1,0,0,1,0.0,10.0
9,1,0,0,1,0.03,37.5
4,1,0,0,1,0.01333333,100.0
8,1,0,0,1,0.02666667,42.85714286
1,1,0,0,1,0.0,10.0
4,1,0,0,1,0.01333333,100.0
2,1,0,0,1,0.00666667,300.0
1,1,0,0,1,0.0,10.0
3,1,0,0,1,0.01,150.0
5,1,0,0,1,0.01666667,75.0
2,1,0,0,1,0.00666667,300.0
3,1,0,0,1,0.01,150.0
2,1,0,0,1,0.00666667,300.0
1,1,0,0,1,0.0,10.0
7,1,0,0,1,0.02333333,50.0
16,1,0,0,1,0.05333333,20.0
16,1,0,0,1,0.05333333,20.0
73,1,0,0,1,0.24333333,4.16666667
1,1,0,0,1,0.0,10.0
5,1,0,0,1,0.01666667,75.0
1,1,0,0,1,0.0,10.0
9,1,0,0,1,0.03,37.5
1,1,0,0,1,0.0,10.0
11,1,0,0,1,0.03666667,30.0
1,1,0,0,1,0.0,10.0
1,1,0,0,1,0.0,10.0
1,1,0,0,1,0.0,10.0
16,1,0,0,1,0.05333333,20.0
15,1,0,0,1,0.05,21.42857143
71,1,0,0,1,0.23666667,4.28571429
23,1,0,0,1,0.07666667,13.63636364
67,1,0,0,1,0.22333333,4.54545455
5,1,0,0,1,0.01666667,75.0
6,1,0,0,1,0.02,60.0
1,1,0,0,1,0.0,10.0
9,1,0,0,1,0.03,37.5
2,1,0,0,1,0.00666667,300.0
11,1,0,0,1,0.03666667,30.0
1,1,0,0,1,0.0,10.0
1,1,0,0,1,0.0,10.0
108,1,0,0,1,0.36,2.80373832
1,1,0,0,1,0.0,10.0
2,1,0,0,1,0.00666667,300.0
2,1,0,0,1,0.00666667,300.0
1,1,0,0,1,0.0,10.0
1,1,0,0,1,0.0,10.0
1,1,0,0,1,0.0,10.0
155,1,0,0,1,0.51666667,1.94805195
106,1,0,0,1,0.35333333,2.85714286
1,1,0,0,1,0.0,10.0
4,1,0,0,1,0.01333333,100.0
22,1,0,0,1,0.07333333,14.28571429
317,1,0,0,1,1.05666667,0.94936709
1,1,0,0,1,0.0,10.0
1,1,0,0,1,0.0,10.0
3,1,0,0,1,0.01,150.0
5,1,0,0,1,0.01666667,75.0
22,1,0,0,1,0.07333333,14.28571429
2,1,0,0,1,0.00666667,300.0
2,1,0,0,1,0.00666667,300.0
1,1,0,0,1,0.0,10.0
15,1,0,0,1,0.05,21.42857143
5,1,0,0,1,0.01666667,75.0
228,1,0,0,1,0.76,1.3215859
1,1,0,0,1,0.0,10.0
8,1,0,0,1,0.02666667,42.85714286
1,1,0,0,1,0.0,10.0
1,1,0,0,1,0.0,10.0
79,1,0,0,1,0.26333333,3.84615385
1,1,0,0,1,0.0,10.0
2,1,0,0,1,0.00666667,300.0
1,1,0,0,1,0.0,10.0
5,1,0,0,1,0.01666667,75.0
10,1,0,0,1,0.03333333,33.33333333
1,1,0,0,1,0.0,10.0
1,1,0,0,1,0.0,10.0
140,1,0,0,1,0.46666667,2.15827338
291,1,0,0,1,0.97,1.03448276
20,1,0,0,1,0.06666667,15.78947368
1,1,0,0,1,0.0,10.0
12,1,0,0,1,0.04,27.27272727
2,1,0,0,1,0.00666667,300.0
7,1,0,0,1,0.02333333,50.0
21,1,0,0,1,0.07,15.0
1,1,0,0,1,0.0,10.0
1,1,0,0,1,0.0,10.0
3,1,0,0,1,0.01,150.0
50,1,0,0,1,0.16666667,6.12244898
1,1,0,0,1,0.0,10.0
123,1,0,0,1,0.41,2.45901639
20,1,0,0,1,0.06666667,15.78947368
10,1,0,0,1,0.03333333,33.33333333
6,1,0,0,1,0.02,60.0
1,1,0,0,1,0.0,10.0
1,1,0,0,1,0.0,10.0
1,1,0,0,1,0.0,10.0
6,1,0,0,1,0.02,60.0
1,1,0,0,1,0.0,10.0
16,1,0,0,1,0.05333333,20.0
172,1,0,0,1,0.57333333,1.75438596
12,1,0,0,1,0.04,27.27272727
2,1,0,0,1,0.00666667,300.0
152,1,0,0,1,0.50666667,1.98675497
17,1,0,0,1,0.05666667,18.75
2,1,0,0,1,0.00666667,300.0
53,1,0,0,1,0.17666667,5.76923077
11,1,0,0,1,0.03666667,30.0
5,1,0,0,1,0.01666667,75.0
14,1,0,0,1,0.04666667,23.07692308
65,1,0,0,1,0.21666667,4.6875
2,1,0,0,1,0.00666667,300.0
5,1,0,0,1,0.01666667,75.0
7,1,0,0,1,0.02333333,50.0
13,1,0,0,1,0.04333333,25.0
17,1,0,0,1,0.05666667,18.75
6,1,0,0,1,0.02,60.0
273,1,0,0,1,0.91,1.10294118
5,1,0,0,1,0.01666667,75.0
22,1,0,0,1,0.07333333,14.28571429
79,1,0,0,1,0.26333333,3.84615385
11,1,0,0,1,0.03666667,30.0
5,1,0,0,1,0.01666667,75.0
65,1,0,0,1,0.21666667,4.6875
1,1,0,0,1,0.0,10.0
2,1,0,0,1,0.00666667,300.0
1,1,0,0,1,0.0,10.0
11,1,0,0,1,0.03666667,30.0
14,1,0,0,1,0.04666667,23.07692308
1,1,0,0,1,0.0,10.0
178,1,0,0,1,0.59333333,1.69491525
2,1,0,0,1,0.00666667,300.0
9,1,0,0,1,0.03,37.5
4,1,0,0,1,0.01333333,100.0
4,1,0,0,1,0.01333333,100.0
12,1,0,0,1,0.04,27.27272727
8,1,0,0,1,0.02666667,42.85714286
8,1,0,0,1,0.02666667,42.85714286
262,1,0,0,1,0.87333333,1.14942529
2,1,0,0,1,0.00666667,300.0
1,1,0,0,1,0.0,10.0
1,1,0,0,1,0.0,10.0
132,1,0,0,1,0.44,2.29007634
132,1,0,0,1,0.44,2.29007634
2,1,0,0,1,0.00666667,300.0
3,1,0,0,1,0.01,150.0
17,1,0,0,1,0.05666667,18.75
1,1,0,0,1,0.0,10.0
7,1,0,0,1,0.02333333,50.0
36,1,0,0,1,0.12,8.57142857
11,1,0,0,1,0.03666667,30.0
2,1,0,0,1,0.00666667,300.0
6,1,0,0,1,0.02,60.0
69,1,0,0,1,0.23,4.41176471
8,1,0,0,1,0.02666667,42.85714286
4,1,0,0,1,0.01333333,100.0
11,1,0,0,1,0.03666667,30.0
2,1,0,0,1,0.00666667,300.0
3,1,0,0,1,0.01,150.0
1,1,0,0,1,0.0,10.0
2,1,0,0,1,0.00666667,300.0
2,1,0,0,1,0.00666667,300.0
1,1,0,0,1,0.0,10.0
18,1,0,0,1,0.06,17.64705882
2,1,0,0,1,0.00666667,300.0
4,1,0,0,1,0.01333333,100.0
4,1,0,0,1,0.01333333,100.0
1,1,0,0,1,0.0,10.0
1,1,0,0,1,0.0,10.0
3,1,0,0,1,0.01,150.0
74,1,0,0,1,0.24666667,4.10958904
1,1,0,0,1,0.0,10.0
14,1,0,0,1,0.04666667,23.07692308
1,1,0,0,1,0.0,10.0
6,1,0,0,1,0.02,60.0
199,1,0,0,1,0.66333333,1.51515152
168,1,0,0,1,0.56,1.79640719
1,1,0,0,1,0.0,10.0
1,1,0,0,1,0.0,10.0
1,1,0,0,1,0.0,10.0
3,1,0,0,1,0.01,150.0
1,1,0,0,1,0.0,10.0
5,1,0,0,1,0.01666667,75.0
2,1,0,0,1,0.00666667,300.0
17,1,0,0,1,0.05666667,18.75
10,1,0,0,1,0.03333333,33.33333333
11,1,0,0,1,0.03666667,30.0
1,1,0,0,1,0.0,10.0
2,1,0,0,1,0.00666667,300.0
1,1,0,0,1,0.0,10.0
19,1,0,0,1,0.06333333,16.66666667
1,1,0,0,1,0.0,10.0
1,1,0,0,1,0.0,10.0
1,1,0,0,1,0.0,10.0
310,1,0,0,1,1.03333333,0.97087379
25,1,0,0,1,0.08333333,12.5
24,1,0,0,1,0.08,13.04347826
1,1,0,0,1,0.0,10.0
3,1,0,0,1,0.01,150.0
199,1,0,0,1,0.66333333,1.51515152
4,1,0,0,1,0.01333333,100.0
3,1,0,0,1,0.01,150.0
4,1,0,0,1,0.01333333,100.0
2,1,0,0,1,0.00666667,300.0
2,1,0,0,1,0.00666667,300.0
1,1,0,0,1,0.0,10.0
72,1,0,0,1,0.24,4.22535211
1,1,0,0,1,0.0,10.0
2,1,0,0,1,0.00666667,300.0
2,1,0,0,1,0.00666667,300.0
5,1,0,0,1,0.01666667,75.0
2,1,0,0,1,0.00666667,300.0
1,1,0,0,1,0.0,10.0
29,1,0,0,1,0.09666667,10.71428571
132,1,0,0,1,0.44,2.29007634
7,1,0,0,1,0.02333333,50.0
1,1,0,0,1,0.0,10.0
70,1,0,0,1,0.23333333,4.34782609
2,1,0,0,1,0.00666667,300.0
12,1,0,0,1,0.04,27.27272727
5,1,0,0,1,0.01666667,75.0
149,1,0,0,1,0.49666667,2.02702703
1,1,0,0,1,0.0,10.0
1,1,0,0,1,0.0,10.0
34,1,0,0,1,0.11333333,9.09090909
146,1,0,0,1,0.48666667,2.06896552
21,1,0,0,1,0.07,15.0
5,1,0,0,1,0.01666667,75.0
9,1,0,0,1,0.03,37.5
11,1,0,0,1,0.03666667,30.0
6,1,0,0,1,0.02,60.0
1,1,0,0,1,0.0,10.0
18,1,0,0,1,0.06,17.64705882
2,1,0,0,1,0.00666667,300.0
6,1,0,0,1,0.02,60.0
1,1,0,0,1,0.0,10.0
23,1,0,0,1,0.07666667,13.63636364
13,1,0,0,1,0.04333333,25.0
2,1,0,0,1,0.00666667,300.0
2,1,0,0,1,0.00666667,300.0
1,1,0,0,1,0.0,10.0
21,1,0,0,1,0.07,15.0
14,1,0,0,1,0.04666667,23.07692308
11,1,0,0,1,0.03666667,30.0
1,1,0,0,1,0.0,10.0
1,1,0,0,1,0.0,10.0
3,1,0,0,1,0.01,150.0
4,1,0,0,1,0.01333333,100.0
25,1,0,0,1,0.08333333,12.5
10,1,0,0,1,0.03333333,33.33333333
1,1,0,0,1,0.0,10.0
1,1,0,0,1,0.0,10.0
22,1,0,0,1,0.07333333,14.28571429
11,1,0,0,1,0.03666667,30.0
65,1,0,0,1,0.21666667,4.6875
21,1,0,0,1,0.07,15.0
2,1,0,0,1,0.00666667,300.0
2,1,0,0,1,0.00666667,300.0
2,1,0,0,1,0.00666667,300.0
2,1,0,0,1,0.00666667,300.0
12,1,0,0,1,0.04,27.27272727
1,1,0,0,1,0.0,10.0
37,1,0,0,1,0.12333333,8.33333333
5,1,0,0,1,0.01666667,75.0
7,1,0,0,1,0.02333333,50.0
89,1,0,0,1,0.29666667,3.40909091
2,1,0,0,1,0.00666667,300.0
1,1,0,0,1,0.0,10.0
5,1,0,0,1,0.01666667,75.0
17,1,0,0,1,0.05666667,18.75
228,1,0,0,1,0.76,1.3215859
2,1,0,0,1,0.00666667,300.0
1,1,0,0,1,0.0,10.0
2,1,0,0,1,0.00666667,300.0
22,1,0,0,1,0.07333333,14.28571429
1,1,0,0,1,0.0,10.0
8,1,0,0,1,0.02666667,42.85714286
2,1,0,0,1,0.00666667,300.0
1,1,0,0,1,0.0,10.0
3,1,0,0,1,0.01,150.0
15,1,0,0,1,0.05,21.42857143
1,1,0,0,1,0.0,10.0
274,1,0,0,1,0.91333333,1.0989011
43,1,0,0,1,0.14333333,7.14285714
11,1,0,0,1,0.03666667,30.0
4,1,0,0,1,0.01333333,100.0
28,1,0,0,1,0.09333333,11.11111111
5,1,0,0,1,0.01666667,75.0
1,1,0,0,1,0.0,10.0
1,1,0,0,1,0.0,10.0
7,1,0,0,1,0.02333333,50.0
8,1,0,0,1,0.02666667,42.85714286
1,1,0,0,1,0.0,10.0
1,1,0,0,1,0.0,10.0
141,1,0,0,1,0.47,2.14285714
11,1,0,0,1,0.03666667,30.0
217,1,0,0,1,0.72333333,1.38888889
28,1,0,0,1,0.09333333,11.11111111
11,1,0,0,1,0.03666667,30.0
4,1,0,0,1,0.01333333,100.0
1,1,0,0,1,0.0,10.0
36,1,0,0,1,0.12,8.57142857
1,1,0,0,1,0.0,10.0
2,1,0,0,1,0.00666667,300.0
76,1,0,0,1,0.25333333,4.0
2,1,0,0,1,0.00666667,300.0
1,1,0,0,1,0.0,10.0
116,1,0,0,1,0.38666667,2.60869565
13,1,0,0,1,0.04333333,25.0
1,1,0,0,1,0.0,10.0
5,1,0,0,1,0.01666667,75.0
4,1,0,0,1,0.01333333,100.0
8,1,0,0,1,0.02666667,42.85714286
80,1,0,0,1,0.26666667,3.79746835
3,1,0,0,1,0.01,150.0
15,1,0,0,1,0.05,21.42857143
16,1,0,0,1,0.05333333,20.0
3,1,0,0,1,0.01,150.0
1,1,0,0,1,0.0,10.0
4,1,0,0,1,0.01333333,100.0
2,1,0,0,1,0.00666667,300.0
4,1,0,0,1,0.01333333,100.0
1,1,0,0,1,0.0,10.0
7,1,0,0,1,0.02333333,50.0
1,1,0,0,1,0.0,10.0
4,1,0,0,1,0.01333333,100.0
1,1,0,0,1,0.0,10.0
27,1,0,0,1,0.09,11.53846154
8,1,0,0,1,0.02666667,42.85714286
2,1,0,0,1,0.00666667,300.0
2,1,0,0,1,0.00666667,300.0
11,1,0,0,1,0.03666667,30.0
6,1,0,0,1,0.02,60.0
1,1,0,0,1,0.0,10.0
1,1,0,0,1,0.0,10.0
2,1,0,0,1,0.00666667,300.0
3,1,0,0,1,0.01,150.0
1,1,0,0,1,0.0,10.0
26,1,0,0,1,0.08666667,12.0
2,1,0,0,1,0.00666667,300.0
1,1,0,0,1,0.0,10.0
12,1,0,0,1,0.04,27.27272727
19,1,0,0,1,0.06333333,16.66666667
5,1,0,0,1,0.01666667,75.0
14,1,0,0,1,0.04666667,23.07692308
1,1,0,0,1,0.0,10.0
1,1,0,0,1,0.0,10.0
1,1,0,0,1,0.0,10.0
1,1,0,0,1,0.0,10.0
1,1,0,0,1,0.0,10.0
6,1,0,0,1,0.02,60.0
1,1,0,0,1,0.0,10.0
15,1,0,0,1,0.05,21.42857143
2,1,0,0,1,0.00666667,300.0
1,1,0,0,1,0.0,10.0
11,1,0,0,1,0.03666667,30.0
110,1,0,0,1,0.36666667,2.75229358
7,1,0,0,1,0.02333333,50.0
1,1,0,0,1,0.0,10.0
8,1,0,0,1,0.02666667,42.85714286
29,1,0,0,1,0.09666667,10.71428571
5,1,0,0,1,0.01666667,75.0
7,1,0,0,1,0.02333333,50.0
9,1,0,0,1,0.03,37.5
3,1,0,0,1,0.01,150.0
1,1,0,0,1,0.0,10.0
18,1,0,0,1,0.06,17.64705882
82,1,0,0,1,0.27333333,3.7037037
3,1,0,0,1,0.01,150.0
1,1,0,0,1,0.0,10.0
5,1,0,0,1,0.01666667,75.0
11,1,0,0,1,0.03666667,30.0
13,1,0,0,1,0.04333333,25.0
1,1,0,0,1,0.0,10.0
1,1,0,0,1,0.0,10.0
3,1,0,0,1,0.01,150.0
1,1,0,0,1,0.0,10.0
1,1,0,0,1,0.0,10.0
34,1,0,0,1,0.11333333,9.09090909
13,1,0,0,1,0.04333333,25.0
14,1,0,0,1,0.04666667,23.07692308
1,1,0,0,1,0.0,10.0
1,1,0,0,1,0.0,10.0
1,1,0,0,1,0.0,10.0
172,1,0,0,1,0.57333333,1.75438596
25,1,0,0,1,0.08333333,12.5
170,1,0,0,1,0.56666667,1.77514793
1,1,0,0,1,0.0,10.0
3,1,0,0,1,0.01,150.0
7,1,0,0,1,0.02333333,50.0
1,1,0,0,1,0.0,10.0
125,1,0,0,1,0.41666667,2.41935484
1,1,0,0,1,0.0,10.0
3,1,0,0,1,0.01,150.0
1,1,0,0,1,0.0,10.0
2,1,0,0,1,0.00666667,300.0
12,1,0,0,1,0.04,27.27272727
66,1,0,0,1,0.22,4.61538462
12,1,0,0,1,0.04,27.27272727
12,1,0,0,1,0.04,27.27272727
5,1,0,0,1,0.01666667,75.0
6,1,0,0,1,0.02,60.0
10,1,0,0,1,0.03333333,33.33333333
158,1,0,0,1,0.52666667,1.91082803
2,1,0,0,1,0.00666667,300.0
12,1,0,0,1,0.04,27.27272727
1,1,0,0,1,0.0,10.0
1,1,0,0,1,0.0,10.0
3,1,0,0,1,0.01,150.0
131,1,0,0,1,0.43666667,2.30769231
26,1,0,0,1,0.08666667,12.0
42,1,0,0,1,0.14,7.31707317
1,1,0,0,1,0.0,10.0
7,1,0,0,1,0.02333333,50.0
5,1,0,0,1,0.01666667,75.0
6,1,0,0,1,0.02,60.0
24,1,0,0,1,0.08,13.04347826
1,1,0,0,1,0.0,10.0
2,1,0,0,1,0.00666667,300.0
67,1,0,0,1,0.22333333,4.54545455
5,1,0,0,1,0.01666667,75.0
7,1,0,0,1,0.02333333,50.0
2,1,0,0,1,0.00666667,300.0
1,1,0,0,1,0.0,10.0
7,1,0,0,1,0.02333333,50.0
1,1,0,0,1,0.0,10.0
22,1,0,0,1,0.07333333,14.28571429
137,1,0,0,1,0.45666667,2.20588235
487,1,0,0,1,1.62333333,0.61728395
1,1,0,0,1,0.0,10.0
1,1,0,0,1,0.0,10.0
1,1,0,0,1,0.0,10.0
20,1,0,0,1,0.06666667,15.78947368
9,1,0,0,1,0.03,37.5
19,1,0,0,1,0.06333333,16.66666667
36,1,0,0,1,0.12,8.57142857
6,1,0,0,1,0.02,60.0
1,1,0,0,1,0.0,10.0
1,1,0,0,1,0.0,10.0
157,1,0,0,1,0.52333333,1.92307692
32,1,0,0,1,0.10666667,9.67741935
12,1,0,0,1,0.04,27.27272727
11,1,0,0,1,0.03666667,30.0
1,1,0,0,1,0.0,10.0
9,1,0,0,1,0.03,37.5
2,1,0,0,1,0.00666667,300.0
1,1,0,0,1,0.0,10.0
1,1,0,0,1,0.0,10.0
41,1,0,0,1,0.13666667,7.5
2,1,0,0,1,0.00666667,300.0
1,1,0,0,1,0.0,10.0
8,1,0,0,1,0.02666667,42.85714286
12,1,0,0,1,0.04,27.27272727
1,1,0,0,1,0.0,10.0
88,1,0,0,1,0.29333333,3.44827586
12,1,0,0,1,0.04,27.27272727
7,1,0,0,1,0.02333333,50.0
2,1,0,0,1,0.00666667,300.0
2,1,0,0,1,0.00666667,300.0
23,1,0,0,1,0.07666667,13.63636364
1,1,0,0,1,0.0,10.0
2,1,0,0,1,0.00666667,300.0
5,1,0,0,1,0.01666667,75.0
5,1,0,0,1,0.01666667,75.0
1,1,0,0,1,0.0,10.0
4,1,0,0,1,0.01333333,100.0
39,1,0,0,1,0.13,7.89473684
24,1,0,0,1,0.08,13.04347826
113,1,0,0,1,0.37666667,2.67857143
34,1,0,0,1,0.11333333,9.09090909
4,1,0,0,1,0.01333333,100.0
38,1,0,0,1,0.12666667,8.10810811
3,1,0,0,1,0.01,150.0
39,1,0,0,1,0.13,7.89473684
13,1,0,0,1,0.04333333,25.0
1,1,0,0,1,0.0,10.0
11,1,0,0,1,0.03666667,30.0
1,1,0,0,1,0.0,10.0
11,1,0,0,1,0.03666667,30.0
26,1,0,0,1,0.08666667,12.0
14,1,0,0,1,0.04666667,23.07692308
31,1,0,0,1,0.10333333,10.0
2,1,0,0,1,0.00666667,300.0
37,1,0,0,1,0.12333333,8.33333333
4,1,0,0,1,0.01333333,100.0
5,1,0,0,1,0.01666667,75.0
1,1,0,0,1,0.0,10.0
9,1,0,0,1,0.03,37.5
6,1,0,0,1,0.02,60.0
1,1,0,0,1,0.0,10.0
17,1,0,0,1,0.05666667,18.75
4,1,0,0,1,0.01333333,100.0
1,1,0,0,1,0.0,10.0
15,1,0,0,1,0.05,21.42857143
1,1,0,0,1,0.0,10.0
2,1,0,0,1,0.00666667,300.0
30,1,0,0,1,0.1,10.34482759
1,1,0,0,1,0.0,10.0
20,1,0,0,1,0.06666667,15.78947368
29,1,0,0,1,0.09666667,10.71428571
130,1,0,0,1,0.43333333,2.3255814
3,1,0,0,1,0.01,150.0
1,1,0,0,1,0.0,10.0
1,1,0,0,1,0.0,10.0
2,1,0,0,1,0.00666667,300.0
10,1,0,0,1,0.03333333,33.33333333
38,1,0,0,1,0.12666667,8.10810811
111,1,0,0,1,0.37,2.72727273
129,1,0,0,1,0.43,2.34375
1,1,0,0,1,0.0,10.0
18,1,0,0,1,0.06,17.64705882
1,1,0,0,1,0.0,10.0
23,1,0,0,1,0.07666667,13.63636364
6,1,0,0,1,0.02,60.0
11,1,0,0,1,0.03666667,30.0
5,1,0,0,1,0.01666667,75.0
17,1,0,0,1,0.05666667,18.75
1,1,0,0,1,0.0,10.0
1,1,0,0,1,0.0,10.0
1,1,0,0,1,0.0,10.0
256,1,0,0,1,0.85333333,1.17647059
66,1,0,0,1,0.22,4.61538462
2,1,0,0,1,0.00666667,300.0
1,1,0,0,1,0.0,10.0
2,1,0,0,1,0.00666667,300.0
1,1,0,0,1,0.0,10.0
8,1,0,0,1,0.02666667,42.85714286
3,1,0,0,1,0.01,150.0
7,1,0,0,1,0.02333333,50.0
1,1,0,0,1,0.0,10.0
4,1,0,0,1,0.01333333,100.0
2,1,0,0,1,0.00666667,300.0
9,1,0,0,1,0.03,37.5
133,1,0,0,1,0.44333333,2.27272727
1,1,0,0,1,0.0,10.0
7,1,0,0,1,0.02333333,50.0
1,1,0,0,1,0.0,10.0
2,1,0,0,1,0.00666667,300.0
511,1,0,0,1,1.70333333,0.58823529
5,1,0,0,1,0.01666667,75.0
3,1,0,0,1,0.01,150.0
1,1,0,0,1,0.0,10.0
3,1,0,0,1,0.01,150.0
15,1,0,0,1,0.05,21.42857143
1,1,0,0,1,0.0,10.0
9,1,0,0,1,0.03,37.5
1,1,0,0,1,0.0,10.0
205,1,0,0,1,0.68333333,1.47058824
2,1,0,0,1,0.00666667,300.0
1,1,0,0,1,0.0,10.0
427,1,0,0,1,1.42333333,0.70422535
1,1,0,0,1,0.0,10.0
2,1,0,0,1,0.00666667,300.0
3,1,0,0,1,0.01,150.0
14,1,0,0,1,0.04666667,23.07692308
7,1,0,0,1,0.02333333,50.0
1,1,0,0,1,0.0,10.0
2,1,0,0,1,0.00666667,300.0
14,1,0,0,1,0.04666667,23.07692308
78,1,0,0,1,0.26,3.8961039
1,1,0,0,1,0.0,10.0
1,1,0,0,1,0.0,10.0
3,1,0,0,1,0.01,150.0
1,1,0,0,1,0.0,10.0
1,1,0,0,1,0.0,10.0
10,1,0,0,1,0.03333333,33.33333333
139,1,0,0,1,0.46333333,2.17391304
1,1,0,0,1,0.0,10.0
12,1,0,0,1,0.04,27.27272727
4,1,0,0,1,0.01333333,100.0
1,1,0,0,1,0.0,10.0
1,1,0,0,1,0.0,10.0
2,1,0,0,1,0.00666667,300.0
7,1,0,0,1,0.02333333,50.0
2,1,0,0,1,0.00666667,300.0
19,1,0,0,1,0.06333333,16.66666667
6,1,0,0,1,0.02,60.0
1,1,0,0,1,0.0,10.0
1,1,0,0,1,0.0,10.0
3,1,0,0,1,0.01,150.0
3,1,0,0,1,0.01,150.0
6,1,0,0,1,0.02,60.0
3,1,0,0,1,0.01,150.0
234,1,0,0,1,0.78,1.28755365
4,1,0,0,1,0.01333333,100.0
1,1,0,0,1,0.0,10.0
8,1,0,0,1,0.02666667,42.85714286
13,1,0,0,1,0.04333333,25.0
4,1,0,0,1,0.01333333,100.0
1,1,0,0,1,0.0,10.0
61,1,0,0,1,0.20333333,5.0
1,1,0,0,1,0.0,10.0
14,1,0,0,1,0.04666667,23.07692308
10,1,0,0,1,0.03333333,33.33333333
2,1,0,0,1,0.00666667,300.0
22,1,0,0,1,0.07333333,14.28571429
1,1,0,0,1,0.0,10.0
1,1,0,0,1,0.0,10.0
4,1,0,0,1,0.01333333,100.0
1,1,0,0,1,0.0,10.0
6,1,0,0,1,0.02,60.0
1,1,0,0,1,0.0,10.0
1,1,0,0,1,0.0,10.0
8,1,0,0,1,0.02666667,42.85714286
25,1,0,0,1,0.08333333,12.5
1,1,0,0,1,0.0,10.0
8,1,0,0,1,0.02666667,42.85714286
178,1,0,0,1,0.59333333,1.69491525
1,1,0,0,1,0.0,10.0
18,1,0,0,1,0.06,17.64705882
14,1,0,0,1,0.04666667,23.07692308
220,1,0,0,1,0.73333333,1.36986301
177,1,0,0,1,0.59,1.70454545
5,1,0,0,1,0.01666667,75.0
1,1,0,0,1,0.0,10.0
2,1,0,0,1,0.00666667,300.0
79,1,0,0,1,0.26333333,3.84615385
1,1,0,0,1,0.0,10.0
16,1,0,0,1,0.05333333,20.0
23,1,0,0,1,0.07666667,13.63636364
4,1,0,0,1,0.01333333,100.0
1,1,0,0,1,0.0,10.0
3,1,0,0,1,0.01,150.0
12,1,0,0,1,0.04,27.27272727
2,1,0,0,1,0.00666667,300.0
7,1,0,0,1,0.02333333,50.0
15,1,0,0,1,0.05,21.42857143
1,1,0,0,1,0.0,10.0
4,1,0,0,1,0.01333333,100.0
13,1,0,0,1,0.04333333,25.0
22,1,0,0,1,0.07333333,14.28571429
103,1,0,0,1,0.34333333,2.94117647
9,1,0,0,1,0.03,37.5
1,1,0,0,1,0.0,10.0
1,1,0,0,1,0.0,10.0
1,1,0,0,1,0.0,10.0
2,1,0,0,1,0.00666667,300.0
1,1,0,0,1,0.0,10.0
15,1,0,0,1,0.05,21.42857143
2,1,0,0,1,0.00666667,300.0
2,1,0,0,1,0.00666667,300.0
1,1,0,0,1,0.0,10.0
3,1,0,0,1,0.01,150.0
22,1,0,0,1,0.07333333,14.28571429
8,1,0,0,1,0.02666667,42.85714286
13,1,0,0,1,0.04333333,25.0
4,1,0,0,1,0.01333333,100.0
1,1,0,0,1,0.0,10.0
7,1,0,0,1,0.02333333,50.0
1,1,0,0,1,0.0,10.0
1,1,0,0,1,0.0,10.0
13,1,0,0,1,0.04333333,25.0
3,1,0,0,1,0.01,150.0
6,1,0,0,1,0.02,60.0
10,1,0,0,1,0.03333333,33.33333333
19,1,0,0,1,0.06333333,16.66666667
16,1,0,0,1,0.05333333,20.0
1,1,0,0,1,0.0,10.0
71,1,0,0,1,0.23666667,4.28571429
8,1,0,0,1,0.02666667,42.85714286
13,1,0,0,1,0.04333333,25.0
121,1,0,0,1,0.40333333,2.5
1,1,0,0,1,0.0,10.0
14,1,0,0,1,0.04666667,23.07692308
489,1,0,0,1,1.63,0.6147541
3,1,0,0,1,0.01,150.0
8,1,0,0,1,0.02666667,42.85714286
23,1,0,0,1,0.07666667,13.63636364
15,1,0,0,1,0.05,21.42857143
11,1,0,0,1,0.03666667,30.0
310,1,0,0,1,1.03333333,0.97087379
24,1,0,0,1,0.08,13.04347826
1,1,0,0,1,0.0,10.0
1,1,0,0,1,0.0,10.0
26,1,0,0,1,0.08666667,12.0
18,1,0,0,1,0.06,17.64705882
2,1,0,0,1,0.00666667,300.0
3,1,0,0,1,0.01,150.0
2,1,0,0,1,0.00666667,300.0
5,1,0,0,1,0.01666667,75.0
17,1,0,0,1,0.05666667,18.75
1,1,0,0,1,0.0,10.0
4,1,0,0,1,0.01333333,100.0
10,1,0,0,1,0.03333333,33.33333333
1,1,0,0,1,0.0,10.0
28,1,0,0,1,0.09333333,11.11111111
171,1,0,0,1,0.57,1.76470588
15,1,0,0,1,0.05,21.42857143
7,1,0,0,1,0.02333333,50.0
109,1,0,0,1,0.36333333,2.77777778
1,1,0,0,1,0.0,10.0
10,1,0,0,1,0.03333333,33.33333333
2,1,0,0,1,0.00666667,300.0
1,1,0,0,1,0.0,10.0
266,1,0,0,1,0.88666667,1.13207547
1,1,0,0,1,0.0,10.0
17,1,0,0,1,0.05666667,18.75
305,1,0,0,1,1.01666667,0.98684211
1,1,0,0,1,0.0,10.0
16,1,0,0,1,0.05333333,20.0
1,1,0,0,1,0.0,10.0
11,1,0,0,1,0.03666667,30.0
23,1,0,0,1,0.07666667,13.63636364
11,1,0,0,1,0.03666667,30.0
1,1,0,0,1,0.0,10.0
24,1,0,0,1,0.08,13.04347826
13,1,0,0,1,0.04333333,25.0
8,1,0,0,1,0.02666667,42.85714286
2,1,0,0,1,0.00666667,300.0
1,1,0,0,1,0.0,10.0
1,1,0,0,1,0.0,10.0
11,1,0,0,1,0.03666667,30.0
4,1,0,0,1,0.01333333,100.0
1,1,0,0,1,0.0,10.0
11,1,0,0,1,0.03666667,30.0
23,1,0,0,1,0.07666667,13.63636364
14,1,0,0,1,0.04666667,23.07692308
1,1,0,0,1,0.0,10.0
8,1,0,0,1,0.02666667,42.85714286
1,1,0,0,1,0.0,10.0
5,1,0,0,1,0.01666667,75.0
4,1,0,0,1,0.01333333,100.0
10,1,0,0,1,0.03333333,33.33333333
22,1,0,0,1,0.07333333,14.28571429
8,1,0,0,1,0.02666667,42.85714286
1,1,0,0,1,0.0,10.0
7,1,0,0,1,0.02333333,50.0
1,1,0,0,1,0.0,10.0
1,1,0,0,1,0.0,10.0
3,1,0,0,1,0.01,150.0
18,1,0,0,1,0.06,17.64705882
1,1,0,0,1,0.0,10.0
13,1,0,0,1,0.04333333,25.0
14,1,0,0,1,0.04666667,23.07692308
22,1,0,0,1,0.07333333,14.28571429
110,1,0,0,1,0.36666667,2.75229358
242,1,0,0,1,0.80666667,1.24481328
5,1,0,0,1,0.01666667,75.0
9,1,0,0,1,0.03,37.5
7,1,0,0,1,0.02333333,50.0
1,1,0,0,1,0.0,10.0
1,1,0,0,1,0.0,10.0
1,1,0,0,1,0.0,10.0
1,1,0,0,1,0.0,10.0
21,1,0,0,1,0.07,15.0
2,1,0,0,1,0.00666667,300.0
14,1,0,0,1,0.04666667,23.07692308
1,1,0,0,1,0.0,10.0
16,1,0,0,1,0.05333333,20.0
8,1,0,0,1,0.02666667,42.85714286
1,1,0,0,1,0.0,10.0
3,1,0,0,1,0.01,150.0
236,1,0,0,1,0.78666667,1.27659574
5,1,0,0,1,0.01666667,75.0
1,1,0,0,1,0.0,10.0
2,1,0,0,1,0.00666667,300.0
44,1,0,0,1,0.14666667,6.97674419
1,1,0,0,1,0.0,10.0
12,1,0,0,1,0.04,27.27272727
1,1,0,0,1,0.0,10.0
6,1,0,0,1,0.02,60.0
273,1,0,0,1,0.91,1.10294118
16,1,0,0,1,0.05333333,20.0
5,1,0,0,1,0.01666667,75.0
3,1,0,0,1,0.01,150.0
2,1,0,0,1,0.00666667,300.0
1,1,0,0,1,0.0,10.0
2,1,0,0,1,0.00666667,300.0
33,1,0,0,1,0.11,9.375
1,1,0,0,1,0.0,10.0
295,1,0,0,1,0.98333333,1.02040816
7,1,0,0,1,0.02333333,50.0
1,1,0,0,1,0.0,10.0
7,1,0,0,1,0.02333333,50.0
4,1,0,0,1,0.01333333,100.0
1,1,0,0,1,0.0,10.0
6,1,0,0,1,0.02,60.0
23,1,0,0,1,0.07666667,13.63636364
1,1,0,0,1,0.0,10.0
1,1,0,0,1,0.0,10.0
5,1,0,0,1,0.01666667,75.0
2,1,0,0,1,0.00666667,300.0
13,1,0,0,1,0.04333333,25.0
10,1,0,0,1,0.03333333,33.33333333
20,1,0,0,1,0.06666667,15.78947368
2,1,0,0,1,0.00666667,300.0
118,1,0,0,1,0.39333333,2.56410256
11,1,0,0,1,0.03666667,30.0
1,1,0,0,1,0.0,10.0
2,1,0,0,1,0.00666667,300.0
2,1,0,0,1,0.00666667,300.0
1,1,0,0,1,0.0,10.0
1,1,0,0,1,0.0,10.0
1,1,0,0,1,0.0,10.0
1,1,0,0,1,0.0,10.0
9,1,0,0,1,0.03,37.5
1,1,0,0,1,0.0,10.0
4,1,0,0,1,0.01333333,100.0
21,1,0,0,1,0.07,15.0
19,1,0,0,1,0.06333333,16.66666667
1,1,0,0,1,0.0,10.0
17,1,0,0,1,0.05666667,18.75
1,1,0,0,1,0.0,10.0
21,1,0,0,1,0.07,15.0
2,1,0,0,1,0.00666667,300.0
4,1,0,0,1,0.01333333,100.0
12,1,0,0,1,0.04,27.27272727
1,1,0,0,1,0.0,10.0
1,1,0,0,1,0.0,10.0
10,1,0,0,1,0.03333333,33.33333333
21,1,0,0,1,0.07,15.0
16,1,0,0,1,0.05333333,20.0
1,1,0,0,1,0.0,10.0
1,1,0,0,1,0.0,10.0
1,1,0,0,1,0.0,10.0
237,1,0,0,1,0.79,1.27118644
15,1,0,0,1,0.05,21.42857143
1,1,0,0,1,0.0,10.0
1,1,0,0,1,0.0,10.0
1,1,0,0,1,0.0,10.0
1,1,0,0,1,0.0,10.0
32,1,0,0,1,0.10666667,9.67741935
1,1,0,0,1,0.0,10.0
1,1,0,0,1,0.0,10.0
16,1,0,0,1,0.05333333,20.0
1,1,0,0,1,0.0,10.0
1,1,0,0,1,0.0,10.0
1,1,0,0,1,0.0,10.0
1,1,0,0,1,0.0,10.0
1,1,0,0,1,0.0,10.0
1,1,0,0,1,0.0,10.0
1,1,0,0,1,0.0,10.0
8,1,0,0,1,0.02666667,42.85714286
18,1,0,0,1,0.06,17.64705882
7,1,0,0,1,0.02333333,50.0
1,1,0,0,1,0.0,10.0
9,1,0,0,1,0.03,37.5
4,1,0,0,1,0.01333333,100.0
17,1,0,0,1,0.05666667,18.75
20,1,0,0,1,0.06666667,15.78947368
1,1,0,0,1,0.0,10.0
11,1,0,0,1,0.03666667,30.0
1,1,0,0,1,0.0,10.0
10,1,0,0,1,0.03333333,33.33333333
1,1,0,0,1,0.0,10.0
13,1,0,0,1,0.04333333,25.0
1,1,0,0,1,0.0,10.0
1,1,0,0,1,0.0,10.0
1,1,0,0,1,0.0,10.0
22,1,0,0,1,0.07333333,14.28571429
1,1,0,0,1,0.0,10.0
1,1,0,0,1,0.0,10.0
1,1,0,0,1,0.0,10.0
289,1,0,0,1,0.96333333,1.04166667
3,1,0,0,1,0.01,150.0
6,1,0,0,1,0.02,60.0
17,1,0,0,1,0.05666667,18.75
1,1,0,0,1,0.0,10.0
6,1,0,0,1,0.02,60.0
5,1,0,0,1,0.01666667,75.0
105,1,0,0,1,0.35,2.88461538
3,1,0,0,1,0.01,150.0
7,1,0,0,1,0.02333333,50.0
3,1,0,0,1,0.01,150.0
2,1,0,0,1,0.00666667,300.0
5,1,0,0,1,0.01666667,75.0
39,1,0,0,1,0.13,7.89473684
6,1,0,0,1,0.02,60.0
6,1,0,0,1,0.02,60.0
28,1,0,0,1,0.09333333,11.11111111
4,1,0,0,1,0.01333333,100.0
2,1,0,0,1,0.00666667,300.0
4,1,0,0,1,0.01333333,100.0
5,1,0,0,1,0.01666667,75.0
10,1,0,0,1,0.03333333,33.33333333
1,1,0,0,1,0.0,10.0
6,1,0,0,1,0.02,60.0
1,1,0,0,1,0.0,10.0
11,1,0,0,1,0.03666667,30.0
109,1,0,0,1,0.36333333,2.77777778
2,1,0,0,1,0.00666667,300.0
10,1,0,0,1,0.03333333,33.33333333
7,1,0,0,1,0.02333333,50.0
233,1,0,0,1,0.77666667,1.29310345
3,1,0,0,1,0.01,150.0
1,1,0,0,1,0.0,10.0
1,1,0,0,1,0.0,10.0
109,1,0,0,1,0.36333333,2.77777778
1,1,0,0,1,0.0,10.0
18,1,0,0,1,0.06,17.64705882
173,1,0,0,1,0.57666667,1.74418605
2,1,0,0,1,0.00666667,300.0
4,1,0,0,1,0.01333333,100.0
1,1,0,0,1,0.0,10.0
1,1,0,0,1,0.0,10.0
22,1,0,0,1,0.07333333,14.28571429
5,1,0,0,1,0.01666667,75.0
6,1,0,0,1,0.02,60.0
1,1,0,0,1,0.0,10.0
5,1,0,0,1,0.01666667,75.0
1,1,0,0,1,0.0,10.0
1,1,0,0,1,0.0,10.0
1,1,0,0,1,0.0,10.0
1,1,0,0,1,0.0,10.0
132,1,0,0,1,0.44,2.29007634
11,1,0,0,1,0.03666667,30.0
2,1,0,0,1,0.00666667,300.0
38,1,0,0,1,0.12666667,8.10810811
7,1,0,0,1,0.02333333,50.0
10,1,0,0,1,0.03333333,33.33333333
9,1,0,0,1,0.03,37.5
2,1,0,0,1,0.00666667,300.0
6,1,0,0,1,0.02,60.0
3,1,0,0,1,0.01,150.0
237,1,0,0,1,0.79,1.27118644
22,1,0,0,1,0.07333333,14.28571429
1,1,0,0,1,0.0,10.0
205,1,0,0,1,0.68333333,1.47058824
6,1,0,0,1,0.02,60.0
8,1,0,0,1,0.02666667,42.85714286
1,1,0,0,1,0.0,10.0
21,1,0,0,1,0.07,15.0
4,1,0,0,1,0.01333333,100.0
307,1,0,0,1,1.02333333,0.98039216
1,1,0,0,1,0.0,10.0
14,1,0,0,1,0.04666667,23.07692308
1,1,0,0,1,0.0,10.0
11,1,0,0,1,0.03666667,30.0
20,1,0,0,1,0.06666667,15.78947368
14,1,0,0,1,0.04666667,23.07692308
7,1,0,0,1,0.02333333,50.0
1,1,0,0,1,0.0,10.0
2,1,0,0,1,0.00666667,300.0
12,1,0,0,1,0.04,27.27272727
33,1,0,0,1,0.11,9.375
7,1,0,0,1,0.02333333,50.0
1,1,0,0,1,0.0,10.0
315,1,0,0,1,1.05,0.95541401
6,1,0,0,1,0.02,60.0
18,1,0,0,1,0.06,17.64705882
10,1,0,0,1,0.03333333,33.33333333
14,1,0,0,1,0.04666667,23.07692308
13,1,0,0,1,0.04333333,25.0
1,1,0,0,1,0.0,10.0
6,1,0,0,1,0.02,60.0
1,1,0,0,1,0.0,10.0
11,1,0,0,1,0.03666667,30.0
1,1,0,0,1,0.0,10.0
5,1,0,0,1,0.01666667,75.0
6,1,0,0,1,0.02,60.0
3,1,0,0,1,0.01,150.0
3,1,0,0,1,0.01,150.0
66,1,0,0,1,0.22,4.61538462
5,1,0,0,1,0.01666667,75.0
2,1,0,0,1,0.00666667,300.0
6,1,0,0,1,0.02,60.0
7,1,0,0,1,0.02333333,50.0
3,1,0,0,1,0.01,150.0
8,1,0,0,1,0.02666667,42.85714286
1,1,0,0,1,0.0,10.0
11,1,0,0,1,0.03666667,30.0
18,1,0,0,1,0.06,17.64705882
11,1,0,0,1,0.03666667,30.0
5,1,0,0,1,0.01666667,75.0
4,1,0,0,1,0.01333333,100.0
1,1,0,0,1,0.0,10.0
8,1,0,0,1,0.02666667,42.85714286
17,1,0,0,1,0.05666667,18.75
442,1,0,0,1,1.47333333,0.68027211
4,1,0,0,1,0.01333333,100.0
21,1,0,0,1,0.07,15.0
10,1,0,0,1,0.03333333,33.33333333
1,1,0,0,1,0.0,10.0
2,1,0,0,1,0.00666667,300.0
2,1,0,0,1,0.00666667,300.0
12,1,0,0,1,0.04,27.27272727
1,1,0,0,1,0.0,10.0
1,1,0,0,1,0.0,10.0
10,1,0,0,1,0.03333333,33.33333333
16,1,0,0,1,0.05333333,20.0
80,1,0,0,1,0.26666667,3.79746835
250,1,0,0,1,0.83333333,1.20481928
4,1,0,0,1,0.01333333,100.0
1,1,0,0,1,0.0,10.0
127,1,0,0,1,0.42333333,2.38095238
36,1,0,0,1,0.12,8.57142857
7,1,0,0,1,0.02333333,50.0
1,1,0,0,1,0.0,10.0
12,1,0,0,1,0.04,27.27272727
7,1,0,0,1,0.02333333,50.0
2,1,0,0,1,0.00666667,300.0
1,1,0,0,1,0.0,10.0
1,1,0,0,1,0.0,10.0
1,1,0,0,1,0.0,10.0
5,1,0,0,1,0.01666667,75.0
12,1,0,0,1,0.04,27.27272727
33,1,0,0,1,0.11,9.375
12,1,0,0,1,0.04,27.27272727
135,1,0,0,1,0.45,2.23880597
2,1,0,0,1,0.00666667,300.0
11,1,0,0,1,0.03666667,30.0
5,1,0,0,1,0.01666667,75.0
6,1,0,0,1,0.02,60.0
6,1,0,0,1,0.02,60.0
9,1,0,0,1,0.03,37.5
2,1,0,0,1,0.00666667,300.0
14,1,0,0,1,0.04666667,23.07692308
6,1,0,0,1,0.02,60.0
4,1,0,0,1,0.01333333,100.0
5,1,0,0,1,0.01666667,75.0
4,1,0,0,1,0.01333333,100.0
12,1,0,0,1,0.04,27.27272727
1,1,0,0,1,0.0,10.0
4,1,0,0,1,0.01333333,100.0
176,1,0,0,1,0.58666667,1.71428571
6,1,0,0,1,0.02,60.0
20,1,0,0,1,0.06666667,15.78947368
4,1,0,0,1,0.01333333,100.0
8,1,0,0,1,0.02666667,42.85714286
2,1,0,0,1,0.00666667,300.0
2,1,0,0,1,0.00666667,300.0
1,1,0,0,1,0.0,10.0
3,1,0,0,1,0.01,150.0
5,1,0,0,1,0.01666667,75.0
4,1,0,0,1,0.01333333,100.0
158,1,0,0,1,0.52666667,1.91082803
12,1,0,0,1,0.04,27.27272727
20,1,0,0,1,0.06666667,15.78947368
1,1,0,0,1,0.0,10.0
5,1,0,0,1,0.01666667,75.0
1,1,0,0,1,0.0,10.0
2,1,0,0,1,0.00666667,300.0
1,1,0,0,1,0.0,10.0
3,1,0,0,1,0.01,150.0
1,1,0,0,1,0.0,10.0
1,1,0,0,1,0.0,10.0
151,1,0,0,1,0.50333333,2.0
4,1,0,0,1,0.01333333,100.0
29,1,0,0,1,0.09666667,10.71428571
1,1,0,0,1,0.0,10.0
295,1,0,0,1,0.98333333,1.02040816
1,1,0,0,1,0.0,10.0
8,1,0,0,1,0.02666667,42.85714286
70,1,0,0,1,0.23333333,4.34782609
107,1,0,0,1,0.35666667,2.83018868
11,1,0,0,1,0.03666667,30.0
5,1,0,0,1,0.01666667,75.0
10,1,0,0,1,0.03333333,33.33333333
15,1,0,0,1,0.05,21.42857143
2,1,0,0,1,0.00666667,300.0
8,1,0,0,1,0.02666667,42.85714286
5,1,0,0,1,0.01666667,75.0
2,1,0,0,1,0.00666667,300.0
2,1,0,0,1,0.00666667,300.0
4,1,0,0,1,0.01333333,100.0
19,1,0,0,1,0.06333333,16.66666667
3,1,0,0,1,0.01,150.0
5,1,0,0,1,0.01666667,75.0
5,1,0,0,1,0.01666667,75.0
114,1,0,0,1,0.38,2.65486726
1,1,0,0,1,0.0,10.0
5,1,0,0,1,0.01666667,75.0
5,1,0,0,1,0.01666667,75.0
7,1,0,0,1,0.02333333,50.0
1,1,0,0,1,0.0,10.0
1,1,0,0,1,0.0,10.0
5,1,0,0,1,0.01666667,75.0
1,1,0,0,1,0.0,10.0
8,1,0,0,1,0.02666667,42.85714286
1,1,0,0,1,0.0,10.0
8,1,0,0,1,0.02666667,42.85714286
8,1,0,0,1,0.02666667,42.85714286
5,1,0,0,1,0.01666667,75.0
153,1,0,0,1,0.51,1.97368421
5,1,0,0,1,0.01666667,75.0
1,1,0,0,1,0.0,10.0
40,1,0,0,1,0.13333333,7.69230769
7,1,0,0,1,0.02333333,50.0
1,1,0,0,1,0.0,10.0
1,1,0,0,1,0.0,10.0
16,1,0,0,1,0.05333333,20.0
2,1,0,0,1,0.00666667,300.0
26,1,0,0,1,0.08666667,12.0
3,1,0,0,1,0.01,150.0
8,1,0,0,1,0.02666667,42.85714286
8,1,0,0,1,0.02666667,42.85714286
28,1,0,0,1,0.09333333,11.11111111
193,1,0,0,1,0.64333333,1.5625
14,1,0,0,1,0.04666667,23.07692308
22,1,0,0,1,0.07333333,14.28571429
17,1,0,0,1,0.05666667,18.75
4,1,0,0,1,0.01333333,100.0
1,1,0,0,1,0.0,10.0
18,1,0,0,1,0.06,17.64705882
14,1,0,0,1,0.04666667,23.07692308
1,1,0,0,1,0.0,10.0
1,1,0,0,1,0.0,10.0
5,1,0,0,1,0.01666667,75.0
68,1,0,0,1,0.22666667,4.47761194
1,1,0,0,1,0.0,10.0
7,1,0,0,1,0.02333333,50.0
24,1,0,0,1,0.08,13.04347826
1,1,0,0,1,0.0,10.0
1,1,0,0,1,0.0,10.0
1,1,0,0,1,0.0,10.0
169,1,0,0,1,0.56333333,1.78571429
287,1,0,0,1,0.95666667,1.04895105
2,1,0,0,1,0.00666667,300.0
19,1,0,0,1,0.06333333,16.66666667
2,1,0,0,1,0.00666667,300.0
3,1,0,0,1,0.01,150.0
9,1,0,0,1,0.03,37.5
17,1,0,0,1,0.05666667,18.75
1,1,0,0,1,0.0,10.0
7,1,0,0,1,0.02333333,50.0
1,1,0,0,1,0.0,10.0
1,1,0,0,1,0.0,10.0
75,1,0,0,1,0.25,4.05405405
1,1,0,0,1,0.0,10.0
1,1,0,0,1,0.0,10.0
1,1,0,0,1,0.0,10.0
35,1,0,0,1,0.11666667,8.82352941
8,1,0,0,1,0.02666667,42.85714286
12,1,0,0,1,0.04,27.27272727
225,1,0,0,1,0.75,1.33928571
11,1,0,0,1,0.03666667,30.0
2,1,0,0,1,0.00666667,300.0
1,1,0,0,1,0.0,10.0
3,1,0,0,1,0.01,150.0
6,1,0,0,1,0.02,60.0
19,1,0,0,1,0.06333333,16.66666667
9,1,0,0,1,0.03,37.5
3,1,0,0,1,0.01,150.0
1,1,0,0,1,0.0,10.0
21,1,0,0,1,0.07,15.0
1,1,0,0,1,0.0,10.0
21,1,0,0,1,0.07,15.0
3,1,0,0,1,0.01,150.0
1,1,0,0,1,0.0,10.0
15,1,0,0,1,0.05,21.42857143
6,1,0,0,1,0.02,60.0
1,1,0,0,1,0.0,10.0
21,1,0,0,1,0.07,15.0
1,1,0,0,1,0.0,10.0
17,1,0,0,1,0.05666667,18.75
181,1,0,0,1,0.60333333,1.66666667
1,1,0,0,1,0.0,10.0
2,1,0,0,1,0.00666667,300.0
1,1,0,0,1,0.0,10.0
69,1,0,0,1,0.23,4.41176471
20,1,0,0,1,0.06666667,15.78947368
139,1,0,0,1,0.46333333,2.17391304
24,1,0,0,1,0.08,13.04347826
7,1,0,0,1,0.02333333,50.0
17,1,0,0,1,0.05666667,18.75
1,1,0,0,1,0.0,10.0
1,1,0,0,1,0.0,10.0
9,1,0,0,1,0.03,37.5
7,1,0,0,1,0.02333333,50.0
6,1,0,0,1,0.02,60.0
17,1,0,0,1,0.05666667,18.75
5,1,0,0,1,0.01666667,75.0
15,1,0,0,1,0.05,21.42857143
255,1,0,0,1,0.85,1.18110236
30,1,0,0,1,0.1,10.34482759
86,1,0,0,1,0.28666667,3.52941176
1,1,0,0,1,0.0,10.0
1,1,0,0,1,0.0,10.0
3,1,0,0,1,0.01,150.0
2,1,0,0,1,0.00666667,300.0
13,1,0,0,1,0.04333333,25.0
22,1,0,0,1,0.07333333,14.28571429
1,1,0,0,1,0.0,10.0
14,1,0,0,1,0.04666667,23.07692308
152,1,0,0,1,0.50666667,1.98675497
142,1,0,0,1,0.47333333,2.12765957
2,1,0,0,1,0.00666667,300.0
11,1,0,0,1,0.03666667,30.0
19,1,0,0,1,0.06333333,16.66666667
2,1,0,0,1,0.00666667,300.0
14,1,0,0,1,0.04666667,23.07692308
1,1,0,0,1,0.0,10.0
8,1,0,0,1,0.02666667,42.85714286
220,1,0,0,1,0.73333333,1.36986301
15,1,0,0,1,0.05,21.42857143
3,1,0,0,1,0.01,150.0
1,1,0,0,1,0.0,10.0
13,1,0,0,1,0.04333333,25.0
15,1,0,0,1,0.05,21.42857143
250,1,0,0,1,0.83333333,1.20481928
1,1,0,0,1,0.0,10.0
7,1,0,0,1,0.02333333,50.0
1,1,0,0,1,0.0,10.0
4,1,0,0,1,0.01333333,100.0
2,1,0,0,1,0.00666667,300.0
6,1,0,0,1,0.02,60.0
13,1,0,0,1,0.04333333,25.0
6,1,0,0,1,0.02,60.0
81,1,0,0,1,0.27,3.75
58,1,0,0,1,0.19333333,5.26315789
17,1,0,0,1,0.05666667,18.75
4,1,0,0,1,0.01333333,100.0
1,1,0,0,1,0.0,10.0
2,1,0,0,1,0.00666667,300.0
2,1,0,0,1,0.00666667,300.0
65,1,0,0,1,0.21666667,4.6875
12,1,0,0,1,0.04,27.27272727
1,1,0,0,1,0.0,10.0
4,1,0,0,1,0.01333333,100.0
2,1,0,0,1,0.00666667,300.0
3,1,0,0,1,0.01,150.0
1,1,0,0,1,0.0,10.0
17,1,0,0,1,0.05666667,18.75
2,1,0,0,1,0.00666667,300.0
1,1,0,0,1,0.0,10.0
1,1,0,0,1,0.0,10.0
13,1,0,0,1,0.04333333,25.0
23,1,0,0,1,0.07666667,13.63636364
30,1,0,0,1,0.1,10.34482759
9,1,0,0,1,0.03,37.5
1,1,0,0,1,0.0,10.0
16,1,0,0,1,0.05333333,20.0
1,1,0,0,1,0.0,10.0
1,1,0,0,1,0.0,10.0
2,1,0,0,1,0.00666667,300.0
65,1,0,0,1,0.21666667,4.6875
5,1,0,0,1,0.01666667,75.0
1,1,0,0,1,0.0,10.0
17,1,0,0,1,0.05666667,18.75
1,1,0,0,1,0.0,10.0
1,1,0,0,1,0.0,10.0
17,1,0,0,1,0.05666667,18.75
1,1,0,0,1,0.0,10.0
2,1,0,0,1,0.00666667,300.0
67,1,0,0,1,0.22333333,4.54545455
9,1,0,0,1,0.03,37.5
2,1,0,0,1,0.00666667,300.0
1,1,0,0,1,0.0,10.0
2,1,0,0,1,0.00666667,300.0
10,1,0,0,1,0.03333333,33.33333333
12,1,0,0,1,0.04,27.27272727
1,1,0,0,1,0.0,10.0
1,1,0,0,1,0.0,10.0
5,1,0,0,1,0.01666667,75.0
32,1,0,0,1,0.10666667,9.67741935
1,1,0,0,1,0.0,10.0
11,1,0,0,1,0.03666667,30.0
1,1,0,0,1,0.0,10.0
14,1,0,0,1,0.04666667,23.07692308
1,1,0,0,1,0.0,10.0
7,1,0,0,1,0.02333333,50.0
1,1,0,0,1,0.0,10.0
19,1,0,0,1,0.06333333,16.66666667
8,1,0,0,1,0.02666667,42.85714286
1,1,0,0,1,0.0,10.0
1,1,0,0,1,0.0,10.0
6,1,0,0,1,0.02,60.0
1,1,0,0,1,0.0,10.0
7,1,0,0,1,0.02333333,50.0
19,1,0,0,1,0.06333333,16.66666667
3,1,0,0,1,0.01,150.0
1,1,0,0,1,0.0,10.0
1,1,0,0,1,0.0,10.0
33,1,0,0,1,0.11,9.375
19,1,0,0,1,0.06333333,16.66666667
2,1,0,0,1,0.00666667,300.0
2,1,0,0,1,0.00666667,300.0
34,1,0,0,1,0.11333333,9.09090909
1,1,0,0,1,0.0,10.0
1,1,0,0,1,0.0,10.0
2,1,0,0,1,0.00666667,300.0
5,1,0,0,1,0.01666667,75.0
1,1,0,0,1,0.0,10.0
7,1,0,0,1,0.02333333,50.0
7,1,0,0,1,0.02333333,50.0
3,1,0,0,1,0.01,150.0
4,1,0,0,1,0.01333333,100.0
1,1,0,0,1,0.0,10.0
12,1,0,0,1,0.04,27.27272727
7,1,0,0,1,0.02333333,50.0
2,1,0,0,1,0.00666667,300.0
12,1,0,0,1,0.04,27.27272727
14,1,0,0,1,0.04666667,23.07692308
1,1,0,0,1,0.0,10.0
12,1,0,0,1,0.04,27.27272727
16,1,0,0,1,0.05333333,20.0
120,1,0,0,1,0.4,2.5210084
7,1,0,0,1,0.02333333,50.0
1,1,0,0,1,0.0,10.0
7,1,0,0,1,0.02333333,50.0
2,1,0,0,1,0.00666667,300.0
5,1,0,0,1,0.01666667,75.0
375,1,0,0,1,1.25,0.80213904
1,1,0,0,1,0.0,10.0
10,1,0,0,1,0.03333333,33.33333333
2,1,0,0,1,0.00666667,300.0
1,1,0,0,1,0.0,10.0
12,1,0,0,1,0.04,27.27272727
1,1,0,0,1,0.0,10.0
1,1,0,0,1,0.0,10.0
67,1,0,0,1,0.22333333,4.54545455
17,1,0,0,1,0.05666667,18.75
9,1,0,0,1,0.03,37.5
3,1,0,0,1,0.01,150.0
4,1,0,0,1,0.01333333,100.0
2,1,0,0,1,0.00666667,300.0
7,1,0,0,1,0.02333333,50.0
19,1,0,0,1,0.06333333,16.66666667
8,1,0,0,1,0.02666667,42.85714286
1,1,0,0,1,0.0,10.0
7,1,0,0,1,0.02333333,50.0
511,1,0,0,1,1.70333333,0.58823529
18,1,0,0,1,0.06,17.64705882
1,1,0,0,1,0.0,10.0
11,1,0,0,1,0.03666667,30.0
2,1,0,0,1,0.00666667,300.0
3,1,0,0,1,0.01,150.0
1,1,0,0,1,0.0,10.0
112,1,0,0,1,0.37333333,2.7027027
8,1,0,0,1,0.02666667,42.85714286
183,1,0,0,1,0.61,1.64835165
115,1,0,0,1,0.38333333,2.63157895
1,1,0,0,1,0.0,10.0
8,1,0,0,1,0.02666667,42.85714286
3,1,0,0,1,0.01,150.0
2,1,0,0,1,0.00666667,300.0
6,1,0,0,1,0.02,60.0
1,1,0,0,1,0.0,10.0
16,1,0,0,1,0.05333333,20.0
12,1,0,0,1,0.04,27.27272727
7,1,0,0,1,0.02333333,50.0
4,1,0,0,1,0.01333333,100.0
15,1,0,0,1,0.05,21.42857143
7,1,0,0,1,0.02333333,50.0
11,1,0,0,1,0.03666667,30.0
1,1,0,0,1,0.0,10.0
1,1,0,0,1,0.0,10.0
17,1,0,0,1,0.05666667,18.75
11,1,0,0,1,0.03666667,30.0
6,1,0,0,1,0.02,60.0
3,1,0,0,1,0.01,150.0
21,1,0,0,1,0.07,15.0
8,1,0,0,1,0.02666667,42.85714286
16,1,0,0,1,0.05333333,20.0
18,1,0,0,1,0.06,17.64705882
72,1,0,0,1,0.24,4.22535211
6,1,0,0,1,0.02,60.0
1,1,0,0,1,0.0,10.0
8,1,0,0,1,0.02666667,42.85714286
5,1,0,0,1,0.01666667,75.0
2,1,0,0,1,0.00666667,300.0
1,1,0,0,1,0.0,10.0
19,1,0,0,1,0.06333333,16.66666667
22,1,0,0,1,0.07333333,14.28571429
1,1,0,0,1,0.0,10.0
4,1,0,0,1,0.01333333,100.0
20,1,0,0,1,0.06666667,15.78947368
17,1,0,0,1,0.05666667,18.75
1,1,0,0,1,0.0,10.0
1,1,0,0,1,0.0,10.0
12,1,0,0,1,0.04,27.27272727
162,1,0,0,1,0.54,1.86335404
2,1,0,0,1,0.00666667,300.0
16,1,0,0,1,0.05333333,20.0
1,1,0,0,1,0.0,10.0
1,1,0,0,1,0.0,10.0
4,1,0,0,1,0.01333333,100.0
5,1,0,0,1,0.01666667,75.0
131,1,0,0,1,0.43666667,2.30769231
1,1,0,0,1,0.0,10.0
3,1,0,0,1,0.01,150.0
5,1,0,0,1,0.01666667,75.0
1,1,0,0,1,0.0,10.0
1,1,0,0,1,0.0,10.0
1,1,0,0,1,0.0,10.0
1,1,0,0,1,0.0,10.0
1,1,0,0,1,0.0,10.0
13,1,0,0,1,0.04333333,25.0
1,1,0,0,1,0.0,10.0
4,1,0,0,1,0.01333333,100.0
1,1,0,0,1,0.0,10.0
1,1,0,0,1,0.0,10.0
161,1,0,0,1,0.53666667,1.875
10,1,0,0,1,0.03333333,33.33333333
10,1,0,0,1,0.03333333,33.33333333
4,1,0,0,1,0.01333333,100.0
2,1,0,0,1,0.00666667,300.0
1,1,0,0,1,0.0,10.0
1,1,0,0,1,0.0,10.0
1,1,0,0,1,0.0,10.0
1,1,0,0,1,0.0,10.0
7,1,0,0,1,0.02333333,50.0
1,1,0,0,1,0.0,10.0
8,1,0,0,1,0.02666667,42.85714286
1,1,0,0,1,0.0,10.0
95,1,0,0,1,0.31666667,3.19148936
1,1,0,0,1,0.0,10.0
1,1,0,0,1,0.0,10.0
4,1,0,0,1,0.01333333,100.0
20,1,0,0,1,0.06666667,15.78947368
134,1,0,0,1,0.44666667,2.2556391
7,1,0,0,1,0.02333333,50.0
4,1,0,0,1,0.01333333,100.0
1,1,0,0,1,0.0,10.0
8,1,0,0,1,0.02666667,42.85714286
10,1,0,0,1,0.03333333,33.33333333
156,1,0,0,1,0.52,1.93548387
2,1,0,0,1,0.00666667,300.0
24,1,0,0,1,0.08,13.04347826
7,1,0,0,1,0.02333333,50.0
16,1,0,0,1,0.05333333,20.0
17,1,0,0,1,0.05666667,18.75
1,1,0,0,1,0.0,10.0
3,1,0,0,1,0.01,150.0
17,1,0,0,1,0.05666667,18.75
12,1,0,0,1,0.04,27.27272727
1,1,0,0,1,0.0,10.0
24,1,0,0,1,0.08,13.04347826
4,1,0,0,1,0.01333333,100.0
1,1,0,0,1,0.0,10.0
1,1,0,0,1,0.0,10.0
1,1,0,0,1,0.0,10.0
30,1,0,0,1,0.1,10.34482759
12,1,0,0,1,0.04,27.27272727
1,1,0,0,1,0.0,10.0
1,1,0,0,1,0.0,10.0
76,1,0,0,1,0.25333333,4.0
3,1,0,0,1,0.01,150.0
1,1,0,0,1,0.0,10.0
2,1,0,0,1,0.00666667,300.0
20,1,0,0,1,0.06666667,15.78947368
297,1,0,0,1,0.99,1.01351351
7,1,0,0,1,0.02333333,50.0
1,1,0,0,1,0.0,10.0
1,1,0,0,1,0.0,10.0
9,1,0,0,1,0.03,37.5
1,1,0,0,1,0.0,10.0
1,1,0,0,1,0.0,10.0
144,1,0,0,1,0.48,2.0979021
2,1,0,0,1,0.00666667,300.0
3,1,0,0,1,0.01,150.0
11,1,0,0,1,0.03666667,30.0
2,1,0,0,1,0.00666667,300.0
6,1,0,0,1,0.02,60.0
122,1,0,0,1,0.40666667,2.47933884
1,1,0,0,1,0.0,10.0
13,1,0,0,1,0.04333333,25.0
6,1,0,0,1,0.02,60.0
1,1,0,0,1,0.0,10.0
2,1,0,0,1,0.00666667,300.0
4,1,0,0,1,0.01333333,100.0
8,1,0,0,1,0.02666667,42.85714286
1,1,0,0,1,0.0,10.0
1,1,0,0,1,0.0,10.0
2,1,0,0,1,0.00666667,300.0
1,1,0,0,1,0.0,10.0
30,1,0,0,1,0.1,10.34482759
1,1,0,0,1,0.0,10.0
4,1,0,0,1,0.01333333,100.0
1,1,0,0,1,0.0,10.0
8,1,0,0,1,0.02666667,42.85714286
5,1,0,0,1,0.01666667,75.0
2,1,0,0,1,0.00666667,300.0
19,1,0,0,1,0.06333333,16.66666667
14,1,0,0,1,0.04666667,23.07692308
159,1,0,0,1,0.53,1.89873418
2,1,0,0,1,0.00666667,300.0
3,1,0,0,1,0.01,150.0
1,1,0,0,1,0.0,10.0
2,1,0,0,1,0.00666667,300.0
4,1,0,0,1,0.01333333,100.0
118,1,0,0,1,0.39333333,2.56410256
42,1,0,0,1,0.14,7.31707317
1,1,0,0,1,0.0,10.0
19,1,0,0,1,0.06333333,16.66666667
2,1,0,0,1,0.00666667,300.0
33,1,0,0,1,0.11,9.375
5,1,0,0,1,0.01666667,75.0
2,1,0,0,1,0.00666667,300.0
20,1,0,0,1,0.06666667,15.78947368
13,1,0,0,1,0.04333333,25.0
1,1,0,0,1,0.0,10.0
4,1,0,0,1,0.01333333,100.0
4,1,0,0,1,0.01333333,100.0
3,1,0,0,1,0.01,150.0
21,1,0,0,1,0.07,15.0
8,1,0,0,1,0.02666667,42.85714286
76,1,0,0,1,0.25333333,4.0
2,1,0,0,1,0.00666667,300.0
9,1,0,0,1,0.03,37.5
3,1,0,0,1,0.01,150.0
1,1,0,0,1,0.0,10.0
1,1,0,0,1,0.0,10.0
10,1,0,0,1,0.03333333,33.33333333
2,1,0,0,1,0.00666667,300.0
19,1,0,0,1,0.06333333,16.66666667
6,1,0,0,1,0.02,60.0
163,1,0,0,1,0.54333333,1.85185185
154,1,0,0,1,0.51333333,1.96078431
20,1,0,0,1,0.06666667,15.78947368
23,1,0,0,1,0.07666667,13.63636364
3,1,0,0,1,0.01,150.0
16,1,0,0,1,0.05333333,20.0
2,1,0,0,1,0.00666667,300.0
2,1,0,0,1,0.00666667,300.0
2,1,0,0,1,0.00666667,300.0
3,1,0,0,1,0.01,150.0
5,1,0,0,1,0.01666667,75.0
3,1,0,0,1,0.01,150.0
12,1,0,0,1,0.04,27.27272727
3,1,0,0,1,0.01,150.0
1,1,0,0,1,0.0,10.0
1,1,0,0,1,0.0,10.0
2,1,0,0,1,0.00666667,300.0
17,1,0,0,1,0.05666667,18.75
17,1,0,0,1,0.05666667,18.75
27,1,0,0,1,0.09,11.53846154
5,1,0,0,1,0.01666667,75.0
16,1,0,0,1,0.05333333,20.0
1,1,0,0,1,0.0,10.0
7,1,0,0,1,0.02333333,50.0
2,1,0,0,1,0.00666667,300.0
82,1,0,0,1,0.27333333,3.7037037
2,1,0,0,1,0.00666667,300.0
1,1,0,0,1,0.0,10.0
5,1,0,0,1,0.01666667,75.0
5,1,0,0,1,0.01666667,75.0
10,1,0,0,1,0.03333333,33.33333333
125,1,0,0,1,0.41666667,2.41935484
4,1,0,0,1,0.01333333,100.0
6,1,0,0,1,0.02,60.0
21,1,0,0,1,0.07,15.0
2,1,0,0,1,0.00666667,300.0
237,1,0,0,1,0.79,1.27118644
120,1,0,0,1,0.4,2.5210084
323,1,0,0,1,1.07666667,0.93167702
10,1,0,0,1,0.03333333,33.33333333
18,1,0,0,1,0.06,17.64705882
1,1,0,0,1,0.0,10.0
1,1,0,0,1,0.0,10.0
2,1,0,0,1,0.00666667,300.0
3,1,0,0,1,0.01,150.0
2,1,0,0,1,0.00666667,300.0
1,1,0,0,1,0.0,10.0
33,1,0,0,1,0.11,9.375
10,1,0,0,1,0.03333333,33.33333333
7,1,0,0,1,0.02333333,50.0
3,1,0,0,1,0.01,150.0
1,1,0,0,1,0.0,10.0
1,1,0,0,1,0.0,10.0
1,1,0,0,1,0.0,10.0
44,1,0,0,1,0.14666667,6.97674419
1,1,0,0,1,0.0,10.0
8,1,0,0,1,0.02666667,42.85714286
1,1,0,0,1,0.0,10.0
2,1,0,0,1,0.00666667,300.0
11,1,0,0,1,0.03666667,30.0
1,1,0,0,1,0.0,10.0
1,1,0,0,1,0.0,10.0
1,1,0,0,1,0.0,10.0
10,1,0,0,1,0.03333333,33.33333333
1,1,0,0,1,0.0,10.0
5,1,0,0,1,0.01666667,75.0
6,1,0,0,1,0.02,60.0
2,1,0,0,1,0.00666667,300.0
1,1,0,0,1,0.0,10.0
9,1,0,0,1,0.03,37.5
1,1,0,0,1,0.0,10.0
99,1,0,0,1,0.33,3.06122449
2,1,0,0,1,0.00666667,300.0
2,1,0,0,1,0.00666667,300.0
13,1,0,0,1,0.04333333,25.0
1,1,0,0,1,0.0,10.0
111,1,0,0,1,0.37,2.72727273
14,1,0,0,1,0.04666667,23.07692308
4,1,0,0,1,0.01333333,100.0
21,1,0,0,1,0.07,15.0
3,1,0,0,1,0.01,150.0
17,1,0,0,1,0.05666667,18.75
70,1,0,0,1,0.23333333,4.34782609
22,1,0,0,1,0.07333333,14.28571429
1,1,0,0,1,0.0,10.0
24,1,0,0,1,0.08,13.04347826
4,1,0,0,1,0.01333333,100.0
9,1,0,0,1,0.03,37.5
4,1,0,0,1,0.01333333,100.0
3,1,0,0,1,0.01,150.0
7,1,0,0,1,0.02333333,50.0
3,1,0,0,1,0.01,150.0
1,1,0,0,1,0.0,10.0
200,1,0,0,1,0.66666667,1.50753769
1,1,0,0,1,0.0,10.0
1,1,0,0,1,0.0,10.0
5,1,0,0,1,0.01666667,75.0
169,1,0,0,1,0.56333333,1.78571429
8,1,0,0,1,0.02666667,42.85714286
12,1,0,0,1,0.04,27.27272727
7,1,0,0,1,0.02333333,50.0
10,1,0,0,1,0.03333333,33.33333333
4,1,0,0,1,0.01333333,100.0
11,1,0,0,1,0.03666667,30.0
1,1,0,0,1,0.0,10.0
8,1,0,0,1,0.02666667,42.85714286
11,1,0,0,1,0.03666667,30.0
6,1,0,0,1,0.02,60.0
5,1,0,0,1,0.01666667,75.0
1,1,0,0,1,0.0,10.0
3,1,0,0,1,0.01,150.0
130,1,0,0,1,0.43333333,2.3255814
12,1,0,0,1,0.04,27.27272727
1,1,0,0,1,0.0,10.0
1,1,0,0,1,0.0,10.0
67,1,0,0,1,0.22333333,4.54545455
7,1,0,0,1,0.02333333,50.0
7,1,0,0,1,0.02333333,50.0
188,1,0,0,1,0.62666667,1.60427807
1,1,0,0,1,0.0,10.0
12,1,0,0,1,0.04,27.27272727
4,1,0,0,1,0.01333333,100.0
24,1,0,0,1,0.08,13.04347826
7,1,0,0,1,0.02333333,50.0
33,1,0,0,1,0.11,9.375
56,1,0,0,1,0.18666667,5.45454545
6,1,0,0,1,0.02,60.0
9,1,0,0,1,0.03,37.5
1,1,0,0,1,0.0,10.0
4,1,0,0,1,0.01333333,100.0
2,1,0,0,1,0.00666667,300.0
1,1,0,0,1,0.0,10.0
1,1,0,0,1,0.0,10.0
22,1,0,0,1,0.07333333,14.28571429
6,1,0,0,1,0.02,60.0
27,1,0,0,1,0.09,11.53846154
4,1,0,0,1,0.01333333,100.0
26,1,0,0,1,0.08666667,12.0
1,1,0,0,1,0.0,10.0
4,1,0,0,1,0.01333333,100.0
7,1,0,0,1,0.02333333,50.0
3,1,0,0,1,0.01,150.0
1,1,0,0,1,0.0,10.0
8,1,0,0,1,0.02666667,42.85714286
4,1,0,0,1,0.01333333,100.0
2,1,0,0,1,0.00666667,300.0
1,1,0,0,1,0.0,10.0
126,1,0,0,1,0.42,2.4
203,1,0,0,1,0.67666667,1.48514851
2,1,0,0,1,0.00666667,300.0
4,1,0,0,1,0.01333333,100.0
6,1,0,0,1,0.02,60.0
1,1,0,0,1,0.0,10.0
129,1,0,0,1,0.43,2.34375
1,1,0,0,1,0.0,10.0
3,1,0,0,1,0.01,150.0
28,1,0,0,1,0.09333333,11.11111111
1,1,0,0,1,0.0,10.0
5,1,0,0,1,0.01666667,75.0
5,1,0,0,1,0.01666667,75.0
1,1,0,0,1,0.0,10.0
8,1,0,0,1,0.02666667,42.85714286
1,1,0,0,1,0.0,10.0
1,1,0,0,1,0.0,10.0
236,1,0,0,1,0.78666667,1.27659574
2,1,0,0,1,0.00666667,300.0
13,1,0,0,1,0.04333333,25.0
2,1,0,0,1,0.00666667,300.0
18,1,0,0,1,0.06,17.64705882
1,1,0,0,1,0.0,10.0
1,1,0,0,1,0.0,10.0
2,1,0,0,1,0.00666667,300.0
1,1,0,0,1,0.0,10.0
164,1,0,0,1,0.54666667,1.8404908
1,1,0,0,1,0.0,10.0
1,1,0,0,1,0.0,10.0
3,1,0,0,1,0.01,150.0
5,1,0,0,1,0.01666667,75.0
19,1,0,0,1,0.06333333,16.66666667
3,1,0,0,1,0.01,150.0
16,1,0,0,1,0.05333333,20.0
6,1,0,0,1,0.02,60.0
132,1,0,0,1,0.44,2.29007634
14,1,0,0,1,0.04666667,23.07692308
1,1,0,0,1,0.0,10.0
7,1,0,0,1,0.02333333,50.0
16,1,0,0,1,0.05333333,20.0
1,1,0,0,1,0.0,10.0
6,1,0,0,1,0.02,60.0
66,1,0,0,1,0.22,4.61538462
34,1,0,0,1,0.11333333,9.09090909
1,1,0,0,1,0.0,10.0
5,1,0,0,1,0.01666667,75.0
194,1,0,0,1,0.64666667,1.55440415
9,1,0,0,1,0.03,37.5
4,1,0,0,1,0.01333333,100.0
47,1,0,0,1,0.15666667,6.52173913
2,1,0,0,1,0.00666667,300.0
8,1,0,0,1,0.02666667,42.85714286
2,1,0,0,1,0.00666667,300.0
1,1,0,0,1,0.0,10.0
3,1,0,0,1,0.01,150.0
1,1,0,0,1,0.0,10.0
12,1,0,0,1,0.04,27.27272727
75,1,0,0,1,0.25,4.05405405
13,1,0,0,1,0.04333333,25.0
12,1,0,0,1,0.04,27.27272727
22,1,0,0,1,0.07333333,14.28571429
8,1,0,0,1,0.02666667,42.85714286
1,1,0,0,1,0.0,10.0
151,1,0,0,1,0.50333333,2.0
64,1,0,0,1,0.21333333,4.76190476
1,1,0,0,1,0.0,10.0
8,1,0,0,1,0.02666667,42.85714286
2,1,0,0,1,0.00666667,300.0
34,1,0,0,1,0.11333333,9.09090909
24,1,0,0,1,0.08,13.04347826
2,1,0,0,1,0.00666667,300.0
1,1,0,0,1,0.0,10.0
7,1,0,0,1,0.02333333,50.0
6,1,0,0,1,0.02,60.0
1,1,0,0,1,0.0,10.0
6,1,0,0,1,0.02,60.0
4,1,0,0,1,0.01333333,100.0
9,1,0,0,1,0.03,37.5
7,1,0,0,1,0.02333333,50.0
3,1,0,0,1,0.01,150.0
7,1,0,0,1,0.02333333,50.0
2,1,0,0,1,0.00666667,300.0
27,1,0,0,1,0.09,11.53846154
2,1,0,0,1,0.00666667,300.0
1,1,0,0,1,0.0,10.0
17,1,0,0,1,0.05666667,18.75
4,1,0,0,1,0.01333333,100.0
316,1,0,0,1,1.05333333,0.95238095
12,1,0,0,1,0.04,27.27272727
1,1,0,0,1,0.0,10.0
2,1,0,0,1,0.00666667,300.0
7,1,0,0,1,0.02333333,50.0
1,1,0,0,1,0.0,10.0
9,1,0,0,1,0.03,37.5
1,1,0,0,1,0.0,10.0
2,1,0,0,1,0.00666667,300.0
1,1,0,0,1,0.0,10.0
8,1,0,0,1,0.02666667,42.85714286
1,1,0,0,1,0.0,10.0
2,1,0,0,1,0.00666667,300.0
2,1,0,0,1,0.00666667,300.0
66,1,0,0,1,0.22,4.61538462
1,1,0,0,1,0.0,10.0
2,1,0,0,1,0.00666667,300.0
1,1,0,0,1,0.0,10.0
8,1,0,0,1,0.02666667,42.85714286
2,1,0,0,1,0.00666667,300.0
2,1,0,0,1,0.00666667,300.0
12,1,0,0,1,0.04,27.27272727
12,1,0,0,1,0.04,27.27272727
12,1,0,0,1,0.04,27.27272727
20,1,0,0,1,0.06666667,15.78947368
7,1,0,0,1,0.02333333,50.0
8,1,0,0,1,0.02666667,42.85714286
1,1,0,0,1,0.0,10.0
36,1,0,0,1,0.12,8.57142857
10,1,0,0,1,0.03333333,33.33333333
19,1,0,0,1,0.06333333,16.66666667
1,1,0,0,1,0.0,10.0
6,1,0,0,1,0.02,60.0
1,1,0,0,1,0.0,10.0
1,1,0,0,1,0.0,10.0
1,1,0,0,1,0.0,10.0
1,1,0,0,1,0.0,10.0
1,1,0,0,1,0.0,10.0
1,1,0,0,1,0.0,10.0
4,1,0,0,1,0.01333333,100.0
12,1,0,0,1,0.04,27.27272727
1,1,0,0,1,0.0,10.0
7,1,0,0,1,0.02333333,50.0
6,1,0,0,1,0.02,60.0
12,1,0,0,1,0.04,27.27272727
27,1,0,0,1,0.09,11.53846154
1,1,0,0,1,0.0,10.0
2,1,0,0,1,0.00666667,300.0
2,1,0,0,1,0.00666667,300.0
1,1,0,0,1,0.0,10.0
2,1,0,0,1,0.00666667,300.0
1,1,0,0,1,0.0,10.0
14,1,0,0,1,0.04666667,23.07692308
79,1,0,0,1,0.26333333,3.84615385
1,1,0,0,1,0.0,10.0
292,1,0,0,1,0.97333333,1.03092784
2,1,0,0,1,0.00666667,300.0
11,1,0,0,1,0.03666667,30.0
7,1,0,0,1,0.02333333,50.0
65,1,0,0,1,0.21666667,4.6875
5,1,0,0,1,0.01666667,75.0
18,1,0,0,1,0.06,17.64705882
9,1,0,0,1,0.03,37.5
3,1,0,0,1,0.01,150.0
17,1,0,0,1,0.05666667,18.75
1,1,0,0,1,0.0,10.0
1,1,0,0,1,0.0,10.0
1,1,0,0,1,0.0,10.0
42,1,0,0,1,0.14,7.31707317
7,1,0,0,1,0.02333333,50.0
1,1,0,0,1,0.0,10.0
1,1,0,0,1,0.0,10.0
9,1,0,0,1,0.03,37.5
1,1,0,0,1,0.0,10.0
2,1,0,0,1,0.00666667,300.0
1,1,0,0,1,0.0,10.0
15,1,0,0,1,0.05,21.42857143
1,1,0,0,1,0.0,10.0
77,1,0,0,1,0.25666667,3.94736842
1,1,0,0,1,0.0,10.0
1,1,0,0,1,0.0,10.0
1,1,0,0,1,0.0,10.0
1,1,0,0,1,0.0,10.0
2,1,0,0,1,0.00666667,300.0
15,1,0,0,1,0.05,21.42857143
19,1,0,0,1,0.06333333,16.66666667
2,1,0,0,1,0.00666667,300.0
10,1,0,0,1,0.03333333,33.33333333
1,1,0,0,1,0.0,10.0
1,1,0,0,1,0.0,10.0
1,1,0,0,1,0.0,10.0
21,1,0,0,1,0.07,15.0
2,1,0,0,1,0.00666667,300.0
8,1,0,0,1,0.02666667,42.85714286
12,1,0,0,1,0.04,27.27272727
4,1,0,0,1,0.01333333,100.0
1,1,0,0,1,0.0,10.0
9,1,0,0,1,0.03,37.5
192,1,0,0,1,0.64,1.57068063
1,1,0,0,1,0.0,10.0
1,1,0,0,1,0.0,10.0
2,1,0,0,1,0.00666667,300.0
2,1,0,0,1,0.00666667,300.0
1,1,0,0,1,0.0,10.0
1,1,0,0,1,0.0,10.0
1,1,0,0,1,0.0,10.0
1,1,0,0,1,0.0,10.0
6,1,0,0,1,0.02,60.0
4,1,0,0,1,0.01333333,100.0
4,1,0,0,1,0.01333333,100.0
9,1,0,0,1,0.03,37.5
30,1,0,0,1,0.1,10.34482759
1,1,0,0,1,0.0,10.0
21,1,0,0,1,0.07,15.0
2,1,0,0,1,0.00666667,300.0
3,1,0,0,1,0.01,150.0
11,1,0,0,1,0.03666667,30.0
1,1,0,0,1,0.0,10.0
26,1,0,0,1,0.08666667,12.0
293,1,0,0,1,0.97666667,1.02739726
110,1,0,0,1,0.36666667,2.75229358
1,1,0,0,1,0.0,10.0
2,1,0,0,1,0.00666667,300.0
150,1,0,0,1,0.5,2.01342282
14,1,0,0,1,0.04666667,23.07692308
8,1,0,0,1,0.02666667,42.85714286
6,1,0,0,1,0.02,60.0
209,1,0,0,1,0.69666667,1.44230769
1,1,0,0,1,0.0,10.0
2,1,0,0,1,0.00666667,300.0
39,1,0,0,1,0.13,7.89473684
21,1,0,0,1,0.07,15.0
56,1,0,0,1,0.18666667,5.45454545
1,1,0,0,1,0.0,10.0
2,1,0,0,1,0.00666667,300.0
1,1,0,0,1,0.0,10.0
5,1,0,0,1,0.01666667,75.0
1,1,0,0,1,0.0,10.0
5,1,0,0,1,0.01666667,75.0
1,1,0,0,1,0.0,10.0
16,1,0,0,1,0.05333333,20.0
6,1,0,0,1,0.02,60.0
3,1,0,0,1,0.01,150.0
322,1,0,0,1,1.07333333,0.93457944
2,1,0,0,1,0.00666667,300.0
1,1,0,0,1,0.0,10.0
6,1,0,0,1,0.02,60.0
12,1,0,0,1,0.04,27.27272727
6,1,0,0,1,0.02,60.0
15,1,0,0,1,0.05,21.42857143
6,1,0,0,1,0.02,60.0
4,1,0,0,1,0.01333333,100.0
79,1,0,0,1,0.26333333,3.84615385
2,1,0,0,1,0.00666667,300.0
2,1,0,0,1,0.00666667,300.0
6,1,0,0,1,0.02,60.0
11,1,0,0,1,0.03666667,30.0
16,1,0,0,1,0.05333333,20.0
2,1,0,0,1,0.00666667,300.0
1,1,0,0,1,0.0,10.0
4,1,0,0,1,0.01333333,100.0
6,1,0,0,1,0.02,60.0
2,1,0,0,1,0.00666667,300.0
1,1,0,0,1,0.0,10.0
4,1,0,0,1,0.01333333,100.0
6,1,0,0,1,0.02,60.0
1,1,0,0,1,0.0,10.0
15,1,0,0,1,0.05,21.42857143
4,1,0,0,1,0.01333333,100.0
112,1,0,0,1,0.37333333,2.7027027
12,1,0,0,1,0.04,27.27272727
1,1,0,0,1,0.0,10.0
10,1,0,0,1,0.03333333,33.33333333
5,1,0,0,1,0.01666667,75.0
4,1,0,0,1,0.01333333,100.0
1,1,0,0,1,0.0,10.0
1,1,0,0,1,0.0,10.0
9,1,0,0,1,0.03,37.5
7,1,0,0,1,0.02333333,50.0
2,1,0,0,1,0.00666667,300.0
18,1,0,0,1,0.06,17.64705882
2,1,0,0,1,0.00666667,300.0
14,1,0,0,1,0.04666667,23.07692308
1,1,0,0,1,0.0,10.0
6,1,0,0,1,0.02,60.0
8,1,0,0,1,0.02666667,42.85714286
10,1,0,0,1,0.03333333,33.33333333
7,1,0,0,1,0.02333333,50.0
1,1,0,0,1,0.0,10.0
1,1,0,0,1,0.0,10.0
1,1,0,0,1,0.0,10.0
1,1,0,0,1,0.0,10.0
9,1,0,0,1,0.03,37.5
222,1,0,0,1,0.74,1.35746606
7,1,0,0,1,0.02333333,50.0
1,1,0,0,1,0.0,10.0
10,1,0,0,1,0.03333333,33.33333333
10,1,0,0,1,0.03333333,33.33333333
2,1,0,0,1,0.00666667,300.0
80,1,0,0,1,0.26666667,3.79746835
4,1,0,0,1,0.01333333,100.0
16,1,0,0,1,0.05333333,20.0
14,1,0,0,1,0.04666667,23.07692308
1,1,0,0,1,0.0,10.0
2,1,0,0,1,0.00666667,300.0
6,1,0,0,1,0.02,60.0
1,1,0,0,1,0.0,10.0
1,1,0,0,1,0.0,10.0
4,1,0,0,1,0.01333333,100.0
1,1,0,0,1,0.0,10.0
1,1,0,0,1,0.0,10.0
93,1,0,0,1,0.31,3.26086957
1,1,0,0,1,0.0,10.0
1,1,0,0,1,0.0,10.0
1,1,0,0,1,0.0,10.0
6,1,0,0,1,0.02,60.0
23,1,0,0,1,0.07666667,13.63636364
4,1,0,0,1,0.01333333,100.0
7,1,0,0,1,0.02333333,50.0
5,1,0,0,1,0.01666667,75.0
1,1,0,0,1,0.0,10.0
11,1,0,0,1,0.03666667,30.0
1,1,0,0,1,0.0,10.0
8,1,0,0,1,0.02666667,42.85714286
12,1,0,0,1,0.04,27.27272727
12,1,0,0,1,0.04,27.27272727
1,1,0,0,1,0.0,10.0
1,1,0,0,1,0.0,10.0
21,1,0,0,1,0.07,15.0
1,1,0,0,1,0.0,10.0
19,1,0,0,1,0.06333333,16.66666667
5,1,0,0,1,0.01666667,75.0
44,1,0,0,1,0.14666667,6.97674419
1,1,0,0,1,0.0,10.0
4,1,0,0,1,0.01333333,100.0
3,1,0,0,1,0.01,150.0
7,1,0,0,1,0.02333333,50.0
76,1,0,0,1,0.25333333,4.0
31,1,0,0,1,0.10333333,10.0
202,1,0,0,1,0.67333333,1.49253731
9,1,0,0,1,0.03,37.5
1,1,0,0,1,0.0,10.0
7,1,0,0,1,0.02333333,50.0
5,1,0,0,1,0.01666667,75.0
146,1,0,0,1,0.48666667,2.06896552
1,1,0,0,1,0.0,10.0
1,1,0,0,1,0.0,10.0
3,1,0,0,1,0.01,150.0
1,1,0,0,1,0.0,10.0
249,1,0,0,1,0.83,1.20967742
1,1,0,0,1,0.0,10.0
1,1,0,0,1,0.0,10.0
5,1,0,0,1,0.01666667,75.0
5,1,0,0,1,0.01666667,75.0
18,1,0,0,1,0.06,17.64705882
1,1,0,0,1,0.0,10.0
1,1,0,0,1,0.0,10.0
1,1,0,0,1,0.0,10.0
234,1,0,0,1,0.78,1.28755365
1,1,0,0,1,0.0,10.0
144,1,0,0,1,0.48,2.0979021
1,1,0,0,1,0.0,10.0
2,1,0,0,1,0.00666667,300.0
4,1,0,0,1,0.01333333,100.0
1,1,0,0,1,0.0,10.0
8,1,0,0,1,0.02666667,42.85714286
3,1,0,0,1,0.01,150.0
7,1,0,0,1,0.02333333,50.0
78,1,0,0,1,0.26,3.8961039
41,1,0,0,1,0.13666667,7.5
30,1,0,0,1,0.1,10.34482759
5,1,0,0,1,0.01666667,75.0
1,1,0,0,1,0.0,10.0
1,1,0,0,1,0.0,10.0
18,1,0,0,1,0.06,17.64705882
38,1,0,0,1,0.12666667,8.10810811
16,1,0,0,1,0.05333333,20.0
76,1,0,0,1,0.25333333,4.0
112,1,0,0,1,0.37333333,2.7027027
6,1,0,0,1,0.02,60.0
1,1,0,0,1,0.0,10.0
27,1,0,0,1,0.09,11.53846154
16,1,0,0,1,0.05333333,20.0
11,1,0,0,1,0.03666667,30.0
13,1,0,0,1,0.04333333,25.0
269,1,0,0,1,0.89666667,1.11940299
2,1,0,0,1,0.00666667,300.0
5,1,0,0,1,0.01666667,75.0
5,1,0,0,1,0.01666667,75.0
2,1,0,0,1,0.00666667,300.0
14,1,0,0,1,0.04666667,23.07692308
18,1,0,0,1,0.06,17.64705882
30,1,0,0,1,0.1,10.34482759
1,1,0,0,1,0.0,10.0
2,1,0,0,1,0.00666667,300.0
7,1,0,0,1,0.02333333,50.0
9,1,0,0,1,0.03,37.5
3,1,0,0,1,0.01,150.0
6,1,0,0,1,0.02,60.0
18,1,0,0,1,0.06,17.64705882
22,1,0,0,1,0.07333333,14.28571429
2,1,0,0,1,0.00666667,300.0
4,1,0,0,1,0.01333333,100.0
1,1,0,0,1,0.0,10.0
1,1,0,0,1,0.0,10.0
5,1,0,0,1,0.01666667,75.0
241,1,0,0,1,0.80333333,1.25
1,1,0,0,1,0.0,10.0
2,1,0,0,1,0.00666667,300.0
4,1,0,0,1,0.01333333,100.0
1,1,0,0,1,0.0,10.0
123,1,0,0,1,0.41,2.45901639
142,1,0,0,1,0.47333333,2.12765957
4,1,0,0,1,0.01333333,100.0
4,1,0,0,1,0.01333333,100.0
2,1,0,0,1,0.00666667,300.0
5,1,0,0,1,0.01666667,75.0
1,1,0,0,1,0.0,10.0
1,1,0,0,1,0.0,10.0
1,1,0,0,1,0.0,10.0
3,1,0,0,1,0.01,150.0
1,1,0,0,1,0.0,10.0
27,1,0,0,1,0.09,11.53846154
67,1,0,0,1,0.22333333,4.54545455
5,1,0,0,1,0.01666667,75.0
1,1,0,0,1,0.0,10.0
83,1,0,0,1,0.27666667,3.65853659
2,1,0,0,1,0.00666667,300.0
3,1,0,0,1,0.01,150.0
2,1,0,0,1,0.00666667,300.0
42,1,0,0,1,0.14,7.31707317
196,1,0,0,1,0.65333333,1.53846154
21,1,0,0,1,0.07,15.0
4,1,0,0,1,0.01333333,100.0
1,1,0,0,1,0.0,10.0
5,1,0,0,1,0.01666667,75.0
3,1,0,0,1,0.01,150.0
1,1,0,0,1,0.0,10.0
5,1,0,0,1,0.01666667,75.0
102,1,0,0,1,0.34,2.97029703
23,1,0,0,1,0.07666667,13.63636364
2,1,0,0,1,0.00666667,300.0
2,1,0,0,1,0.00666667,300.0
11,1,0,0,1,0.03666667,30.0
3,1,0,0,1,0.01,150.0
146,1,0,0,1,0.48666667,2.06896552
1,1,0,0,1,0.0,10.0
26,1,0,0,1,0.08666667,12.0
1,1,0,0,1,0.0,10.0
1,1,0,0,1,0.0,10.0
4,1,0,0,1,0.01333333,100.0
1,1,0,0,1,0.0,10.0
7,1,0,0,1,0.02333333,50.0
22,1,0,0,1,0.07333333,14.28571429
5,1,0,0,1,0.01666667,75.0
9,1,0,0,1,0.03,37.5
2,1,0,0,1,0.00666667,300.0
2,1,0,0,1,0.00666667,300.0
23,1,0,0,1,0.07666667,13.63636364
12,1,0,0,1,0.04,27.27272727
2,1,0,0,1,0.00666667,300.0
2,1,0,0,1,0.00666667,300.0
7,1,0,0,1,0.02333333,50.0
235,1,0,0,1,0.78333333,1.28205128
1,1,0,0,1,0.0,10.0
111,1,0,0,1,0.37,2.72727273
1,1,0,0,1,0.0,10.0
1,1,0,0,1,0.0,10.0
1,1,0,0,1,0.0,10.0
1,1,0,0,1,0.0,10.0
35,1,0,0,1,0.11666667,8.82352941
92,1,0,0,1,0.30666667,3.2967033
1,1,0,0,1,0.0,10.0
1,1,0,0,1,0.0,10.0
1,1,0,0,1,0.0,10.0
7,1,0,0,1,0.02333333,50.0
5,1,0,0,1,0.01666667,75.0
315,1,0,0,1,1.05,0.95541401
1,1,0,0,1,0.0,10.0
3,1,0,0,1,0.01,150.0
5,1,0,0,1,0.01666667,75.0
2,1,0,0,1,0.00666667,300.0
2,1,0,0,1,0.00666667,300.0
15,1,0,0,1,0.05,21.42857143
7,1,0,0,1,0.02333333,50.0
7,1,0,0,1,0.02333333,50.0
16,1,0,0,1,0.05333333,20.0
2,1,0,0,1,0.00666667,300.0
1,1,0,0,1,0.0,10.0
1,1,0,0,1,0.0,10.0
66,1,0,0,1,0.22,4.61538462
1,1,0,0,1,0.0,10.0
2,1,0,0,1,0.00666667,300.0
1,1,0,0,1,0.0,10.0
65,1,0,0,1,0.21666667,4.6875
1,1,0,0,1,0.0,10.0
7,1,0,0,1,0.02333333,50.0
1,1,0,0,1,0.0,10.0
1,1,0,0,1,0.0,10.0
1,1,0,0,1,0.0,10.0
1,1,0,0,1,0.0,10.0
50,1,0,0,1,0.16666667,6.12244898
1,1,0,0,1,0.0,10.0
18,1,0,0,1,0.06,17.64705882
5,1,0,0,1,0.01666667,75.0
7,1,0,0,1,0.02333333,50.0
1,1,0,0,1,0.0,10.0
3,1,0,0,1,0.01,150.0
41,1,0,0,1,0.13666667,7.5
1,1,0,0,1,0.0,10.0
42,1,0,0,1,0.14,7.31707317
4,1,0,0,1,0.01333333,100.0
1,1,0,0,1,0.0,10.0
1,1,0,0,1,0.0,10.0
5,1,0,0,1,0.01666667,75.0
11,1,0,0,1,0.03666667,30.0
2,1,0,0,1,0.00666667,300.0
75,1,0,0,1,0.25,4.05405405
1,1,0,0,1,0.0,10.0
16,1,0,0,1,0.05333333,20.0
6,1,0,0,1,0.02,60.0
1,1,0,0,1,0.0,10.0
2,1,0,0,1,0.00666667,300.0
9,1,0,0,1,0.03,37.5
4,1,0,0,1,0.01333333,100.0
7,1,0,0,1,0.02333333,50.0
7,1,0,0,1,0.02333333,50.0
6,1,0,0,1,0.02,60.0
5,1,0,0,1,0.01666667,75.0
10,1,0,0,1,0.03333333,33.33333333
1,1,0,0,1,0.0,10.0
5,1,0,0,1,0.01666667,75.0
1,1,0,0,1,0.0,10.0
1,1,0,0,1,0.0,10.0
29,1,0,0,1,0.09666667,10.71428571
13,1,0,0,1,0.04333333,25.0
38,1,0,0,1,0.12666667,8.10810811
3,1,0,0,1,0.01,150.0
125,1,0,0,1,0.41666667,2.41935484
7,1,0,0,1,0.02333333,50.0
6,1,0,0,1,0.02,60.0
7,1,0,0,1,0.02333333,50.0
22,1,0,0,1,0.07333333,14.28571429
1,1,0,0,1,0.0,10.0
2,1,0,0,1,0.00666667,300.0
1,1,0,0,1,0.0,10.0
10,1,0,0,1,0.03333333,33.33333333
12,1,0,0,1,0.04,27.27272727
1,1,0,0,1,0.0,10.0
6,1,0,0,1,0.02,60.0
1,1,0,0,1,0.0,10.0
1,1,0,0,1,0.0,10.0
1,1,0,0,1,0.0,10.0
17,1,0,0,1,0.05666667,18.75
44,1,0,0,1,0.14666667,6.97674419
15,1,0,0,1,0.05,21.42857143
5,1,0,0,1,0.01666667,75.0
117,1,0,0,1,0.39,2.5862069
16,1,0,0,1,0.05333333,20.0
5,1,0,0,1,0.01666667,75.0
234,1,0,0,1,0.78,1.28755365
1,1,0,0,1,0.0,10.0
1,1,0,0,1,0.0,10.0
9,1,0,0,1,0.03,37.5
17,1,0,0,1,0.05666667,18.75
17,1,0,0,1,0.05666667,18.75
2,1,0,0,1,0.00666667,300.0
171,1,0,0,1,0.57,1.76470588
1,1,0,0,1,0.0,10.0
7,1,0,0,1,0.02333333,50.0
1,1,0,0,1,0.0,10.0
30,1,0,0,1,0.1,10.34482759
26,1,0,0,1,0.08666667,12.0
15,1,0,0,1,0.05,21.42857143
25,1,0,0,1,0.08333333,12.5
10,1,0,0,1,0.03333333,33.33333333
3,1,0,0,1,0.01,150.0
12,1,0,0,1,0.04,27.27272727
1,1,0,0,1,0.0,10.0
2,1,0,0,1,0.00666667,300.0
94,1,0,0,1,0.31333333,3.22580645
32,1,0,0,1,0.10666667,9.67741935
2,1,0,0,1,0.00666667,300.0
1,1,0,0,1,0.0,10.0
3,1,0,0,1,0.01,150.0
1,1,0,0,1,0.0,10.0
2,1,0,0,1,0.00666667,300.0
71,1,0,0,1,0.23666667,4.28571429
1,1,0,0,1,0.0,10.0
14,1,0,0,1,0.04666667,23.07692308
5,1,0,0,1,0.01666667,75.0
4,1,0,0,1,0.01333333,100.0
2,1,0,0,1,0.00666667,300.0
1,1,0,0,1,0.0,10.0
1,1,0,0,1,0.0,10.0
4,1,0,0,1,0.01333333,100.0
2,1,0,0,1,0.00666667,300.0
20,1,0,0,1,0.06666667,15.78947368
5,1,0,0,1,0.01666667,75.0
14,1,0,0,1,0.04666667,23.07692308
1,1,0,0,1,0.0,10.0
1,1,0,0,1,0.0,10.0
1,1,0,0,1,0.0,10.0
1,1,0,0,1,0.0,10.0
1,1,0,0,1,0.0,10.0
2,1,0,0,1,0.00666667,300.0
3,1,0,0,1,0.01,150.0
1,1,0,0,1,0.0,10.0
4,1,0,0,1,0.01333333,100.0
4,1,0,0,1,0.01333333,100.0
1,1,0,0,1,0.0,10.0
12,1,0,0,1,0.04,27.27272727
78,1,0,0,1,0.26,3.8961039
2,1,0,0,1,0.00666667,300.0
7,1,0,0,1,0.02333333,50.0
3,1,0,0,1,0.01,150.0
1,1,0,0,1,0.0,10.0
12,1,0,0,1,0.04,27.27272727
30,1,0,0,1,0.1,10.34482759
125,1,0,0,1,0.41666667,2.41935484
4,1,0,0,1,0.01333333,100.0
1,1,0,0,1,0.0,10.0
2,1,0,0,1,0.00666667,300.0
131,1,0,0,1,0.43666667,2.30769231
1,1,0,0,1,0.0,10.0
3,1,0,0,1,0.01,150.0
4,1,0,0,1,0.01333333,100.0
6,1,0,0,1,0.02,60.0
1,1,0,0,1,0.0,10.0
19,1,0,0,1,0.06333333,16.66666667
8,1,0,0,1,0.02666667,42.85714286
251,1,0,0,1,0.83666667,1.2
35,1,0,0,1,0.11666667,8.82352941
1,1,0,0,1,0.0,10.0
212,1,0,0,1,0.70666667,1.42180095
2,1,0,0,1,0.00666667,300.0
5,1,0,0,1,0.01666667,75.0
141,1,0,0,1,0.47,2.14285714
1,1,0,0,1,0.0,10.0
2,1,0,0,1,0.00666667,300.0
27,1,0,0,1,0.09,11.53846154
2,1,0,0,1,0.00666667,300.0
11,1,0,0,1,0.03666667,30.0
1,1,0,0,1,0.0,10.0
2,1,0,0,1,0.00666667,300.0
40,1,0,0,1,0.13333333,7.69230769
15,1,0,0,1,0.05,21.42857143
49,1,0,0,1,0.16333333,6.25
6,1,0,0,1,0.02,60.0
1,1,0,0,1,0.0,10.0
1,1,0,0,1,0.0,10.0
1,1,0,0,1,0.0,10.0
13,1,0,0,1,0.04333333,25.0
314,1,0,0,1,1.04666667,0.95846645
1,1,0,0,1,0.0,10.0
2,1,0,0,1,0.00666667,300.0
1,1,0,0,1,0.0,10.0
10,1,0,0,1,0.03333333,33.33333333
20,1,0,0,1,0.06666667,15.78947368
8,1,0,0,1,0.02666667,42.85714286
6,1,0,0,1,0.02,60.0
5,1,0,0,1,0.01666667,75.0
1,1,0,0,1,0.0,10.0
3,1,0,0,1,0.01,150.0
1,1,0,0,1,0.0,10.0
319,1,0,0,1,1.06333333,0.94339623
11,1,0,0,1,0.03666667,30.0
10,1,0,0,1,0.03333333,33.33333333
1,1,0,0,1,0.0,10.0
376,1,0,0,1,1.25333333,0.8
1,1,0,0,1,0.0,10.0
163,1,0,0,1,0.54333333,1.85185185
6,1,0,0,1,0.02,60.0
1,1,0,0,1,0.0,10.0
244,1,0,0,1,0.81333333,1.2345679
1,1,0,0,1,0.0,10.0
23,1,0,0,1,0.07666667,13.63636364
303,1,0,0,1,1.01,0.99337748
7,1,0,0,1,0.02333333,50.0
2,1,0,0,1,0.00666667,300.0
2,1,0,0,1,0.00666667,300.0
1,1,0,0,1,0.0,10.0
5,1,0,0,1,0.01666667,75.0
1,1,0,0,1,0.0,10.0
6,1,0,0,1,0.02,60.0
1,1,0,0,1,0.0,10.0
1,1,0,0,1,0.0,10.0
1,1,0,0,1,0.0,10.0
2,1,0,0,1,0.00666667,300.0
10,1,0,0,1,0.03333333,33.33333333
45,1,0,0,1,0.15,6.81818182
12,1,0,0,1,0.04,27.27272727
185,1,0,0,1,0.61666667,1.63043478
1,1,0,0,1,0.0,10.0
30,1,0,0,1,0.1,10.34482759
24,1,0,0,1,0.08,13.04347826
2,1,0,0,1,0.00666667,300.0
7,1,0,0,1,0.02333333,50.0
6,1,0,0,1,0.02,60.0
15,1,0,0,1,0.05,21.42857143
295,1,0,0,1,0.98333333,1.02040816
1,1,0,0,1,0.0,10.0
7,1,0,0,1,0.02333333,50.0
10,1,0,0,1,0.03333333,33.33333333
1,1,0,0,1,0.0,10.0
15,1,0,0,1,0.05,21.42857143
2,1,0,0,1,0.00666667,300.0
1,1,0,0,1,0.0,10.0
1,1,0,0,1,0.0,10.0
227,1,0,0,1,0.75666667,1.32743363
5,1,0,0,1,0.01666667,75.0
80,1,0,0,1,0.26666667,3.79746835
9,1,0,0,1,0.03,37.5
1,1,0,0,1,0.0,10.0
1,1,0,0,1,0.0,10.0
152,1,0,0,1,0.50666667,1.98675497
10,1,0,0,1,0.03333333,33.33333333
7,1,0,0,1,0.02333333,50.0
3,1,0,0,1,0.01,150.0
39,1,0,0,1,0.13,7.89473684
11,1,0,0,1,0.03666667,30.0
1,1,0,0,1,0.0,10.0
78,1,0,0,1,0.26,3.8961039
2,1,0,0,1,0.00666667,300.0
2,1,0,0,1,0.00666667,300.0
11,1,0,0,1,0.03666667,30.0
7,1,0,0,1,0.02333333,50.0
17,1,0,0,1,0.05666667,18.75
35,1,0,0,1,0.11666667,8.82352941
1,1,0,0,1,0.0,10.0
4,1,0,0,1,0.01333333,100.0
6,1,0,0,1,0.02,60.0
12,1,0,0,1,0.04,27.27272727
1,1,0,0,1,0.0,10.0
7,1,0,0,1,0.02333333,50.0
18,1,0,0,1,0.06,17.64705882
64,1,0,0,1,0.21333333,4.76190476
7,1,0,0,1,0.02333333,50.0
5,1,0,0,1,0.01666667,75.0
1,1,0,0,1,0.0,10.0
246,1,0,0,1,0.82,1.2244898
1,1,0,0,1,0.0,10.0
1,1,0,0,1,0.0,10.0
10,1,0,0,1,0.03333333,33.33333333
1,1,0,0,1,0.0,10.0
1,1,0,0,1,0.0,10.0
13,1,0,0,1,0.04333333,25.0
104,1,0,0,1,0.34666667,2.91262136
29,1,0,0,1,0.09666667,10.71428571
1,1,0,0,1,0.0,10.0
4,1,0,0,1,0.01333333,100.0
5,1,0,0,1,0.01666667,75.0
1,1,0,0,1,0.0,10.0
38,1,0,0,1,0.12666667,8.10810811
151,1,0,0,1,0.50333333,2.0
2,1,0,0,1,0.00666667,300.0
3,1,0,0,1,0.01,150.0
1,1,0,0,1,0.0,10.0
4,1,0,0,1,0.01333333,100.0
2,1,0,0,1,0.00666667,300.0
27,1,0,0,1,0.09,11.53846154
14,1,0,0,1,0.04666667,23.07692308
1,1,0,0,1,0.0,10.0
133,1,0,0,1,0.44333333,2.27272727
1,1,0,0,1,0.0,10.0
2,1,0,0,1,0.00666667,300.0
9,1,0,0,1,0.03,37.5
73,1,0,0,1,0.24333333,4.16666667
1,1,0,0,1,0.0,10.0
135,1,0,0,1,0.45,2.23880597
145,1,0,0,1,0.48333333,2.08333333
1,1,0,0,1,0.0,10.0
1,1,0,0,1,0.0,10.0
6,1,0,0,1,0.02,60.0
1,1,0,0,1,0.0,10.0
11,1,0,0,1,0.03666667,30.0
11,1,0,0,1,0.03666667,30.0
19,1,0,0,1,0.06333333,16.66666667
4,1,0,0,1,0.01333333,100.0
1,1,0,0,1,0.0,10.0
21,1,0,0,1,0.07,15.0
6,1,0,0,1,0.02,60.0
18,1,0,0,1,0.06,17.64705882
26,1,0,0,1,0.08666667,12.0
5,1,0,0,1,0.01666667,75.0
23,1,0,0,1,0.07666667,13.63636364
1,1,0,0,1,0.0,10.0
240,1,0,0,1,0.8,1.25523013
1,1,0,0,1,0.0,10.0
7,1,0,0,1,0.02333333,50.0
6,1,0,0,1,0.02,60.0
11,1,0,0,1,0.03666667,30.0
2,1,0,0,1,0.00666667,300.0
156,1,0,0,1,0.52,1.93548387
1,1,0,0,1,0.0,10.0
2,1,0,0,1,0.00666667,300.0
8,1,0,0,1,0.02666667,42.85714286
2,1,0,0,1,0.00666667,300.0
1,1,0,0,1,0.0,10.0
19,1,0,0,1,0.06333333,16.66666667
12,1,0,0,1,0.04,27.27272727
236,1,0,0,1,0.78666667,1.27659574
6,1,0,0,1,0.02,60.0
20,1,0,0,1,0.06666667,15.78947368
114,1,0,0,1,0.38,2.65486726
1,1,0,0,1,0.0,10.0
27,1,0,0,1,0.09,11.53846154
3,1,0,0,1,0.01,150.0
64,1,0,0,1,0.21333333,4.76190476
77,1,0,0,1,0.25666667,3.94736842
1,1,0,0,1,0.0,10.0
1,1,0,0,1,0.0,10.0
4,1,0,0,1,0.01333333,100.0
1,1,0,0,1,0.0,10.0
1,1,0,0,1,0.0,10.0
13,1,0,0,1,0.04333333,25.0
1,1,0,0,1,0.0,10.0
2,1,0,0,1,0.00666667,300.0
7,1,0,0,1,0.02333333,50.0
25,1,0,0,1,0.08333333,12.5
4,1,0,0,1,0.01333333,100.0
6,1,0,0,1,0.02,60.0
30,1,0,0,1,0.1,10.34482759
1,1,0,0,1,0.0,10.0
1,1,0,0,1,0.0,10.0
6,1,0,0,1,0.02,60.0
1,1,0,0,1,0.0,10.0
14,1,0,0,1,0.04666667,23.07692308
148,1,0,0,1,0.49333333,2.04081633
120,1,0,0,1,0.4,2.5210084
18,1,0,0,1,0.06,17.64705882
8,1,0,0,1,0.02666667,42.85714286
6,1,0,0,1,0.02,60.0
1,1,0,0,1,0.0,10.0
1,1,0,0,1,0.0,10.0
4,1,0,0,1,0.01333333,100.0
18,1,0,0,1,0.06,17.64705882
1,1,0,0,1,0.0,10.0
77,1,0,0,1,0.25666667,3.94736842
51,1,0,0,1,0.17,6.0
1,1,0,0,1,0.0,10.0
1,1,0,0,1,0.0,10.0
8,1,0,0,1,0.02666667,42.85714286
4,1,0,0,1,0.01333333,100.0
3,1,0,0,1,0.01,150.0
10,1,0,0,1,0.03333333,33.33333333
1,1,0,0,1,0.0,10.0
1,1,0,0,1,0.0,10.0
1,1,0,0,1,0.0,10.0
179,1,0,0,1,0.59666667,1.68539326
4,1,0,0,1,0.01333333,100.0
1,1,0,0,1,0.0,10.0
1,1,0,0,1,0.0,10.0
9,1,0,0,1,0.03,37.5
19,1,0,0,1,0.06333333,16.66666667
2,1,0,0,1,0.00666667,300.0
11,1,0,0,1,0.03666667,30.0
17,1,0,0,1,0.05666667,18.75
5,1,0,0,1,0.01666667,75.0
23,1,0,0,1,0.07666667,13.63636364
7,1,0,0,1,0.02333333,50.0
2,1,0,0,1,0.00666667,300.0
1,1,0,0,1,0.0,10.0
2,1,0,0,1,0.00666667,300.0
18,1,0,0,1,0.06,17.64705882
1,1,0,0,1,0.0,10.0
18,1,0,0,1,0.06,17.64705882
2,1,0,0,1,0.00666667,300.0
235,1,0,0,1,0.78333333,1.28205128
1,1,0,0,1,0.0,10.0
1,1,0,0,1,0.0,10.0
10,1,0,0,1,0.03333333,33.33333333
171,1,0,0,1,0.57,1.76470588
27,1,0,0,1,0.09,11.53846154
1,1,0,0,1,0.0,10.0
72,1,0,0,1,0.24,4.22535211
8,1,0,0,1,0.02666667,42.85714286
5,1,0,0,1,0.01666667,75.0
1,1,0,0,1,0.0,10.0
1,1,0,0,1,0.0,10.0
1,1,0,0,1,0.0,10.0
8,1,0,0,1,0.02666667,42.85714286
121,1,0,0,1,0.40333333,2.5
1,1,0,0,1,0.0,10.0
21,1,0,0,1,0.07,15.0
16,1,0,0,1,0.05333333,20.0
8,1,0,0,1,0.02666667,42.85714286
1,1,0,0,1,0.0,10.0
39,1,0,0,1,0.13,7.89473684
8,1,0,0,1,0.02666667,42.85714286
4,1,0,0,1,0.01333333,100.0
19,1,0,0,1,0.06333333,16.66666667
200,1,0,0,1,0.66666667,1.50753769
1,1,0,0,1,0.0,10.0
20,1,0,0,1,0.06666667,15.78947368
1,1,0,0,1,0.0,10.0
1,1,0,0,1,0.0,10.0
6,1,0,0,1,0.02,60.0
1,1,0,0,1,0.0,10.0
3,1,0,0,1,0.01,150.0
1,1,0,0,1,0.0,10.0
1,1,0,0,1,0.0,10.0
3,1,0,0,1,0.01,150.0
6,1,0,0,1,0.02,60.0
5,1,0,0,1,0.01666667,75.0
1,1,0,0,1,0.0,10.0
5,1,0,0,1,0.01666667,75.0
1,1,0,0,1,0.0,10.0
5,1,0,0,1,0.01666667,75.0
9,1,0,0,1,0.03,37.5
1,1,0,0,1,0.0,10.0
1,1,0,0,1,0.0,10.0
243,1,0,0,1,0.81,1.23966942
1,1,0,0,1,0.0,10.0
1,1,0,0,1,0.0,10.0
12,1,0,0,1,0.04,27.27272727
8,1,0,0,1,0.02666667,42.85714286
11,1,0,0,1,0.03666667,30.0
1,1,0,0,1,0.0,10.0
12,1,0,0,1,0.04,27.27272727
1,1,0,0,1,0.0,10.0
24,1,0,0,1,0.08,13.04347826
1,1,0,0,1,0.0,10.0
23,1,0,0,1,0.07666667,13.63636364
1,1,0,0,1,0.0,10.0
9,1,0,0,1,0.03,37.5
11,1,0,0,1,0.03666667,30.0
8,1,0,0,1,0.02666667,42.85714286
11,1,0,0,1,0.03666667,30.0
2,1,0,0,1,0.00666667,300.0
157,1,0,0,1,0.52333333,1.92307692
218,1,0,0,1,0.72666667,1.38248848
1,1,0,0,1,0.0,10.0
1,1,0,0,1,0.0,10.0
2,1,0,0,1,0.00666667,300.0
1,1,0,0,1,0.0,10.0
10,1,0,0,1,0.03333333,33.33333333
158,1,0,0,1,0.52666667,1.91082803
2,1,0,0,1,0.00666667,300.0
1,1,0,0,1,0.0,10.0
15,1,0,0,1,0.05,21.42857143
6,1,0,0,1,0.02,60.0
1,1,0,0,1,0.0,10.0
205,1,0,0,1,0.68333333,1.47058824
3,1,0,0,1,0.01,150.0
160,1,0,0,1,0.53333333,1.88679245
4,1,0,0,1,0.01333333,100.0
1,1,0,0,1,0.0,10.0
137,1,0,0,1,0.45666667,2.20588235
5,1,0,0,1,0.01666667,75.0
25,1,0,0,1,0.08333333,12.5
1,1,0,0,1,0.0,10.0
18,1,0,0,1,0.06,17.64705882
2,1,0,0,1,0.00666667,300.0
36,1,0,0,1,0.12,8.57142857
15,1,0,0,1,0.05,21.42857143
80,1,0,0,1,0.26666667,3.79746835
5,1,0,0,1,0.01666667,75.0
1,1,0,0,1,0.0,10.0
134,1,0,0,1,0.44666667,2.2556391
10,1,0,0,1,0.03333333,33.33333333
19,1,0,0,1,0.06333333,16.66666667
319,1,0,0,1,1.06333333,0.94339623
14,1,0,0,1,0.04666667,23.07692308
26,1,0,0,1,0.08666667,12.0
3,1,0,0,1,0.01,150.0
16,1,0,0,1,0.05333333,20.0
2,1,0,0,1,0.00666667,300.0
2,1,0,0,1,0.00666667,300.0
4,1,0,0,1,0.01333333,100.0
7,1,0,0,1,0.02333333,50.0
2,1,0,0,1,0.00666667,300.0
1,1,0,0,1,0.0,10.0
1,1,0,0,1,0.0,10.0
1,1,0,0,1,0.0,10.0
3,1,0,0,1,0.01,150.0
2,1,0,0,1,0.00666667,300.0
143,1,0,0,1,0.47666667,2.11267606
25,1,0,0,1,0.08333333,12.5
8,1,0,0,1,0.02666667,42.85714286
2,1,0,0,1,0.00666667,300.0
12,1,0,0,1,0.04,27.27272727
2,1,0,0,1,0.00666667,300.0
1,1,0,0,1,0.0,10.0
11,1,0,0,1,0.03666667,30.0
2,1,0,0,1,0.00666667,300.0
3,1,0,0,1,0.01,150.0
1,1,0,0,1,0.0,10.0
170,1,0,0,1,0.56666667,1.77514793
154,1,0,0,1,0.51333333,1.96078431
7,1,0,0,1,0.02333333,50.0
205,1,0,0,1,0.68333333,1.47058824
2,1,0,0,1,0.00666667,300.0
2,1,0,0,1,0.00666667,300.0
1,1,0,0,1,0.0,10.0
1,1,0,0,1,0.0,10.0
4,1,0,0,1,0.01333333,100.0
16,1,0,0,1,0.05333333,20.0
2,1,0,0,1,0.00666667,300.0
3,1,0,0,1,0.01,150.0
2,1,0,0,1,0.00666667,300.0
1,1,0,0,1,0.0,10.0
9,1,0,0,1,0.03,37.5
113,1,0,0,1,0.37666667,2.67857143
2,1,0,0,1,0.00666667,300.0
1,1,0,0,1,0.0,10.0
22,1,0,0,1,0.07333333,14.28571429
1,1,0,0,1,0.0,10.0
76,1,0,0,1,0.25333333,4.0
2,1,0,0,1,0.00666667,300.0
1,1,0,0,1,0.0,10.0
28,1,0,0,1,0.09333333,11.11111111
24,1,0,0,1,0.08,13.04347826
9,1,0,0,1,0.03,37.5
2,1,0,0,1,0.00666667,300.0
2,1,0,0,1,0.00666667,300.0
2,1,0,0,1,0.00666667,300.0
8,1,0,0,1,0.02666667,42.85714286
1,1,0,0,1,0.0,10.0
1,1,0,0,1,0.0,10.0
1,1,0,0,1,0.0,10.0
1,1,0,0,1,0.0,10.0
23,1,0,0,1,0.07666667,13.63636364
2,1,0,0,1,0.00666667,300.0
4,1,0,0,1,0.01333333,100.0
26,1,0,0,1,0.08666667,12.0
1,1,0,0,1,0.0,10.0
156,1,0,0,1,0.52,1.93548387
11,1,0,0,1,0.03666667,30.0
21,1,0,0,1,0.07,15.0
12,1,0,0,1,0.04,27.27272727
13,1,0,0,1,0.04333333,25.0
19,1,0,0,1,0.06333333,16.66666667
4,1,0,0,1,0.01333333,100.0
6,1,0,0,1,0.02,60.0
9,1,0,0,1,0.03,37.5
6,1,0,0,1,0.02,60.0
114,1,0,0,1,0.38,2.65486726
2,1,0,0,1,0.00666667,300.0
1,1,0,0,1,0.0,10.0
14,1,0,0,1,0.04666667,23.07692308
1,1,0,0,1,0.0,10.0
4,1,0,0,1,0.01333333,100.0
1,1,0,0,1,0.0,10.0
1,1,0,0,1,0.0,10.0
2,1,0,0,1,0.00666667,300.0
3,1,0,0,1,0.01,150.0
1,1,0,0,1,0.0,10.0
1,1,0,0,1,0.0,10.0
19,1,0,0,1,0.06333333,16.66666667
13,1,0,0,1,0.04333333,25.0
2,1,0,0,1,0.00666667,300.0
38,1,0,0,1,0.12666667,8.10810811
9,1,0,0,1,0.03,37.5
1,1,0,0,1,0.0,10.0
7,1,0,0,1,0.02333333,50.0
15,1,0,0,1,0.05,21.42857143
1,1,0,0,1,0.0,10.0
1,1,0,0,1,0.0,10.0
1,1,0,0,1,0.0,10.0
31,1,0,0,1,0.10333333,10.0
6,1,0,0,1,0.02,60.0
2,1,0,0,1,0.00666667,300.0
21,1,0,0,1,0.07,15.0
5,1,0,0,1,0.01666667,75.0
15,1,0,0,1,0.05,21.42857143
3,1,0,0,1,0.01,150.0
1,1,0,0,1,0.0,10.0
1,1,0,0,1,0.0,10.0
10,1,0,0,1,0.03333333,33.33333333
1,1,0,0,1,0.0,10.0
3,1,0,0,1,0.01,150.0
1,1,0,0,1,0.0,10.0
1,1,0,0,1,0.0,10.0
1,1,0,0,1,0.0,10.0
14,1,0,0,1,0.04666667,23.07692308
11,1,0,0,1,0.03666667,30.0
2,1,0,0,1,0.00666667,300.0
4,1,0,0,1,0.01333333,100.0
3,1,0,0,1,0.01,150.0
1,1,0,0,1,0.0,10.0
1,1,0,0,1,0.0,10.0
1,1,0,0,1,0.0,10.0
1,1,0,0,1,0.0,10.0
6,1,0,0,1,0.02,60.0
6,1,0,0,1,0.02,60.0
7,1,0,0,1,0.02333333,50.0
3,1,0,0,1,0.01,150.0
2,1,0,0,1,0.00666667,300.0
10,1,0,0,1,0.03333333,33.33333333
323,1,0,0,1,1.07666667,0.93167702
2,1,0,0,1,0.00666667,300.0
10,1,0,0,1,0.03333333,33.33333333
1,1,0,0,1,0.0,10.0
1,1,0,0,1,0.0,10.0
20,1,0,0,1,0.06666667,15.78947368
29,1,0,0,1,0.09666667,10.71428571
8,1,0,0,1,0.02666667,42.85714286
69,1,0,0,1,0.23,4.41176471
1,1,0,0,1,0.0,10.0
2,1,0,0,1,0.00666667,300.0
13,1,0,0,1,0.04333333,25.0
15,1,0,0,1,0.05,21.42857143
8,1,0,0,1,0.02666667,42.85714286
1,1,0,0,1,0.0,10.0
143,1,0,0,1,0.47666667,2.11267606
20,1,0,0,1,0.06666667,15.78947368
7,1,0,0,1,0.02333333,50.0
1,1,0,0,1,0.0,10.0
11,1,0,0,1,0.03666667,30.0
19,1,0,0,1,0.06333333,16.66666667
1,1,0,0,1,0.0,10.0
1,1,0,0,1,0.0,10.0
4,1,0,0,1,0.01333333,100.0
1,1,0,0,1,0.0,10.0
1,1,0,0,1,0.0,10.0
2,1,0,0,1,0.00666667,300.0
1,1,0,0,1,0.0,10.0
5,1,0,0,1,0.01666667,75.0
6,1,0,0,1,0.02,60.0
2,1,0,0,1,0.00666667,300.0
1,1,0,0,1,0.0,10.0
21,1,0,0,1,0.07,15.0
2,1,0,0,1,0.00666667,300.0
1,1,0,0,1,0.0,10.0
2,1,0,0,1,0.00666667,300.0
4,1,0,0,1,0.01333333,100.0
7,1,0,0,1,0.02333333,50.0
84,1,0,0,1,0.28,3.61445783
1,1,0,0,1,0.0,10.0
1,1,0,0,1,0.0,10.0
2,1,0,0,1,0.00666667,300.0
237,1,0,0,1,0.79,1.27118644
4,1,0,0,1,0.01333333,100.0
15,1,0,0,1,0.05,21.42857143
128,1,0,0,1,0.42666667,2.36220472
1,1,0,0,1,0.0,10.0
4,1,0,0,1,0.01333333,100.0
7,1,0,0,1,0.02333333,50.0
4,1,0,0,1,0.01333333,100.0
1,1,0,0,1,0.0,10.0
1,1,0,0,1,0.0,10.0
2,1,0,0,1,0.00666667,300.0
1,1,0,0,1,0.0,10.0
22,1,0,0,1,0.07333333,14.28571429
1,1,0,0,1,0.0,10.0
14,1,0,0,1,0.04666667,23.07692308
1,1,0,0,1,0.0,10.0
29,1,0,0,1,0.09666667,10.71428571
15,1,0,0,1,0.05,21.42857143
1,1,0,0,1,0.0,10.0
1,1,0,0,1,0.0,10.0
158,1,0,0,1,0.52666667,1.91082803
1,1,0,0,1,0.0,10.0
15,1,0,0,1,0.05,21.42857143
3,1,0,0,1,0.01,150.0
1,1,0,0,1,0.0,10.0
1,1,0,0,1,0.0,10.0
25,1,0,0,1,0.08333333,12.5
34,1,0,0,1,0.11333333,9.09090909
226,1,0,0,1,0.75333333,1.33333333
11,1,0,0,1,0.03666667,30.0
28,1,0,0,1,0.09333333,11.11111111
146,1,0,0,1,0.48666667,2.06896552
1,1,0,0,1,0.0,10.0
1,1,0,0,1,0.0,10.0
4,1,0,0,1,0.01333333,100.0
1,1,0,0,1,0.0,10.0
1,1,0,0,1,0.0,10.0
4,1,0,0,1,0.01333333,100.0
26,1,0,0,1,0.08666667,12.0
247,1,0,0,1,0.82333333,1.2195122
5,1,0,0,1,0.01666667,75.0
2,1,0,0,1,0.00666667,300.0
7,1,0,0,1,0.02333333,50.0
4,1,0,0,1,0.01333333,100.0
18,1,0,0,1,0.06,17.64705882
7,1,0,0,1,0.02333333,50.0
1,1,0,0,1,0.0,10.0
2,1,0,0,1,0.00666667,300.0
13,1,0,0,1,0.04333333,25.0
6,1,0,0,1,0.02,60.0
2,1,0,0,1,0.00666667,300.0
14,1,0,0,1,0.04666667,23.07692308
10,1,0,0,1,0.03333333,33.33333333
1,1,0,0,1,0.0,10.0
202,1,0,0,1,0.67333333,1.49253731
1,1,0,0,1,0.0,10.0
1,1,0,0,1,0.0,10.0
8,1,0,0,1,0.02666667,42.85714286
1,1,0,0,1,0.0,10.0
1,1,0,0,1,0.0,10.0
147,1,0,0,1,0.49,2.05479452
1,1,0,0,1,0.0,10.0
10,1,0,0,1,0.03333333,33.33333333
10,1,0,0,1,0.03333333,33.33333333
1,1,0,0,1,0.0,10.0
232,1,0,0,1,0.77333333,1.2987013
2,1,0,0,1,0.00666667,300.0
21,1,0,0,1,0.07,15.0
9,1,0,0,1,0.03,37.5
2,1,0,0,1,0.00666667,300.0
2,1,0,0,1,0.00666667,300.0
1,1,0,0,1,0.0,10.0
11,1,0,0,1,0.03666667,30.0
1,1,0,0,1,0.0,10.0
1,1,0,0,1,0.0,10.0
9,1,0,0,1,0.03,37.5
1,1,0,0,1,0.0,10.0
10,1,0,0,1,0.03333333,33.33333333
1,1,0,0,1,0.0,10.0
1,1,0,0,1,0.0,10.0
5,1,0,0,1,0.01666667,75.0
1,1,0,0,1,0.0,10.0
7,1,0,0,1,0.02333333,50.0
29,1,0,0,1,0.09666667,10.71428571
1,1,0,0,1,0.0,10.0
1,1,0,0,1,0.0,10.0
10,1,0,0,1,0.03333333,33.33333333
5,1,0,0,1,0.01666667,75.0
2,1,0,0,1,0.00666667,300.0
1,1,0,0,1,0.0,10.0
1,1,0,0,1,0.0,10.0
2,1,0,0,1,0.00666667,300.0
2,1,0,0,1,0.00666667,300.0
75,1,0,0,1,0.25,4.05405405
10,1,0,0,1,0.03333333,33.33333333
1,1,0,0,1,0.0,10.0
214,1,0,0,1,0.71333333,1.4084507
277,1,0,0,1,0.92333333,1.08695652
4,1,0,0,1,0.01333333,100.0
6,1,0,0,1,0.02,60.0
64,1,0,0,1,0.21333333,4.76190476
174,1,0,0,1,0.58,1.73410405
3,1,0,0,1,0.01,150.0
2,1,0,0,1,0.00666667,300.0
7,1,0,0,1,0.02333333,50.0
13,1,0,0,1,0.04333333,25.0
1,1,0,0,1,0.0,10.0
1,1,0,0,1,0.0,10.0
20,1,0,0,1,0.06666667,15.78947368
1,1,0,0,1,0.0,10.0
78,1,0,0,1,0.26,3.8961039
1,1,0,0,1,0.0,10.0
10,1,0,0,1,0.03333333,33.33333333
1,1,0,0,1,0.0,10.0
2,1,0,0,1,0.00666667,300.0
2,1,0,0,1,0.00666667,300.0
4,1,0,0,1,0.01333333,100.0
3,1,0,0,1,0.01,150.0
1,1,0,0,1,0.0,10.0
1,1,0,0,1,0.0,10.0
1,1,0,0,1,0.0,10.0
7,1,0,0,1,0.02333333,50.0
3,1,0,0,1,0.01,150.0
4,1,0,0,1,0.01333333,100.0
65,1,0,0,1,0.21666667,4.6875
1,1,0,0,1,0.0,10.0
1,1,0,0,1,0.0,10.0
1,1,0,0,1,0.0,10.0
1,1,0,0,1,0.0,10.0
1,1,0,0,1,0.0,10.0
28,1,0,0,1,0.09333333,11.11111111
4,1,0,0,1,0.01333333,100.0
2,1,0,0,1,0.00666667,300.0
1,1,0,0,1,0.0,10.0
1,1,0,0,1,0.0,10.0
1,1,0,0,1,0.0,10.0
1,1,0,0,1,0.0,10.0
1,1,0,0,1,0.0,10.0
3,1,0,0,1,0.01,150.0
13,1,0,0,1,0.04333333,25.0
12,1,0,0,1,0.04,27.27272727
1,1,0,0,1,0.0,10.0
74,1,0,0,1,0.24666667,4.10958904
17,1,0,0,1,0.05666667,18.75
9,1,0,0,1,0.03,37.5
1,1,0,0,1,0.0,10.0
10,1,0,0,1,0.03333333,33.33333333
1,1,0,0,1,0.0,10.0
6,1,0,0,1,0.02,60.0
10,1,0,0,1,0.03333333,33.33333333
244,1,0,0,1,0.81333333,1.2345679
3,1,0,0,1,0.01,150.0
1,1,0,0,1,0.0,10.0
1,1,0,0,1,0.0,10.0
9,1,0,0,1,0.03,37.5
3,1,0,0,1,0.01,150.0
1,1,0,0,1,0.0,10.0
9,1,0,0,1,0.03,37.5
1,1,0,0,1,0.0,10.0
1,1,0,0,1,0.0,10.0
29,1,0,0,1,0.09666667,10.71428571
3,1,0,0,1,0.01,150.0
10,1,0,0,1,0.03333333,33.33333333
13,1,0,0,1,0.04333333,25.0
19,1,0,0,1,0.06333333,16.66666667
2,1,0,0,1,0.00666667,300.0
2,1,0,0,1,0.00666667,300.0
130,1,0,0,1,0.43333333,2.3255814
9,1,0,0,1,0.03,37.5
7,1,0,0,1,0.02333333,50.0
4,1,0,0,1,0.01333333,100.0
1,1,0,0,1,0.0,10.0
12,1,0,0,1,0.04,27.27272727
13,1,0,0,1,0.04333333,25.0
1,1,0,0,1,0.0,10.0
4,1,0,0,1,0.01333333,100.0
2,1,0,0,1,0.00666667,300.0
6,1,0,0,1,0.02,60.0
22,1,0,0,1,0.07333333,14.28571429
14,1,0,0,1,0.04666667,23.07692308
187,1,0,0,1,0.62333333,1.61290323
4,1,0,0,1,0.01333333,100.0
25,1,0,0,1,0.08333333,12.5
180,1,0,0,1,0.6,1.67597765
4,1,0,0,1,0.01333333,100.0
15,1,0,0,1,0.05,21.42857143
2,1,0,0,1,0.00666667,300.0
1,1,0,0,1,0.0,10.0
18,1,0,0,1,0.06,17.64705882
1,1,0,0,1,0.0,10.0
11,1,0,0,1,0.03666667,30.0
9,1,0,0,1,0.03,37.5
3,1,0,0,1,0.01,150.0
1,1,0,0,1,0.0,10.0
220,1,0,0,1,0.73333333,1.36986301
1,1,0,0,1,0.0,10.0
18,1,0,0,1,0.06,17.64705882
3,1,0,0,1,0.01,150.0
1,1,0,0,1,0.0,10.0
5,1,0,0,1,0.01666667,75.0
65,1,0,0,1,0.21666667,4.6875
13,1,0,0,1,0.04333333,25.0
1,1,0,0,1,0.0,10.0
10,1,0,0,1,0.03333333,33.33333333
154,1,0,0,1,0.51333333,1.96078431
1,1,0,0,1,0.0,10.0
3,1,0,0,1,0.01,150.0
1,1,0,0,1,0.0,10.0
3,1,0,0,1,0.01,150.0
7,1,0,0,1,0.02333333,50.0
2,1,0,0,1,0.00666667,300.0
1,1,0,0,1,0.0,10.0
83,1,0,0,1,0.27666667,3.65853659
1,1,0,0,1,0.0,10.0
16,1,0,0,1,0.05333333,20.0
1,1,0,0,1,0.0,10.0
1,1,0,0,1,0.0,10.0
7,1,0,0,1,0.02333333,50.0
1,1,0,0,1,0.0,10.0
19,1,0,0,1,0.06333333,16.66666667
21,1,0,0,1,0.07,15.0
1,1,0,0,1,0.0,10.0
1,1,0,0,1,0.0,10.0
3,1,0,0,1,0.01,150.0
1,1,0,0,1,0.0,10.0
6,1,0,0,1,0.02,60.0
79,1,0,0,1,0.26333333,3.84615385
2,1,0,0,1,0.00666667,300.0
2,1,0,0,1,0.00666667,300.0
1,1,0,0,1,0.0,10.0
1,1,0,0,1,0.0,10.0
1,1,0,0,1,0.0,10.0
1,1,0,0,1,0.0,10.0
1,1,0,0,1,0.0,10.0
19,1,0,0,1,0.06333333,16.66666667
5,1,0,0,1,0.01666667,75.0
7,1,0,0,1,0.02333333,50.0
9,1,0,0,1,0.03,37.5
16,1,0,0,1,0.05333333,20.0
27,1,0,0,1,0.09,11.53846154
8,1,0,0,1,0.02666667,42.85714286
66,1,0,0,1,0.22,4.61538462
15,1,0,0,1,0.05,21.42857143
74,1,0,0,1,0.24666667,4.10958904
3,1,0,0,1,0.01,150.0
17,1,0,0,1,0.05666667,18.75
18,1,0,0,1,0.06,17.64705882
1,1,0,0,1,0.0,10.0
1,1,0,0,1,0.0,10.0
5,1,0,0,1,0.01666667,75.0
67,1,0,0,1,0.22333333,4.54545455
1,1,0,0,1,0.0,10.0
1,1,0,0,1,0.0,10.0
1,1,0,0,1,0.0,10.0
3,1,0,0,1,0.01,150.0
28,1,0,0,1,0.09333333,11.11111111
1,1,0,0,1,0.0,10.0
19,1,0,0,1,0.06333333,16.66666667
16,1,0,0,1,0.05333333,20.0
1,1,0,0,1,0.0,10.0
267,1,0,0,1,0.89,1.12781955
1,1,0,0,1,0.0,10.0
1,1,0,0,1,0.0,10.0
1,1,0,0,1,0.0,10.0
2,1,0,0,1,0.00666667,300.0
14,1,0,0,1,0.04666667,23.07692308
13,1,0,0,1,0.04333333,25.0
204,1,0,0,1,0.68,1.47783251
1,1,0,0,1,0.0,10.0
5,1,0,0,1,0.01666667,75.0
2,1,0,0,1,0.00666667,300.0
23,1,0,0,1,0.07666667,13.63636364
3,1,0,0,1,0.01,150.0
1,1,0,0,1,0.0,10.0
2,1,0,0,1,0.00666667,300.0
155,1,0,0,1,0.51666667,1.94805195
6,1,0,0,1,0.02,60.0
12,1,0,0,1,0.04,27.27272727
1,1,0,0,1,0.0,10.0
13,1,0,0,1,0.04333333,25.0
221,1,0,0,1,0.73666667,1.36363636
16,1,0,0,1,0.05333333,20.0
259,1,0,0,1,0.86333333,1.1627907
1,1,0,0,1,0.0,10.0
4,1,0,0,1,0.01333333,100.0
77,1,0,0,1,0.25666667,3.94736842
1,1,0,0,1,0.0,10.0
2,1,0,0,1,0.00666667,300.0
1,1,0,0,1,0.0,10.0
21,1,0,0,1,0.07,15.0
7,1,0,0,1,0.02333333,50.0
63,1,0,0,1,0.21,4.83870968
17,1,0,0,1,0.05666667,18.75
3,1,0,0,1,0.01,150.0
2,1,0,0,1,0.00666667,300.0
6,1,0,0,1,0.02,60.0
6,1,0,0,1,0.02,60.0
2,1,0,0,1,0.00666667,300.0
9,1,0,0,1,0.03,37.5
2,1,0,0,1,0.00666667,300.0
20,1,0,0,1,0.06666667,15.78947368
4,1,0,0,1,0.01333333,100.0
14,1,0,0,1,0.04666667,23.07692308
5,1,0,0,1,0.01666667,75.0
1,1,0,0,1,0.0,10.0
11,1,0,0,1,0.03666667,30.0
2,1,0,0,1,0.00666667,300.0
1,1,0,0,1,0.0,10.0
7,1,0,0,1,0.02333333,50.0
12,1,0,0,1,0.04,27.27272727
8,1,0,0,1,0.02666667,42.85714286
17,1,0,0,1,0.05666667,18.75
1,1,0,0,1,0.0,10.0
2,1,0,0,1,0.00666667,300.0
2,1,0,0,1,0.00666667,300.0
5,1,0,0,1,0.01666667,75.0
1,1,0,0,1,0.0,10.0
244,1,0,0,1,0.81333333,1.2345679
2,1,0,0,1,0.00666667,300.0
1,1,0,0,1,0.0,10.0
67,1,0,0,1,0.22333333,4.54545455
4,1,0,0,1,0.01333333,100.0
1,1,0,0,1,0.0,10.0
3,1,0,0,1,0.01,150.0
3,1,0,0,1,0.01,150.0
1,1,0,0,1,0.0,10.0
8,1,0,0,1,0.02666667,42.85714286
10,1,0,0,1,0.03333333,33.33333333
5,1,0,0,1,0.01666667,75.0
5,1,0,0,1,0.01666667,75.0
32,1,0,0,1,0.10666667,9.67741935
1,1,0,0,1,0.0,10.0
3,1,0,0,1,0.01,150.0
213,1,0,0,1,0.71,1.41509434
2,1,0,0,1,0.00666667,300.0
140,1,0,0,1,0.46666667,2.15827338
3,1,0,0,1,0.01,150.0
3,1,0,0,1,0.01,150.0
20,1,0,0,1,0.06666667,15.78947368
2,1,0,0,1,0.00666667,300.0
1,1,0,0,1,0.0,10.0
1,1,0,0,1,0.0,10.0
233,1,0,0,1,0.77666667,1.29310345
233,1,0,0,1,0.77666667,1.29310345
6,1,0,0,1,0.02,60.0
231,1,0,0,1,0.77,1.30434783
20,1,0,0,1,0.06666667,15.78947368
5,1,0,0,1,0.01666667,75.0
9,1,0,0,1,0.03,37.5
1,1,0,0,1,0.0,10.0
16,1,0,0,1,0.05333333,20.0
2,1,0,0,1,0.00666667,300.0
107,1,0,0,1,0.35666667,2.83018868
1,1,0,0,1,0.0,10.0
21,1,0,0,1,0.07,15.0
25,1,0,0,1,0.08333333,12.5
1,1,0,0,1,0.0,10.0
42,1,0,0,1,0.14,7.31707317
22,1,0,0,1,0.07333333,14.28571429
190,1,0,0,1,0.63333333,1.58730159
2,1,0,0,1,0.00666667,300.0
1,1,0,0,1,0.0,10.0
1,1,0,0,1,0.0,10.0
1,1,0,0,1,0.0,10.0
3,1,0,0,1,0.01,150.0
1,1,0,0,1,0.0,10.0
24,1,0,0,1,0.08,13.04347826
1,1,0,0,1,0.0,10.0
1,1,0,0,1,0.0,10.0
224,1,0,0,1,0.74666667,1.34529148
1,1,0,0,1,0.0,10.0
235,1,0,0,1,0.78333333,1.28205128
1,1,0,0,1,0.0,10.0
1,1,0,0,1,0.0,10.0
2,1,0,0,1,0.00666667,300.0
13,1,0,0,1,0.04333333,25.0
1,1,0,0,1,0.0,10.0
1,1,0,0,1,0.0,10.0
133,1,0,0,1,0.44333333,2.27272727
1,1,0,0,1,0.0,10.0
3,1,0,0,1,0.01,150.0
2,1,0,0,1,0.00666667,300.0
6,1,0,0,1,0.02,60.0
1,1,0,0,1,0.0,10.0
7,1,0,0,1,0.02333333,50.0
2,1,0,0,1,0.00666667,300.0
146,1,0,0,1,0.48666667,2.06896552
9,1,0,0,1,0.03,37.5
19,1,0,0,1,0.06333333,16.66666667
1,1,0,0,1,0.0,10.0
1,1,0,0,1,0.0,10.0
2,1,0,0,1,0.00666667,300.0
1,1,0,0,1,0.0,10.0
10,1,0,0,1,0.03333333,33.33333333
74,1,0,0,1,0.24666667,4.10958904
1,1,0,0,1,0.0,10.0
1,1,0,0,1,0.0,10.0
12,1,0,0,1,0.04,27.27272727
4,1,0,0,1,0.01333333,100.0
2,1,0,0,1,0.00666667,300.0
2,1,0,0,1,0.00666667,300.0
4,1,0,0,1,0.01333333,100.0
9,1,0,0,1,0.03,37.5
1,1,0,0,1,0.0,10.0
4,1,0,0,1,0.01333333,100.0
19,1,0,0,1,0.06333333,16.66666667
130,1,0,0,1,0.43333333,2.3255814
2,1,0,0,1,0.00666667,300.0
1,1,0,0,1,0.0,10.0
74,1,0,0,1,0.24666667,4.10958904
57,1,0,0,1,0.19,5.35714286
327,1,0,0,1,1.09,0.9202454
2,1,0,0,1,0.00666667,300.0
5,1,0,0,1,0.01666667,75.0
152,1,0,0,1,0.50666667,1.98675497
1,1,0,0,1,0.0,10.0
3,1,0,0,1,0.01,150.0
2,1,0,0,1,0.00666667,300.0
2,1,0,0,1,0.00666667,300.0
68,1,0,0,1,0.22666667,4.47761194
3,1,0,0,1,0.01,150.0
5,1,0,0,1,0.01666667,75.0
1,1,0,0,1,0.0,10.0
9,1,0,0,1,0.03,37.5
226,1,0,0,1,0.75333333,1.33333333
4,1,0,0,1,0.01333333,100.0
12,1,0,0,1,0.04,27.27272727
1,1,0,0,1,0.0,10.0
1,1,0,0,1,0.0,10.0
2,1,0,0,1,0.00666667,300.0
21,1,0,0,1,0.07,15.0
17,1,0,0,1,0.05666667,18.75
14,1,0,0,1,0.04666667,23.07692308
11,1,0,0,1,0.03666667,30.0
2,1,0,0,1,0.00666667,300.0
169,1,0,0,1,0.56333333,1.78571429
7,1,0,0,1,0.02333333,50.0
64,1,0,0,1,0.21333333,4.76190476
8,1,0,0,1,0.02666667,42.85714286
3,1,0,0,1,0.01,150.0
7,1,0,0,1,0.02333333,50.0
204,1,0,0,1,0.68,1.47783251
12,1,0,0,1,0.04,27.27272727
1,1,0,0,1,0.0,10.0
4,1,0,0,1,0.01333333,100.0
8,1,0,0,1,0.02666667,42.85714286
11,1,0,0,1,0.03666667,30.0
2,1,0,0,1,0.00666667,300.0
1,1,0,0,1,0.0,10.0
1,1,0,0,1,0.0,10.0
1,1,0,0,1,0.0,10.0
24,1,0,0,1,0.08,13.04347826
2,1,0,0,1,0.00666667,300.0
2,1,0,0,1,0.00666667,300.0
2,1,0,0,1,0.00666667,300.0
11,1,0,0,1,0.03666667,30.0
15,1,0,0,1,0.05,21.42857143
1,1,0,0,1,0.0,10.0
6,1,0,0,1,0.02,60.0
10,1,0,0,1,0.03333333,33.33333333
177,1,0,0,1,0.59,1.70454545
151,1,0,0,1,0.50333333,2.0
13,1,0,0,1,0.04333333,25.0
1,1,0,0,1,0.0,10.0
1,1,0,0,1,0.0,10.0
10,1,0,0,1,0.03333333,33.33333333
3,1,0,0,1,0.01,150.0
4,1,0,0,1,0.01333333,100.0
17,1,0,0,1,0.05666667,18.75
2,1,0,0,1,0.00666667,300.0
24,1,0,0,1,0.08,13.04347826
2,1,0,0,1,0.00666667,300.0
6,1,0,0,1,0.02,60.0
4,1,0,0,1,0.01333333,100.0
6,1,0,0,1,0.02,60.0
1,1,0,0,1,0.0,10.0
64,1,0,0,1,0.21333333,4.76190476
3,1,0,0,1,0.01,150.0
11,1,0,0,1,0.03666667,30.0
7,1,0,0,1,0.02333333,50.0
79,1,0,0,1,0.26333333,3.84615385
12,1,0,0,1,0.04,27.27272727
2,1,0,0,1,0.00666667,300.0
8,1,0,0,1,0.02666667,42.85714286
1,1,0,0,1,0.0,10.0
1,1,0,0,1,0.0,10.0
24,1,0,0,1,0.08,13.04347826
1,1,0,0,1,0.0,10.0
80,1,0,0,1,0.26666667,3.79746835
7,1,0,0,1,0.02333333,50.0
12,1,0,0,1,0.04,27.27272727
5,1,0,0,1,0.01666667,75.0
4,1,0,0,1,0.01333333,100.0
19,1,0,0,1,0.06333333,16.66666667
3,1,0,0,1,0.01,150.0
14,1,0,0,1,0.04666667,23.07692308
146,1,0,0,1,0.48666667,2.06896552
1,1,0,0,1,0.0,10.0
5,1,0,0,1,0.01666667,75.0
122,1,0,0,1,0.40666667,2.47933884
6,1,0,0,1,0.02,60.0
16,1,0,0,1,0.05333333,20.0
12,1,0,0,1,0.04,27.27272727
11,1,0,0,1,0.03666667,30.0
1,1,0,0,1,0.0,10.0
1,1,0,0,1,0.0,10.0
6,1,0,0,1,0.02,60.0
8,1,0,0,1,0.02666667,42.85714286
8,1,0,0,1,0.02666667,42.85714286
24,1,0,0,1,0.08,13.04347826
33,1,0,0,1,0.11,9.375
2,1,0,0,1,0.00666667,300.0
4,1,0,0,1,0.01333333,100.0
194,1,0,0,1,0.64666667,1.55440415
2,1,0,0,1,0.00666667,300.0
31,1,0,0,1,0.10333333,10.0
2,1,0,0,1,0.00666667,300.0
1,1,0,0,1,0.0,10.0
4,1,0,0,1,0.01333333,100.0
11,1,0,0,1,0.03666667,30.0
2,1,0,0,1,0.00666667,300.0
7,1,0,0,1,0.02333333,50.0
1,1,0,0,1,0.0,10.0
1,1,0,0,1,0.0,10.0
1,1,0,0,1,0.0,10.0
1,1,0,0,1,0.0,10.0
1,1,0,0,1,0.0,10.0
4,1,0,0,1,0.01333333,100.0
1,1,0,0,1,0.0,10.0
4,1,0,0,1,0.01333333,100.0
5,1,0,0,1,0.01666667,75.0
105,1,0,0,1,0.35,2.88461538
1,1,0,0,1,0.0,10.0
1,1,0,0,1,0.0,10.0
1,1,0,0,1,0.0,10.0
1,1,0,0,1,0.0,10.0
1,1,0,0,1,0.0,10.0
8,1,0,0,1,0.02666667,42.85714286
4,1,0,0,1,0.01333333,100.0
22,1,0,0,1,0.07333333,14.28571429
1,1,0,0,1,0.0,10.0
14,1,0,0,1,0.04666667,23.07692308
27,1,0,0,1,0.09,11.53846154
2,1,0,0,1,0.00666667,300.0
1,1,0,0,1,0.0,10.0
9,1,0,0,1,0.03,37.5
4,1,0,0,1,0.01333333,100.0
1,1,0,0,1,0.0,10.0
15,1,0,0,1,0.05,21.42857143
237,1,0,0,1,0.79,1.27118644
308,1,0,0,1,1.02666667,0.9771987
3,1,0,0,1,0.01,150.0
8,1,0,0,1,0.02666667,42.85714286
1,1,0,0,1,0.0,10.0
1,1,0,0,1,0.0,10.0
1,1,0,0,1,0.0,10.0
7,1,0,0,1,0.02333333,50.0
1,1,0,0,1,0.0,10.0
151,1,0,0,1,0.50333333,2.0
10,1,0,0,1,0.03333333,33.33333333
2,1,0,0,1,0.00666667,300.0
1,1,0,0,1,0.0,10.0
1,1,0,0,1,0.0,10.0
11,1,0,0,1,0.03666667,30.0
3,1,0,0,1,0.01,150.0
1,1,0,0,1,0.0,10.0
24,1,0,0,1,0.08,13.04347826
2,1,0,0,1,0.00666667,300.0
15,1,0,0,1,0.05,21.42857143
1,1,0,0,1,0.0,10.0
21,1,0,0,1,0.07,15.0
6,1,0,0,1,0.02,60.0
12,1,0,0,1,0.04,27.27272727
38,1,0,0,1,0.12666667,8.10810811
9,1,0,0,1,0.03,37.5
13,1,0,0,1,0.04333333,25.0
1,1,0,0,1,0.0,10.0
2,1,0,0,1,0.00666667,300.0
1,1,0,0,1,0.0,10.0
10,1,0,0,1,0.03333333,33.33333333
8,1,0,0,1,0.02666667,42.85714286
1,1,0,0,1,0.0,10.0
1,1,0,0,1,0.0,10.0
1,1,0,0,1,0.0,10.0
1,1,0,0,1,0.0,10.0
2,1,0,0,1,0.00666667,300.0
1,1,0,0,1,0.0,10.0
1,1,0,0,1,0.0,10.0
69,1,0,0,1,0.23,4.41176471
1,1,0,0,1,0.0,10.0
5,1,0,0,1,0.01666667,75.0
1,1,0,0,1,0.0,10.0
1,1,0,0,1,0.0,10.0
2,1,0,0,1,0.00666667,300.0
8,1,0,0,1,0.02666667,42.85714286
1,1,0,0,1,0.0,10.0
1,1,0,0,1,0.0,10.0
139,1,0,0,1,0.46333333,2.17391304
6,1,0,0,1,0.02,60.0
35,1,0,0,1,0.11666667,8.82352941
2,1,0,0,1,0.00666667,300.0
2,1,0,0,1,0.00666667,300.0
1,1,0,0,1,0.0,10.0
22,1,0,0,1,0.07333333,14.28571429
1,1,0,0,1,0.0,10.0
195,1,0,0,1,0.65,1.54639175
33,1,0,0,1,0.11,9.375
1,1,0,0,1,0.0,10.0
2,1,0,0,1,0.00666667,300.0
1,1,0,0,1,0.0,10.0
5,1,0,0,1,0.01666667,75.0
9,1,0,0,1,0.03,37.5
4,1,0,0,1,0.01333333,100.0
9,1,0,0,1,0.03,37.5
1,1,0,0,1,0.0,10.0
195,1,0,0,1,0.65,1.54639175
1,1,0,0,1,0.0,10.0
27,1,0,0,1,0.09,11.53846154
1,1,0,0,1,0.0,10.0
4,1,0,0,1,0.01333333,100.0
17,1,0,0,1,0.05666667,18.75
5,1,0,0,1,0.01666667,75.0
1,1,0,0,1,0.0,10.0
16,1,0,0,1,0.05333333,20.0
2,1,0,0,1,0.00666667,300.0
140,1,0,0,1,0.46666667,2.15827338
2,1,0,0,1,0.00666667,300.0
21,1,0,0,1,0.07,15.0
1,1,0,0,1,0.0,10.0
192,1,0,0,1,0.64,1.57068063
1,1,0,0,1,0.0,10.0
24,1,0,0,1,0.08,13.04347826
1,1,0,0,1,0.0,10.0
1,1,0,0,1,0.0,10.0
35,1,0,0,1,0.11666667,8.82352941
12,1,0,0,1,0.04,27.27272727
23,1,0,0,1,0.07666667,13.63636364
2,1,0,0,1,0.00666667,300.0
3,1,0,0,1,0.01,150.0
1,1,0,0,1,0.0,10.0
1,1,0,0,1,0.0,10.0
10,1,0,0,1,0.03333333,33.33333333
26,1,0,0,1,0.08666667,12.0
1,1,0,0,1,0.0,10.0
21,1,0,0,1,0.07,15.0
1,1,0,0,1,0.0,10.0
5,1,0,0,1,0.01666667,75.0
2,1,0,0,1,0.00666667,300.0
7,1,0,0,1,0.02333333,50.0
1,1,0,0,1,0.0,10.0
2,1,0,0,1,0.00666667,300.0
7,1,0,0,1,0.02333333,50.0
6,1,0,0,1,0.02,60.0
1,1,0,0,1,0.0,10.0
218,1,0,0,1,0.72666667,1.38248848
2,1,0,0,1,0.00666667,300.0
2,1,0,0,1,0.00666667,300.0
17,1,0,0,1,0.05666667,18.75
10,1,0,0,1,0.03333333,33.33333333
165,1,0,0,1,0.55,1.82926829
1,1,0,0,1,0.0,10.0
5,1,0,0,1,0.01666667,75.0
2,1,0,0,1,0.00666667,300.0
13,1,0,0,1,0.04333333,25.0
7,1,0,0,1,0.02333333,50.0
16,1,0,0,1,0.05333333,20.0
9,1,0,0,1,0.03,37.5
2,1,0,0,1,0.00666667,300.0
16,1,0,0,1,0.05333333,20.0
166,1,0,0,1,0.55333333,1.81818182
2,1,0,0,1,0.00666667,300.0
4,1,0,0,1,0.01333333,100.0
1,1,0,0,1,0.0,10.0
153,1,0,0,1,0.51,1.97368421
2,1,0,0,1,0.00666667,300.0
4,1,0,0,1,0.01333333,100.0
26,1,0,0,1,0.08666667,12.0
77,1,0,0,1,0.25666667,3.94736842
9,1,0,0,1,0.03,37.5
2,1,0,0,1,0.00666667,300.0
8,1,0,0,1,0.02666667,42.85714286
3,1,0,0,1,0.01,150.0
2,1,0,0,1,0.00666667,300.0
9,1,0,0,1,0.03,37.5
16,1,0,0,1,0.05333333,20.0
4,1,0,0,1,0.01333333,100.0
2,1,0,0,1,0.00666667,300.0
3,1,0,0,1,0.01,150.0
1,1,0,0,1,0.0,10.0
4,1,0,0,1,0.01333333,100.0
5,1,0,0,1,0.01666667,75.0
22,1,0,0,1,0.07333333,14.28571429
1,1,0,0,1,0.0,10.0
10,1,0,0,1,0.03333333,33.33333333
1,1,0,0,1,0.0,10.0
152,1,0,0,1,0.50666667,1.98675497
1,1,0,0,1,0.0,10.0
7,1,0,0,1,0.02333333,50.0
326,1,0,0,1,1.08666667,0.92307692
122,1,0,0,1,0.40666667,2.47933884
47,1,0,0,1,0.15666667,6.52173913
4,1,0,0,1,0.01333333,100.0
4,1,0,0,1,0.01333333,100.0
1,1,0,0,1,0.0,10.0
10,1,0,0,1,0.03333333,33.33333333
1,1,0,0,1,0.0,10.0
129,1,0,0,1,0.43,2.34375
17,1,0,0,1,0.05666667,18.75
8,1,0,0,1,0.02666667,42.85714286
13,1,0,0,1,0.04333333,25.0
1,1,0,0,1,0.0,10.0
12,1,0,0,1,0.04,27.27272727
1,1,0,0,1,0.0,10.0
1,1,0,0,1,0.0,10.0
5,1,0,0,1,0.01666667,75.0
9,1,0,0,1,0.03,37.5
77,1,0,0,1,0.25666667,3.94736842
1,1,0,0,1,0.0,10.0
1,1,0,0,1,0.0,10.0
2,1,0,0,1,0.00666667,300.0
1,1,0,0,1,0.0,10.0
12,1,0,0,1,0.04,27.27272727
2,1,0,0,1,0.00666667,300.0
2,1,0,0,1,0.00666667,300.0
92,1,0,0,1,0.30666667,3.2967033
95,1,0,0,1,0.31666667,3.19148936
9,1,0,0,1,0.03,37.5
14,1,0,0,1,0.04666667,23.07692308
178,1,0,0,1,0.59333333,1.69491525
6,1,0,0,1,0.02,60.0
7,1,0,0,1,0.02333333,50.0
1,1,0,0,1,0.0,10.0
6,1,0,0,1,0.02,60.0
13,1,0,0,1,0.04333333,25.0
13,1,0,0,1,0.04333333,25.0
2,1,0,0,1,0.00666667,300.0
177,1,0,0,1,0.59,1.70454545
9,1,0,0,1,0.03,37.5
1,1,0,0,1,0.0,10.0
2,1,0,0,1,0.00666667,300.0
20,1,0,0,1,0.06666667,15.78947368
156,1,0,0,1,0.52,1.93548387
3,1,0,0,1,0.01,150.0
10,1,0,0,1,0.03333333,33.33333333
1,1,0,0,1,0.0,10.0
2,1,0,0,1,0.00666667,300.0
1,1,0,0,1,0.0,10.0
8,1,0,0,1,0.02666667,42.85714286
3,1,0,0,1,0.01,150.0
13,1,0,0,1,0.04333333,25.0
7,1,0,0,1,0.02333333,50.0
1,1,0,0,1,0.0,10.0
37,1,0,0,1,0.12333333,8.33333333
18,1,0,0,1,0.06,17.64705882
9,1,0,0,1,0.03,37.5
1,1,0,0,1,0.0,10.0
8,1,0,0,1,0.02666667,42.85714286
7,1,0,0,1,0.02333333,50.0
1,1,0,0,1,0.0,10.0
2,1,0,0,1,0.00666667,300.0
12,1,0,0,1,0.04,27.27272727
1,1,0,0,1,0.0,10.0
11,1,0,0,1,0.03666667,30.0
2,1,0,0,1,0.00666667,300.0
44,1,0,0,1,0.14666667,6.97674419
1,1,0,0,1,0.0,10.0
18,1,0,0,1,0.06,17.64705882
2,1,0,0,1,0.00666667,300.0
2,1,0,0,1,0.00666667,300.0
1,1,0,0,1,0.0,10.0
3,1,0,0,1,0.01,150.0
1,1,0,0,1,0.0,10.0
123,1,0,0,1,0.41,2.45901639
1,1,0,0,1,0.0,10.0
1,1,0,0,1,0.0,10.0
11,1,0,0,1,0.03666667,30.0
5,1,0,0,1,0.01666667,75.0
289,1,0,0,1,0.96333333,1.04166667
16,1,0,0,1,0.05333333,20.0
1,1,0,0,1,0.0,10.0
4,1,0,0,1,0.01333333,100.0
193,1,0,0,1,0.64333333,1.5625
1,1,0,0,1,0.0,10.0
1,1,0,0,1,0.0,10.0
2,1,0,0,1,0.00666667,300.0
2,1,0,0,1,0.00666667,300.0
7,1,0,0,1,0.02333333,50.0
1,1,0,0,1,0.0,10.0
1,1,0,0,1,0.0,10.0
1,1,0,0,1,0.0,10.0
24,1,0,0,1,0.08,13.04347826
32,1,0,0,1,0.10666667,9.67741935
107,1,0,0,1,0.35666667,2.83018868
25,1,0,0,1,0.08333333,12.5
2,1,0,0,1,0.00666667,300.0
2,1,0,0,1,0.00666667,300.0
9,1,0,0,1,0.03,37.5
13,1,0,0,1,0.04333333,25.0
9,1,0,0,1,0.03,37.5
10,1,0,0,1,0.03333333,33.33333333
63,1,0,0,1,0.21,4.83870968
253,1,0,0,1,0.84333333,1.19047619
135,1,0,0,1,0.45,2.23880597
7,1,0,0,1,0.02333333,50.0
3,1,0,0,1,0.01,150.0
11,1,0,0,1,0.03666667,30.0
1,1,0,0,1,0.0,10.0
1,1,0,0,1,0.0,10.0
1,1,0,0,1,0.0,10.0
3,1,0,0,1,0.01,150.0
11,1,0,0,1,0.03666667,30.0
1,1,0,0,1,0.0,10.0
6,1,0,0,1,0.02,60.0
2,1,0,0,1,0.00666667,300.0
6,1,0,0,1,0.02,60.0
7,1,0,0,1,0.02333333,50.0
5,1,0,0,1,0.01666667,75.0
30,1,0,0,1,0.1,10.34482759
2,1,0,0,1,0.00666667,300.0
10,1,0,0,1,0.03333333,33.33333333
1,1,0,0,1,0.0,10.0
24,1,0,0,1,0.08,13.04347826
1,1,0,0,1,0.0,10.0
12,1,0,0,1,0.04,27.27272727
5,1,0,0,1,0.01666667,75.0
8,1,0,0,1,0.02666667,42.85714286
1,1,0,0,1,0.0,10.0
1,1,0,0,1,0.0,10.0
4,1,0,0,1,0.01333333,100.0
17,1,0,0,1,0.05666667,18.75
21,1,0,0,1,0.07,15.0
3,1,0,0,1,0.01,150.0
3,1,0,0,1,0.01,150.0
1,1,0,0,1,0.0,10.0
1,1,0,0,1,0.0,10.0
20,1,0,0,1,0.06666667,15.78947368
2,1,0,0,1,0.00666667,300.0
1,1,0,0,1,0.0,10.0
224,1,0,0,1,0.74666667,1.34529148
1,1,0,0,1,0.0,10.0
111,1,0,0,1,0.37,2.72727273
1,1,0,0,1,0.0,10.0
21,1,0,0,1,0.07,15.0
1,1,0,0,1,0.0,10.0
1,1,0,0,1,0.0,10.0
7,1,0,0,1,0.02333333,50.0
1,1,0,0,1,0.0,10.0
7,1,0,0,1,0.02333333,50.0
3,1,0,0,1,0.01,150.0
1,1,0,0,1,0.0,10.0
5,1,0,0,1,0.01666667,75.0
17,1,0,0,1,0.05666667,18.75
6,1,0,0,1,0.02,60.0
10,1,0,0,1,0.03333333,33.33333333
2,1,0,0,1,0.00666667,300.0
1,1,0,0,1,0.0,10.0
13,1,0,0,1,0.04333333,25.0
1,1,0,0,1,0.0,10.0
294,1,0,0,1,0.98,1.02389078
108,1,0,0,1,0.36,2.80373832
1,1,0,0,1,0.0,10.0
16,1,0,0,1,0.05333333,20.0
1,1,0,0,1,0.0,10.0
13,1,0,0,1,0.04333333,25.0
191,1,0,0,1,0.63666667,1.57894737
8,1,0,0,1,0.02666667,42.85714286
5,1,0,0,1,0.01666667,75.0
1,1,0,0,1,0.0,10.0
2,1,0,0,1,0.00666667,300.0
189,1,0,0,1,0.63,1.59574468
173,1,0,0,1,0.57666667,1.74418605
10,1,0,0,1,0.03333333,33.33333333
4,1,0,0,1,0.01333333,100.0
11,1,0,0,1,0.03666667,30.0
2,1,0,0,1,0.00666667,300.0
10,1,0,0,1,0.03333333,33.33333333
3,1,0,0,1,0.01,150.0
23,1,0,0,1,0.07666667,13.63636364
1,1,0,0,1,0.0,10.0
1,1,0,0,1,0.0,10.0
2,1,0,0,1,0.00666667,300.0
1,1,0,0,1,0.0,10.0
2,1,0,0,1,0.00666667,300.0
1,1,0,0,1,0.0,10.0
10,1,0,0,1,0.03333333,33.33333333
195,1,0,0,1,0.65,1.54639175
8,1,0,0,1,0.02666667,42.85714286
3,1,0,0,1,0.01,150.0
1,1,0,0,1,0.0,10.0
26,1,0,0,1,0.08666667,12.0
12,1,0,0,1,0.04,27.27272727
4,1,0,0,1,0.01333333,100.0
36,1,0,0,1,0.12,8.57142857
144,1,0,0,1,0.48,2.0979021
2,1,0,0,1,0.00666667,300.0
1,1,0,0,1,0.0,10.0
14,1,0,0,1,0.04666667,23.07692308
19,1,0,0,1,0.06333333,16.66666667
3,1,0,0,1,0.01,150.0
5,1,0,0,1,0.01666667,75.0
2,1,0,0,1,0.00666667,300.0
7,1,0,0,1,0.02333333,50.0
11,1,0,0,1,0.03666667,30.0
3,1,0,0,1,0.01,150.0
8,1,0,0,1,0.02666667,42.85714286
1,1,0,0,1,0.0,10.0
31,1,0,0,1,0.10333333,10.0
6,1,0,0,1,0.02,60.0
1,1,0,0,1,0.0,10.0
3,1,0,0,1,0.01,150.0
5,1,0,0,1,0.01666667,75.0
1,1,0,0,1,0.0,10.0
18,1,0,0,1,0.06,17.64705882
12,1,0,0,1,0.04,27.27272727
17,1,0,0,1,0.05666667,18.75
5,1,0,0,1,0.01666667,75.0
1,1,0,0,1,0.0,10.0
5,1,0,0,1,0.01666667,75.0
6,1,0,0,1,0.02,60.0
35,1,0,0,1,0.11666667,8.82352941
5,1,0,0,1,0.01666667,75.0
13,1,0,0,1,0.04333333,25.0
5,1,0,0,1,0.01666667,75.0
1,1,0,0,1,0.0,10.0
1,1,0,0,1,0.0,10.0
34,1,0,0,1,0.11333333,9.09090909
3,1,0,0,1,0.01,150.0
3,1,0,0,1,0.01,150.0
1,1,0,0,1,0.0,10.0
363,1,0,0,1,1.21,0.82872928
229,1,0,0,1,0.76333333,1.31578947
19,1,0,0,1,0.06333333,16.66666667
4,1,0,0,1,0.01333333,100.0
2,1,0,0,1,0.00666667,300.0
243,1,0,0,1,0.81,1.23966942
137,1,0,0,1,0.45666667,2.20588235
14,1,0,0,1,0.04666667,23.07692308
3,1,0,0,1,0.01,150.0
4,1,0,0,1,0.01333333,100.0
1,1,0,0,1,0.0,10.0
5,1,0,0,1,0.01666667,75.0
2,1,0,0,1,0.00666667,300.0
22,1,0,0,1,0.07333333,14.28571429
76,1,0,0,1,0.25333333,4.0
17,1,0,0,1,0.05666667,18.75
7,1,0,0,1,0.02333333,50.0
1,1,0,0,1,0.0,10.0
1,1,0,0,1,0.0,10.0
9,1,0,0,1,0.03,37.5
3,1,0,0,1,0.01,150.0
11,1,0,0,1,0.03666667,30.0
8,1,0,0,1,0.02666667,42.85714286
4,1,0,0,1,0.01333333,100.0
19,1,0,0,1,0.06333333,16.66666667
2,1,0,0,1,0.00666667,300.0
123,1,0,0,1,0.41,2.45901639
226,1,0,0,1,0.75333333,1.33333333
10,1,0,0,1,0.03333333,33.33333333
1,1,0,0,1,0.0,10.0
3,1,0,0,1,0.01,150.0
20,1,0,0,1,0.06666667,15.78947368
241,1,0,0,1,0.80333333,1.25
286,1,0,0,1,0.95333333,1.05263158
8,1,0,0,1,0.02666667,42.85714286
1,1,0,0,1,0.0,10.0
2,1,0,0,1,0.00666667,300.0
5,1,0,0,1,0.01666667,75.0
8,1,0,0,1,0.02666667,42.85714286
2,1,0,0,1,0.00666667,300.0
129,1,0,0,1,0.43,2.34375
13,1,0,0,1,0.04333333,25.0
5,1,0,0,1,0.01666667,75.0
4,1,0,0,1,0.01333333,100.0
23,1,0,0,1,0.07666667,13.63636364
19,1,0,0,1,0.06333333,16.66666667
1,1,0,0,1,0.0,10.0
16,1,0,0,1,0.05333333,20.0
1,1,0,0,1,0.0,10.0
2,1,0,0,1,0.00666667,300.0
1,1,0,0,1,0.0,10.0
7,1,0,0,1,0.02333333,50.0
12,1,0,0,1,0.04,27.27272727
7,1,0,0,1,0.02333333,50.0
2,1,0,0,1,0.00666667,300.0
5,1,0,0,1,0.01666667,75.0
10,1,0,0,1,0.03333333,33.33333333
1,1,0,0,1,0.0,10.0
2,1,0,0,1,0.00666667,300.0
199,1,0,0,1,0.66333333,1.51515152
3,1,0,0,1,0.01,150.0
8,1,0,0,1,0.02666667,42.85714286
1,1,0,0,1,0.0,10.0
1,1,0,0,1,0.0,10.0
28,1,0,0,1,0.09333333,11.11111111
5,1,0,0,1,0.01666667,75.0
275,1,0,0,1,0.91666667,1.09489051
1,1,0,0,1,0.0,10.0
34,1,0,0,1,0.11333333,9.09090909
1,1,0,0,1,0.0,10.0
22,1,0,0,1,0.07333333,14.28571429
3,1,0,0,1,0.01,150.0
4,1,0,0,1,0.01333333,100.0
9,1,0,0,1,0.03,37.5
9,1,0,0,1,0.03,37.5
12,1,0,0,1,0.04,27.27272727
1,1,0,0,1,0.0,10.0
3,1,0,0,1,0.01,150.0
5,1,0,0,1,0.01666667,75.0
5,1,0,0,1,0.01666667,75.0
33,1,0,0,1,0.11,9.375
6,1,0,0,1,0.02,60.0
28,1,0,0,1,0.09333333,11.11111111
1,1,0,0,1,0.0,10.0
1,1,0,0,1,0.0,10.0
9,1,0,0,1,0.03,37.5
23,1,0,0,1,0.07666667,13.63636364
1,1,0,0,1,0.0,10.0
1,1,0,0,1,0.0,10.0
1,1,0,0,1,0.0,10.0
2,1,0,0,1,0.00666667,300.0
174,1,0,0,1,0.58,1.73410405
1,1,0,0,1,0.0,10.0
16,1,0,0,1,0.05333333,20.0
22,1,0,0,1,0.07333333,14.28571429
2,1,0,0,1,0.00666667,300.0
15,1,0,0,1,0.05,21.42857143
7,1,0,0,1,0.02333333,50.0
10,1,0,0,1,0.03333333,33.33333333
3,1,0,0,1,0.01,150.0
2,1,0,0,1,0.00666667,300.0
80,1,0,0,1,0.26666667,3.79746835
11,1,0,0,1,0.03666667,30.0
4,1,0,0,1,0.01333333,100.0
10,1,0,0,1,0.03333333,33.33333333
12,1,0,0,1,0.04,27.27272727
1,1,0,0,1,0.0,10.0
34,1,0,0,1,0.11333333,9.09090909
1,1,0,0,1,0.0,10.0
2,1,0,0,1,0.00666667,300.0
5,1,0,0,1,0.01666667,75.0
17,1,0,0,1,0.05666667,18.75
1,1,0,0,1,0.0,10.0
245,1,0,0,1,0.81666667,1.2295082
1,1,0,0,1,0.0,10.0
3,1,0,0,1,0.01,150.0
33,1,0,0,1,0.11,9.375
21,1,0,0,1,0.07,15.0
5,1,0,0,1,0.01666667,75.0
18,1,0,0,1,0.06,17.64705882
3,1,0,0,1,0.01,150.0
1,1,0,0,1,0.0,10.0
1,1,0,0,1,0.0,10.0
181,1,0,0,1,0.60333333,1.66666667
7,1,0,0,1,0.02333333,50.0
2,1,0,0,1,0.00666667,300.0
163,1,0,0,1,0.54333333,1.85185185
68,1,0,0,1,0.22666667,4.47761194
1,1,0,0,1,0.0,10.0
19,1,0,0,1,0.06333333,16.66666667
1,1,0,0,1,0.0,10.0
1,1,0,0,1,0.0,10.0
11,1,0,0,1,0.03666667,30.0
191,1,0,0,1,0.63666667,1.57894737
40,1,0,0,1,0.13333333,7.69230769
9,1,0,0,1,0.03,37.5
13,1,0,0,1,0.04333333,25.0
11,1,0,0,1,0.03666667,30.0
2,1,0,0,1,0.00666667,300.0
1,1,0,0,1,0.0,10.0
1,1,0,0,1,0.0,10.0
77,1,0,0,1,0.25666667,3.94736842
3,1,0,0,1,0.01,150.0
114,1,0,0,1,0.38,2.65486726
1,1,0,0,1,0.0,10.0
1,1,0,0,1,0.0,10.0
17,1,0,0,1,0.05666667,18.75
1,1,0,0,1,0.0,10.0
3,1,0,0,1,0.01,150.0
4,1,0,0,1,0.01333333,100.0
30,1,0,0,1,0.1,10.34482759
6,1,0,0,1,0.02,60.0
15,1,0,0,1,0.05,21.42857143
17,1,0,0,1,0.05666667,18.75
1,1,0,0,1,0.0,10.0
1,1,0,0,1,0.0,10.0
17,1,0,0,1,0.05666667,18.75
1,1,0,0,1,0.0,10.0
3,1,0,0,1,0.01,150.0
52,1,0,0,1,0.17333333,5.88235294
13,1,0,0,1,0.04333333,25.0
121,1,0,0,1,0.40333333,2.5
7,1,0,0,1,0.02333333,50.0
23,1,0,0,1,0.07666667,13.63636364
3,1,0,0,1,0.01,150.0
7,1,0,0,1,0.02333333,50.0
15,1,0,0,1,0.05,21.42857143
53,1,0,0,1,0.17666667,5.76923077
5,1,0,0,1,0.01666667,75.0
14,1,0,0,1,0.04666667,23.07692308
1,1,0,0,1,0.0,10.0
5,1,0,0,1,0.01666667,75.0
8,1,0,0,1,0.02666667,42.85714286
9,1,0,0,1,0.03,37.5
1,1,0,0,1,0.0,10.0
10,1,0,0,1,0.03333333,33.33333333
56,1,0,0,1,0.18666667,5.45454545
1,1,0,0,1,0.0,10.0
128,1,0,0,1,0.42666667,2.36220472
1,1,0,0,1,0.0,10.0
16,1,0,0,1,0.05333333,20.0
1,1,0,0,1,0.0,10.0
1,1,0,0,1,0.0,10.0
17,1,0,0,1,0.05666667,18.75
23,1,0,0,1,0.07666667,13.63636364
2,1,0,0,1,0.00666667,300.0
1,1,0,0,1,0.0,10.0
2,1,0,0,1,0.00666667,300.0
7,1,0,0,1,0.02333333,50.0
27,1,0,0,1,0.09,11.53846154
21,1,0,0,1,0.07,15.0
19,1,0,0,1,0.06333333,16.66666667
3,1,0,0,1,0.01,150.0
22,1,0,0,1,0.07333333,14.28571429
1,1,0,0,1,0.0,10.0
2,1,0,0,1,0.00666667,300.0
3,1,0,0,1,0.01,150.0
27,1,0,0,1,0.09,11.53846154
1,1,0,0,1,0.0,10.0
24,1,0,0,1,0.08,13.04347826
3,1,0,0,1,0.01,150.0
5,1,0,0,1,0.01666667,75.0
4,1,0,0,1,0.01333333,100.0
237,1,0,0,1,0.79,1.27118644
4,1,0,0,1,0.01333333,100.0
7,1,0,0,1,0.02333333,50.0
10,1,0,0,1,0.03333333,33.33333333
1,1,0,0,1,0.0,10.0
13,1,0,0,1,0.04333333,25.0
7,1,0,0,1,0.02333333,50.0
9,1,0,0,1,0.03,37.5
5,1,0,0,1,0.01666667,75.0
23,1,0,0,1,0.07666667,13.63636364
1,1,0,0,1,0.0,10.0
2,1,0,0,1,0.00666667,300.0
18,1,0,0,1,0.06,17.64705882
7,1,0,0,1,0.02333333,50.0
2,1,0,0,1,0.00666667,300.0
16,1,0,0,1,0.05333333,20.0
11,1,0,0,1,0.03666667,30.0
17,1,0,0,1,0.05666667,18.75
28,1,0,0,1,0.09333333,11.11111111
1,1,0,0,1,0.0,10.0
2,1,0,0,1,0.00666667,300.0
8,1,0,0,1,0.02666667,42.85714286
5,1,0,0,1,0.01666667,75.0
74,1,0,0,1,0.24666667,4.10958904
4,1,0,0,1,0.01333333,100.0
1,1,0,0,1,0.0,10.0
2,1,0,0,1,0.00666667,300.0
322,1,0,0,1,1.07333333,0.93457944
4,1,0,0,1,0.01333333,100.0
7,1,0,0,1,0.02333333,50.0
15,1,0,0,1,0.05,21.42857143
92,1,0,0,1,0.30666667,3.2967033
2,1,0,0,1,0.00666667,300.0
4,1,0,0,1,0.01333333,100.0
2,1,0,0,1,0.00666667,300.0
1,1,0,0,1,0.0,10.0
1,1,0,0,1,0.0,10.0
5,1,0,0,1,0.01666667,75.0
21,1,0,0,1,0.07,15.0
6,1,0,0,1,0.02,60.0
138,1,0,0,1,0.46,2.18978102
3,1,0,0,1,0.01,150.0
3,1,0,0,1,0.01,150.0
3,1,0,0,1,0.01,150.0
3,1,0,0,1,0.01,150.0
20,1,0,0,1,0.06666667,15.78947368
1,1,0,0,1,0.0,10.0
337,1,0,0,1,1.12333333,0.89285714
1,1,0,0,1,0.0,10.0
1,1,0,0,1,0.0,10.0
22,1,0,0,1,0.07333333,14.28571429
1,1,0,0,1,0.0,10.0
21,1,0,0,1,0.07,15.0
6,1,0,0,1,0.02,60.0
1,1,0,0,1,0.0,10.0
24,1,0,0,1,0.08,13.04347826
9,1,0,0,1,0.03,37.5
2,1,0,0,1,0.00666667,300.0
67,1,0,0,1,0.22333333,4.54545455
17,1,0,0,1,0.05666667,18.75
15,1,0,0,1,0.05,21.42857143
3,1,0,0,1,0.01,150.0
4,1,0,0,1,0.01333333,100.0
2,1,0,0,1,0.00666667,300.0
9,1,0,0,1,0.03,37.5
1,1,0,0,1,0.0,10.0
1,1,0,0,1,0.0,10.0
1,1,0,0,1,0.0,10.0
1,1,0,0,1,0.0,10.0
1,1,0,0,1,0.0,10.0
1,1,0,0,1,0.0,10.0
13,1,0,0,1,0.04333333,25.0
6,1,0,0,1,0.02,60.0
15,1,0,0,1,0.05,21.42857143
2,1,0,0,1,0.00666667,300.0
9,1,0,0,1,0.03,37.5
24,1,0,0,1,0.08,13.04347826
110,1,0,0,1,0.36666667,2.75229358
14,1,0,0,1,0.04666667,23.07692308
8,1,0,0,1,0.02666667,42.85714286
3,1,0,0,1,0.01,150.0
3,1,0,0,1,0.01,150.0
7,1,0,0,1,0.02333333,50.0
1,1,0,0,1,0.0,10.0
1,1,0,0,1,0.0,10.0
15,1,0,0,1,0.05,21.42857143
1,1,0,0,1,0.0,10.0
9,1,0,0,1,0.03,37.5
5,1,0,0,1,0.01666667,75.0
3,1,0,0,1,0.01,150.0
2,1,0,0,1,0.00666667,300.0
1,1,0,0,1,0.0,10.0
1,1,0,0,1,0.0,10.0
21,1,0,0,1,0.07,15.0
1,1,0,0,1,0.0,10.0
6,1,0,0,1,0.02,60.0
1,1,0,0,1,0.0,10.0
3,1,0,0,1,0.01,150.0
16,1,0,0,1,0.05333333,20.0
1,1,0,0,1,0.0,10.0
1,1,0,0,1,0.0,10.0
12,1,0,0,1,0.04,27.27272727
6,1,0,0,1,0.02,60.0
1,1,0,0,1,0.0,10.0
1,1,0,0,1,0.0,10.0
200,1,0,0,1,0.66666667,1.50753769
1,1,0,0,1,0.0,10.0
11,1,0,0,1,0.03666667,30.0
1,1,0,0,1,0.0,10.0
1,1,0,0,1,0.0,10.0
4,1,0,0,1,0.01333333,100.0
7,1,0,0,1,0.02333333,50.0
8,1,0,0,1,0.02666667,42.85714286
3,1,0,0,1,0.01,150.0
144,1,0,0,1,0.48,2.0979021
2,1,0,0,1,0.00666667,300.0
6,1,0,0,1,0.02,60.0
1,1,0,0,1,0.0,10.0
4,1,0,0,1,0.01333333,100.0
4,1,0,0,1,0.01333333,100.0
1,1,0,0,1,0.0,10.0
18,1,0,0,1,0.06,17.64705882
1,1,0,0,1,0.0,10.0
184,1,0,0,1,0.61333333,1.63934426
6,1,0,0,1,0.02,60.0
15,1,0,0,1,0.05,21.42857143
5,1,0,0,1,0.01666667,75.0
14,1,0,0,1,0.04666667,23.07692308
1,1,0,0,1,0.0,10.0
1,1,0,0,1,0.0,10.0
6,1,0,0,1,0.02,60.0
26,1,0,0,1,0.08666667,12.0
2,1,0,0,1,0.00666667,300.0
5,1,0,0,1,0.01666667,75.0
1,1,0,0,1,0.0,10.0
1,1,0,0,1,0.0,10.0
1,1,0,0,1,0.0,10.0
36,1,0,0,1,0.12,8.57142857
1,1,0,0,1,0.0,10.0
2,1,0,0,1,0.00666667,300.0
7,1,0,0,1,0.02333333,50.0
2,1,0,0,1,0.00666667,300.0
1,1,0,0,1,0.0,10.0
268,1,0,0,1,0.89333333,1.12359551
1,1,0,0,1,0.0,10.0
10,1,0,0,1,0.03333333,33.33333333
1,1,0,0,1,0.0,10.0
3,1,0,0,1,0.01,150.0
1,1,0,0,1,0.0,10.0
1,1,0,0,1,0.0,10.0
9,1,0,0,1,0.03,37.5
19,1,0,0,1,0.06333333,16.66666667
2,1,0,0,1,0.00666667,300.0
1,1,0,0,1,0.0,10.0
1,1,0,0,1,0.0,10.0
7,1,0,0,1,0.02333333,50.0
1,1,0,0,1,0.0,10.0
12,1,0,0,1,0.04,27.27272727
102,1,0,0,1,0.34,2.97029703
25,1,0,0,1,0.08333333,12.5
1,1,0,0,1,0.0,10.0
15,1,0,0,1,0.05,21.42857143
77,1,0,0,1,0.25666667,3.94736842
4,1,0,0,1,0.01333333,100.0
1,1,0,0,1,0.0,10.0
1,1,0,0,1,0.0,10.0
23,1,0,0,1,0.07666667,13.63636364
1,1,0,0,1,0.0,10.0
1,1,0,0,1,0.0,10.0
38,1,0,0,1,0.12666667,8.10810811
16,1,0,0,1,0.05333333,20.0
1,1,0,0,1,0.0,10.0
2,1,0,0,1,0.00666667,300.0
143,1,0,0,1,0.47666667,2.11267606
1,1,0,0,1,0.0,10.0
1,1,0,0,1,0.0,10.0
2,1,0,0,1,0.00666667,300.0
2,1,0,0,1,0.00666667,300.0
6,1,0,0,1,0.02,60.0
19,1,0,0,1,0.06333333,16.66666667
2,1,0,0,1,0.00666667,300.0
1,1,0,0,1,0.0,10.0
25,1,0,0,1,0.08333333,12.5
2,1,0,0,1,0.00666667,300.0
2,1,0,0,1,0.00666667,300.0
2,1,0,0,1,0.00666667,300.0
10,1,0,0,1,0.03333333,33.33333333
5,1,0,0,1,0.01666667,75.0
2,1,0,0,1,0.00666667,300.0
2,1,0,0,1,0.00666667,300.0
79,1,0,0,1,0.26333333,3.84615385
1,1,0,0,1,0.0,10.0
9,1,0,0,1,0.03,37.5
1,1,0,0,1,0.0,10.0
3,1,0,0,1,0.01,150.0
11,1,0,0,1,0.03666667,30.0
1,1,0,0,1,0.0,10.0
1,1,0,0,1,0.0,10.0
14,1,0,0,1,0.04666667,23.07692308
35,1,0,0,1,0.11666667,8.82352941
5,1,0,0,1,0.01666667,75.0
2,1,0,0,1,0.00666667,300.0
3,1,0,0,1,0.01,150.0
110,1,0,0,1,0.36666667,2.75229358
1,1,0,0,1,0.0,10.0
1,1,0,0,1,0.0,10.0
3,1,0,0,1,0.01,150.0
1,1,0,0,1,0.0,10.0
1,1,0,0,1,0.0,10.0
3,1,0,0,1,0.01,150.0
5,1,0,0,1,0.01666667,75.0
4,1,0,0,1,0.01333333,100.0
9,1,0,0,1,0.03,37.5
1,1,0,0,1,0.0,10.0
14,1,0,0,1,0.04666667,23.07692308
6,1,0,0,1,0.02,60.0
1,1,0,0,1,0.0,10.0
1,1,0,0,1,0.0,10.0
3,1,0,0,1,0.01,150.0
1,1,0,0,1,0.0,10.0
25,1,0,0,1,0.08333333,12.5
12,1,0,0,1,0.04,27.27272727
153,1,0,0,1,0.51,1.97368421
11,1,0,0,1,0.03666667,30.0
2,1,0,0,1,0.00666667,300.0
3,1,0,0,1,0.01,150.0
4,1,0,0,1,0.01333333,100.0
1,1,0,0,1,0.0,10.0
20,1,0,0,1,0.06666667,15.78947368
1,1,0,0,1,0.0,10.0
1,1,0,0,1,0.0,10.0
1,1,0,0,1,0.0,10.0
1,1,0,0,1,0.0,10.0
2,1,0,0,1,0.00666667,300.0
1,1,0,0,1,0.0,10.0
1,1,0,0,1,0.0,10.0
1,1,0,0,1,0.0,10.0
129,1,0,0,1,0.43,2.34375
1,1,0,0,1,0.0,10.0
1,1,0,0,1,0.0,10.0
14,1,0,0,1,0.04666667,23.07692308
3,1,0,0,1,0.01,150.0
1,1,0,0,1,0.0,10.0
73,1,0,0,1,0.24333333,4.16666667
7,1,0,0,1,0.02333333,50.0
2,1,0,0,1,0.00666667,300.0
2,1,0,0,1,0.00666667,300.0
32,1,0,0,1,0.10666667,9.67741935
76,1,0,0,1,0.25333333,4.0
33,1,0,0,1,0.11,9.375
1,1,0,0,1,0.0,10.0
8,1,0,0,1,0.02666667,42.85714286
123,1,0,0,1,0.41,2.45901639
1,1,0,0,1,0.0,10.0
187,1,0,0,1,0.62333333,1.61290323
8,1,0,0,1,0.02666667,42.85714286
14,1,0,0,1,0.04666667,23.07692308
1,1,0,0,1,0.0,10.0
66,1,0,0,1,0.22,4.61538462
2,1,0,0,1,0.00666667,300.0
8,1,0,0,1,0.02666667,42.85714286
3,1,0,0,1,0.01,150.0
16,1,0,0,1,0.05333333,20.0
18,1,0,0,1,0.06,17.64705882
1,1,0,0,1,0.0,10.0
15,1,0,0,1,0.05,21.42857143
4,1,0,0,1,0.01333333,100.0
1,1,0,0,1,0.0,10.0
2,1,0,0,1,0.00666667,300.0
12,1,0,0,1,0.04,27.27272727
32,1,0,0,1,0.10666667,9.67741935
76,1,0,0,1,0.25333333,4.0
1,1,0,0,1,0.0,10.0
1,1,0,0,1,0.0,10.0
2,1,0,0,1,0.00666667,300.0
1,1,0,0,1,0.0,10.0
5,1,0,0,1,0.01666667,75.0
1,1,0,0,1,0.0,10.0
1,1,0,0,1,0.0,10.0
254,1,0,0,1,0.84666667,1.18577075
37,1,0,0,1,0.12333333,8.33333333
7,1,0,0,1,0.02333333,50.0
1,1,0,0,1,0.0,10.0
161,1,0,0,1,0.53666667,1.875
2,1,0,0,1,0.00666667,300.0
19,1,0,0,1,0.06333333,16.66666667
33,1,0,0,1,0.11,9.375
17,1,0,0,1,0.05666667,18.75
8,1,0,0,1,0.02666667,42.85714286
1,1,0,0,1,0.0,10.0
150,1,0,0,1,0.5,2.01342282
1,1,0,0,1,0.0,10.0
1,1,0,0,1,0.0,10.0
68,1,0,0,1,0.22666667,4.47761194
3,1,0,0,1,0.01,150.0
14,1,0,0,1,0.04666667,23.07692308
1,1,0,0,1,0.0,10.0
2,1,0,0,1,0.00666667,300.0
17,1,0,0,1,0.05666667,18.75
11,1,0,0,1,0.03666667,30.0
1,1,0,0,1,0.0,10.0
1,1,0,0,1,0.0,10.0
2,1,0,0,1,0.00666667,300.0
12,1,0,0,1,0.04,27.27272727
24,1,0,0,1,0.08,13.04347826
12,1,0,0,1,0.04,27.27272727
2,1,0,0,1,0.00666667,300.0
8,1,0,0,1,0.02666667,42.85714286
3,1,0,0,1,0.01,150.0
11,1,0,0,1,0.03666667,30.0
1,1,0,0,1,0.0,10.0
13,1,0,0,1,0.04333333,25.0
2,1,0,0,1,0.00666667,300.0
18,1,0,0,1,0.06,17.64705882
1,1,0,0,1,0.0,10.0
30,1,0,0,1,0.1,10.34482759
1,1,0,0,1,0.0,10.0
5,1,0,0,1,0.01666667,75.0
40,1,0,0,1,0.13333333,7.69230769
7,1,0,0,1,0.02333333,50.0
15,1,0,0,1,0.05,21.42857143
7,1,0,0,1,0.02333333,50.0
1,1,0,0,1,0.0,10.0
1,1,0,0,1,0.0,10.0
2,1,0,0,1,0.00666667,300.0
1,1,0,0,1,0.0,10.0
12,1,0,0,1,0.04,27.27272727
11,1,0,0,1,0.03666667,30.0
1,1,0,0,1,0.0,10.0
1,1,0,0,1,0.0,10.0
1,1,0,0,1,0.0,10.0
3,1,0,0,1,0.01,150.0
5,1,0,0,1,0.01666667,75.0
1,1,0,0,1,0.0,10.0
1,1,0,0,1,0.0,10.0
76,1,0,0,1,0.25333333,4.0
3,1,0,0,1,0.01,150.0
77,1,0,0,1,0.25666667,3.94736842
16,1,0,0,1,0.05333333,20.0
1,1,0,0,1,0.0,10.0
1,1,0,0,1,0.0,10.0
1,1,0,0,1,0.0,10.0
25,1,0,0,1,0.08333333,12.5
19,1,0,0,1,0.06333333,16.66666667
1,1,0,0,1,0.0,10.0
9,1,0,0,1,0.03,37.5
12,1,0,0,1,0.04,27.27272727
1,1,0,0,1,0.0,10.0
38,1,0,0,1,0.12666667,8.10810811
1,1,0,0,1,0.0,10.0
281,1,0,0,1,0.93666667,1.07142857
2,1,0,0,1,0.00666667,300.0
7,1,0,0,1,0.02333333,50.0
1,1,0,0,1,0.0,10.0
1,1,0,0,1,0.0,10.0
2,1,0,0,1,0.00666667,300.0
1,1,0,0,1,0.0,10.0
1,1,0,0,1,0.0,10.0
1,1,0,0,1,0.0,10.0
1,1,0,0,1,0.0,10.0
138,1,0,0,1,0.46,2.18978102
2,1,0,0,1,0.00666667,300.0
2,1,0,0,1,0.00666667,300.0
12,1,0,0,1,0.04,27.27272727
1,1,0,0,1,0.0,10.0
38,1,0,0,1,0.12666667,8.10810811
5,1,0,0,1,0.01666667,75.0
16,1,0,0,1,0.05333333,20.0
1,1,0,0,1,0.0,10.0
14,1,0,0,1,0.04666667,23.07692308
5,1,0,0,1,0.01666667,75.0
5,1,0,0,1,0.01666667,75.0
1,1,0,0,1,0.0,10.0
9,1,0,0,1,0.03,37.5
5,1,0,0,1,0.01666667,75.0
6,1,0,0,1,0.02,60.0
3,1,0,0,1,0.01,150.0
23,1,0,0,1,0.07666667,13.63636364
31,1,0,0,1,0.10333333,10.0
7,1,0,0,1,0.02333333,50.0
1,1,0,0,1,0.0,10.0
168,1,0,0,1,0.56,1.79640719
13,1,0,0,1,0.04333333,25.0
1,1,0,0,1,0.0,10.0
1,1,0,0,1,0.0,10.0
79,1,0,0,1,0.26333333,3.84615385
7,1,0,0,1,0.02333333,50.0
6,1,0,0,1,0.02,60.0
1,1,0,0,1,0.0,10.0
14,1,0,0,1,0.04666667,23.07692308
1,1,0,0,1,0.0,10.0
2,1,0,0,1,0.00666667,300.0
7,1,0,0,1,0.02333333,50.0
7,1,0,0,1,0.02333333,50.0
1,1,0,0,1,0.0,10.0
1,1,0,0,1,0.0,10.0
1,1,0,0,1,0.0,10.0
1,1,0,0,1,0.0,10.0
10,1,0,0,1,0.03333333,33.33333333
2,1,0,0,1,0.00666667,300.0
2,1,0,0,1,0.00666667,300.0
9,1,0,0,1,0.03,37.5
2,1,0,0,1,0.00666667,300.0
6,1,0,0,1,0.02,60.0
1,1,0,0,1,0.0,10.0
2,1,0,0,1,0.00666667,300.0
5,1,0,0,1,0.01666667,75.0
2,1,0,0,1,0.00666667,300.0
3,1,0,0,1,0.01,150.0
1,1,0,0,1,0.0,10.0
11,1,0,0,1,0.03666667,30.0
2,1,0,0,1,0.00666667,300.0
2,1,0,0,1,0.00666667,300.0
2,1,0,0,1,0.00666667,300.0
19,1,0,0,1,0.06333333,16.66666667
8,1,0,0,1,0.02666667,42.85714286
259,1,0,0,1,0.86333333,1.1627907
1,1,0,0,1,0.0,10.0
1,1,0,0,1,0.0,10.0
1,1,0,0,1,0.0,10.0
69,1,0,0,1,0.23,4.41176471
75,1,0,0,1,0.25,4.05405405
13,1,0,0,1,0.04333333,25.0
4,1,0,0,1,0.01333333,100.0
39,1,0,0,1,0.13,7.89473684
1,1,0,0,1,0.0,10.0
15,1,0,0,1,0.05,21.42857143
1,1,0,0,1,0.0,10.0
9,1,0,0,1,0.03,37.5
14,1,0,0,1,0.04666667,23.07692308
13,1,0,0,1,0.04333333,25.0
23,1,0,0,1,0.07666667,13.63636364
16,1,0,0,1,0.05333333,20.0
25,1,0,0,1,0.08333333,12.5
22,1,0,0,1,0.07333333,14.28571429
7,1,0,0,1,0.02333333,50.0
112,1,0,0,1,0.37333333,2.7027027
2,1,0,0,1,0.00666667,300.0
81,1,0,0,1,0.27,3.75
17,1,0,0,1,0.05666667,18.75
8,1,0,0,1,0.02666667,42.85714286
4,1,0,0,1,0.01333333,100.0
22,1,0,0,1,0.07333333,14.28571429
17,1,0,0,1,0.05666667,18.75
3,1,0,0,1,0.01,150.0
3,1,0,0,1,0.01,150.0
18,1,0,0,1,0.06,17.64705882
1,1,0,0,1,0.0,10.0
1,1,0,0,1,0.0,10.0
2,1,0,0,1,0.00666667,300.0
2,1,0,0,1,0.00666667,300.0
6,1,0,0,1,0.02,60.0
286,1,0,0,1,0.95333333,1.05263158
1,1,0,0,1,0.0,10.0
1,1,0,0,1,0.0,10.0
8,1,0,0,1,0.02666667,42.85714286
6,1,0,0,1,0.02,60.0
12,1,0,0,1,0.04,27.27272727
2,1,0,0,1,0.00666667,300.0
4,1,0,0,1,0.01333333,100.0
1,1,0,0,1,0.0,10.0
312,1,0,0,1,1.04,0.96463023
1,1,0,0,1,0.0,10.0
2,1,0,0,1,0.00666667,300.0
2,1,0,0,1,0.00666667,300.0
8,1,0,0,1,0.02666667,42.85714286
71,1,0,0,1,0.23666667,4.28571429
1,1,0,0,1,0.0,10.0
158,1,0,0,1,0.52666667,1.91082803
11,1,0,0,1,0.03666667,30.0
1,1,0,0,1,0.0,10.0
12,1,0,0,1,0.04,27.27272727
93,1,0,0,1,0.31,3.26086957
2,1,0,0,1,0.00666667,300.0
16,1,0,0,1,0.05333333,20.0
1,1,0,0,1,0.0,10.0
1,1,0,0,1,0.0,10.0
2,1,0,0,1,0.00666667,300.0
1,1,0,0,1,0.0,10.0
5,1,0,0,1,0.01666667,75.0
23,1,0,0,1,0.07666667,13.63636364
7,1,0,0,1,0.02333333,50.0
148,1,0,0,1,0.49333333,2.04081633
325,1,0,0,1,1.08333333,0.92592593
3,1,0,0,1,0.01,150.0
51,1,0,0,1,0.17,6.0
4,1,0,0,1,0.01333333,100.0
30,1,0,0,1,0.1,10.34482759
2,1,0,0,1,0.00666667,300.0
153,1,0,0,1,0.51,1.97368421
2,1,0,0,1,0.00666667,300.0
1,1,0,0,1,0.0,10.0
1,1,0,0,1,0.0,10.0
118,1,0,0,1,0.39333333,2.56410256
7,1,0,0,1,0.02333333,50.0
307,1,0,0,1,1.02333333,0.98039216
13,1,0,0,1,0.04333333,25.0
4,1,0,0,1,0.01333333,100.0
1,1,0,0,1,0.0,10.0
3,1,0,0,1,0.01,150.0
69,1,0,0,1,0.23,4.41176471
195,1,0,0,1,0.65,1.54639175
13,1,0,0,1,0.04333333,25.0
106,1,0,0,1,0.35333333,2.85714286
10,1,0,0,1,0.03333333,33.33333333
25,1,0,0,1,0.08333333,12.5
1,1,0,0,1,0.0,10.0
12,1,0,0,1,0.04,27.27272727
5,1,0,0,1,0.01666667,75.0
4,1,0,0,1,0.01333333,100.0
1,1,0,0,1,0.0,10.0
3,1,0,0,1,0.01,150.0
2,1,0,0,1,0.00666667,300.0
3,1,0,0,1,0.01,150.0
4,1,0,0,1,0.01333333,100.0
14,1,0,0,1,0.04666667,23.07692308
2,1,0,0,1,0.00666667,300.0
9,1,0,0,1,0.03,37.5
2,1,0,0,1,0.00666667,300.0
20,1,0,0,1,0.06666667,15.78947368
4,1,0,0,1,0.01333333,100.0
4,1,0,0,1,0.01333333,100.0
35,1,0,0,1,0.11666667,8.82352941
25,1,0,0,1,0.08333333,12.5
6,1,0,0,1,0.02,60.0
6,1,0,0,1,0.02,60.0
1,1,0,0,1,0.0,10.0
1,1,0,0,1,0.0,10.0
2,1,0,0,1,0.00666667,300.0
1,1,0,0,1,0.0,10.0
7,1,0,0,1,0.02333333,50.0
10,1,0,0,1,0.03333333,33.33333333
8,1,0,0,1,0.02666667,42.85714286
4,1,0,0,1,0.01333333,100.0
1,1,0,0,1,0.0,10.0
8,1,0,0,1,0.02666667,42.85714286
1,1,0,0,1,0.0,10.0
201,1,0,0,1,0.67,1.5
1,1,0,0,1,0.0,10.0
9,1,0,0,1,0.03,37.5
4,1,0,0,1,0.01333333,100.0
2,1,0,0,1,0.00666667,300.0
11,1,0,0,1,0.03666667,30.0
1,1,0,0,1,0.0,10.0
25,1,0,0,1,0.08333333,12.5
10,1,0,0,1,0.03333333,33.33333333
8,1,0,0,1,0.02666667,42.85714286
1,1,0,0,1,0.0,10.0
1,1,0,0,1,0.0,10.0
1,1,0,0,1,0.0,10.0
75,1,0,0,1,0.25,4.05405405
23,1,0,0,1,0.07666667,13.63636364
22,1,0,0,1,0.07333333,14.28571429
20,1,0,0,1,0.06666667,15.78947368
293,1,0,0,1,0.97666667,1.02739726
1,1,0,0,1,0.0,10.0
2,1,0,0,1,0.00666667,300.0
15,1,0,0,1,0.05,21.42857143
6,1,0,0,1,0.02,60.0
18,1,0,0,1,0.06,17.64705882
7,1,0,0,1,0.02333333,50.0
1,1,0,0,1,0.0,10.0
1,1,0,0,1,0.0,10.0
12,1,0,0,1,0.04,27.27272727
9,1,0,0,1,0.03,37.5
2,1,0,0,1,0.00666667,300.0
1,1,0,0,1,0.0,10.0
1,1,0,0,1,0.0,10.0
3,1,0,0,1,0.01,150.0
7,1,0,0,1,0.02333333,50.0
2,1,0,0,1,0.00666667,300.0
1,1,0,0,1,0.0,10.0
6,1,0,0,1,0.02,60.0
23,1,0,0,1,0.07666667,13.63636364
8,1,0,0,1,0.02666667,42.85714286
15,1,0,0,1,0.05,21.42857143
1,1,0,0,1,0.0,10.0
4,1,0,0,1,0.01333333,100.0
14,1,0,0,1,0.04666667,23.07692308
1,1,0,0,1,0.0,10.0
1,1,0,0,1,0.0,10.0
4,1,0,0,1,0.01333333,100.0
5,1,0,0,1,0.01666667,75.0
36,1,0,0,1,0.12,8.57142857
2,1,0,0,1,0.00666667,300.0
22,1,0,0,1,0.07333333,14.28571429
1,1,0,0,1,0.0,10.0
1,1,0,0,1,0.0,10.0
1,1,0,0,1,0.0,10.0
153,1,0,0,1,0.51,1.97368421
85,1,0,0,1,0.28333333,3.57142857
1,1,0,0,1,0.0,10.0
1,1,0,0,1,0.0,10.0
3,1,0,0,1,0.01,150.0
270,1,0,0,1,0.9,1.11524164
14,1,0,0,1,0.04666667,23.07692308
1,1,0,0,1,0.0,10.0
1,1,0,0,1,0.0,10.0
13,1,0,0,1,0.04333333,25.0
10,1,0,0,1,0.03333333,33.33333333
1,1,0,0,1,0.0,10.0
2,1,0,0,1,0.00666667,300.0
1,1,0,0,1,0.0,10.0
7,1,0,0,1,0.02333333,50.0
1,1,0,0,1,0.0,10.0
1,1,0,0,1,0.0,10.0
19,1,0,0,1,0.06333333,16.66666667
1,1,0,0,1,0.0,10.0
7,1,0,0,1,0.02333333,50.0
14,1,0,0,1,0.04666667,23.07692308
12,1,0,0,1,0.04,27.27272727
17,1,0,0,1,0.05666667,18.75
1,1,0,0,1,0.0,10.0
12,1,0,0,1,0.04,27.27272727
3,1,0,0,1,0.01,150.0
291,1,0,0,1,0.97,1.03448276
14,1,0,0,1,0.04666667,23.07692308
6,1,0,0,1,0.02,60.0
221,1,0,0,1,0.73666667,1.36363636
16,1,0,0,1,0.05333333,20.0
7,1,0,0,1,0.02333333,50.0
14,1,0,0,1,0.04666667,23.07692308
14,1,0,0,1,0.04666667,23.07692308
105,1,0,0,1,0.35,2.88461538
1,1,0,0,1,0.0,10.0
17,1,0,0,1,0.05666667,18.75
1,1,0,0,1,0.0,10.0
190,1,0,0,1,0.63333333,1.58730159
36,1,0,0,1,0.12,8.57142857
3,1,0,0,1,0.01,150.0
8,1,0,0,1,0.02666667,42.85714286
25,1,0,0,1,0.08333333,12.5
27,1,0,0,1,0.09,11.53846154
217,1,0,0,1,0.72333333,1.38888889
39,1,0,0,1,0.13,7.89473684
1,1,0,0,1,0.0,10.0
8,1,0,0,1,0.02666667,42.85714286
5,1,0,0,1,0.01666667,75.0
7,1,0,0,1,0.02333333,50.0
141,1,0,0,1,0.47,2.14285714
5,1,0,0,1,0.01666667,75.0
36,1,0,0,1,0.12,8.57142857
1,1,0,0,1,0.0,10.0
1,1,0,0,1,0.0,10.0
6,1,0,0,1,0.02,60.0
2,1,0,0,1,0.00666667,300.0
1,1,0,0,1,0.0,10.0
31,1,0,0,1,0.10333333,10.0
2,1,0,0,1,0.00666667,300.0
2,1,0,0,1,0.00666667,300.0
5,1,0,0,1,0.01666667,75.0
2,1,0,0,1,0.00666667,300.0
4,1,0,0,1,0.01333333,100.0
5,1,0,0,1,0.01666667,75.0
1,1,0,0,1,0.0,10.0
14,1,0,0,1,0.04666667,23.07692308
272,1,0,0,1,0.90666667,1.10701107
7,1,0,0,1,0.02333333,50.0
71,1,0,0,1,0.23666667,4.28571429
1,1,0,0,1,0.0,10.0
1,1,0,0,1,0.0,10.0
1,1,0,0,1,0.0,10.0
2,1,0,0,1,0.00666667,300.0
13,1,0,0,1,0.04333333,25.0
2,1,0,0,1,0.00666667,300.0
1,1,0,0,1,0.0,10.0
13,1,0,0,1,0.04333333,25.0
1,1,0,0,1,0.0,10.0
1,1,0,0,1,0.0,10.0
1,1,0,0,1,0.0,10.0
16,1,0,0,1,0.05333333,20.0
17,1,0,0,1,0.05666667,18.75
2,1,0,0,1,0.00666667,300.0
173,1,0,0,1,0.57666667,1.74418605
16,1,0,0,1,0.05333333,20.0
31,1,0,0,1,0.10333333,10.0
2,1,0,0,1,0.00666667,300.0
1,1,0,0,1,0.0,10.0
2,1,0,0,1,0.00666667,300.0
8,1,0,0,1,0.02666667,42.85714286
1,1,0,0,1,0.0,10.0
4,1,0,0,1,0.01333333,100.0
1,1,0,0,1,0.0,10.0
3,1,0,0,1,0.01,150.0
28,1,0,0,1,0.09333333,11.11111111
2,1,0,0,1,0.00666667,300.0
3,1,0,0,1,0.01,150.0
1,1,0,0,1,0.0,10.0
2,1,0,0,1,0.00666667,300.0
17,1,0,0,1,0.05666667,18.75
1,1,0,0,1,0.0,10.0
1,1,0,0,1,0.0,10.0
50,1,0,0,1,0.16666667,6.12244898
66,1,0,0,1,0.22,4.61538462
14,1,0,0,1,0.04666667,23.07692308
9,1,0,0,1,0.03,37.5
3,1,0,0,1,0.01,150.0
1,1,0,0,1,0.0,10.0
12,1,0,0,1,0.04,27.27272727
9,1,0,0,1,0.03,37.5
250,1,0,0,1,0.83333333,1.20481928
2,1,0,0,1,0.00666667,300.0
42,1,0,0,1,0.14,7.31707317
7,1,0,0,1,0.02333333,50.0
1,1,0,0,1,0.0,10.0
1,1,0,0,1,0.0,10.0
96,1,0,0,1,0.32,3.15789474
1,1,0,0,1,0.0,10.0
9,1,0,0,1,0.03,37.5
402,1,0,0,1,1.34,0.74812968
1,1,0,0,1,0.0,10.0
23,1,0,0,1,0.07666667,13.63636364
8,1,0,0,1,0.02666667,42.85714286
2,1,0,0,1,0.00666667,300.0
139,1,0,0,1,0.46333333,2.17391304
119,1,0,0,1,0.39666667,2.54237288
1,1,0,0,1,0.0,10.0
1,1,0,0,1,0.0,10.0
11,1,0,0,1,0.03666667,30.0
2,1,0,0,1,0.00666667,300.0
11,1,0,0,1,0.03666667,30.0
1,1,0,0,1,0.0,10.0
18,1,0,0,1,0.06,17.64705882
3,1,0,0,1,0.01,150.0
113,1,0,0,1,0.37666667,2.67857143
17,1,0,0,1,0.05666667,18.75
1,1,0,0,1,0.0,10.0
1,1,0,0,1,0.0,10.0
6,1,0,0,1,0.02,60.0
16,1,0,0,1,0.05333333,20.0
1,1,0,0,1,0.0,10.0
1,1,0,0,1,0.0,10.0
1,1,0,0,1,0.0,10.0
26,1,0,0,1,0.08666667,12.0
1,1,0,0,1,0.0,10.0
1,1,0,0,1,0.0,10.0
4,1,0,0,1,0.01333333,100.0
5,1,0,0,1,0.01666667,75.0
18,1,0,0,1,0.06,17.64705882
4,1,0,0,1,0.01333333,100.0
1,1,0,0,1,0.0,10.0
4,1,0,0,1,0.01333333,100.0
3,1,0,0,1,0.01,150.0
8,1,0,0,1,0.02666667,42.85714286
4,1,0,0,1,0.01333333,100.0
1,1,0,0,1,0.0,10.0
6,1,0,0,1,0.02,60.0
20,1,0,0,1,0.06666667,15.78947368
2,1,0,0,1,0.00666667,300.0
1,1,0,0,1,0.0,10.0
10,1,0,0,1,0.03333333,33.33333333
3,1,0,0,1,0.01,150.0
6,1,0,0,1,0.02,60.0
54,1,0,0,1,0.18,5.66037736
2,1,0,0,1,0.00666667,300.0
1,1,0,0,1,0.0,10.0
1,1,0,0,1,0.0,10.0
8,1,0,0,1,0.02666667,42.85714286
21,1,0,0,1,0.07,15.0
3,1,0,0,1,0.01,150.0
1,1,0,0,1,0.0,10.0
16,1,0,0,1,0.05333333,20.0
8,1,0,0,1,0.02666667,42.85714286
1,1,0,0,1,0.0,10.0
5,1,0,0,1,0.01666667,75.0
4,1,0,0,1,0.01333333,100.0
1,1,0,0,1,0.0,10.0
1,1,0,0,1,0.0,10.0
1,1,0,0,1,0.0,10.0
1,1,0,0,1,0.0,10.0
14,1,0,0,1,0.04666667,23.07692308
40,1,0,0,1,0.13333333,7.69230769
1,1,0,0,1,0.0,10.0
1,1,0,0,1,0.0,10.0
5,1,0,0,1,0.01666667,75.0
2,1,0,0,1,0.00666667,300.0
1,1,0,0,1,0.0,10.0
117,1,0,0,1,0.39,2.5862069
10,1,0,0,1,0.03333333,33.33333333
1,1,0,0,1,0.0,10.0
1,1,0,0,1,0.0,10.0
4,1,0,0,1,0.01333333,100.0
2,1,0,0,1,0.00666667,300.0
6,1,0,0,1,0.02,60.0
1,1,0,0,1,0.0,10.0
3,1,0,0,1,0.01,150.0
3,1,0,0,1,0.01,150.0
42,1,0,0,1,0.14,7.31707317
1,1,0,0,1,0.0,10.0
22,1,0,0,1,0.07333333,14.28571429
1,1,0,0,1,0.0,10.0
2,1,0,0,1,0.00666667,300.0
2,1,0,0,1,0.00666667,300.0
3,1,0,0,1,0.01,150.0
1,1,0,0,1,0.0,10.0
4,1,0,0,1,0.01333333,100.0
28,1,0,0,1,0.09333333,11.11111111
3,1,0,0,1,0.01,150.0
1,1,0,0,1,0.0,10.0
16,1,0,0,1,0.05333333,20.0
2,1,0,0,1,0.00666667,300.0
2,1,0,0,1,0.00666667,300.0
5,1,0,0,1,0.01666667,75.0
1,1,0,0,1,0.0,10.0
51,1,0,0,1,0.17,6.0
4,1,0,0,1,0.01333333,100.0
1,1,0,0,1,0.0,10.0
2,1,0,0,1,0.00666667,300.0
1,1,0,0,1,0.0,10.0
38,1,0,0,1,0.12666667,8.10810811
89,1,0,0,1,0.29666667,3.40909091
5,1,0,0,1,0.01666667,75.0
2,1,0,0,1,0.00666667,300.0
37,1,0,0,1,0.12333333,8.33333333
2,1,0,0,1,0.00666667,300.0
1,1,0,0,1,0.0,10.0
36,1,0,0,1,0.12,8.57142857
96,1,0,0,1,0.32,3.15789474
193,1,0,0,1,0.64333333,1.5625
1,1,0,0,1,0.0,10.0
181,1,0,0,1,0.60333333,1.66666667
5,1,0,0,1,0.01666667,75.0
6,1,0,0,1,0.02,60.0
5,1,0,0,1,0.01666667,75.0
11,1,0,0,1,0.03666667,30.0
3,1,0,0,1,0.01,150.0
2,1,0,0,1,0.00666667,300.0
5,1,0,0,1,0.01666667,75.0
6,1,0,0,1,0.02,60.0
2,1,0,0,1,0.00666667,300.0
1,1,0,0,1,0.0,10.0
3,1,0,0,1,0.01,150.0
2,1,0,0,1,0.00666667,300.0
26,1,0,0,1,0.08666667,12.0
2,1,0,0,1,0.00666667,300.0
13,1,0,0,1,0.04333333,25.0
24,1,0,0,1,0.08,13.04347826
13,1,0,0,1,0.04333333,25.0
98,1,0,0,1,0.32666667,3.09278351
39,1,0,0,1,0.13,7.89473684
1,1,0,0,1,0.0,10.0
1,1,0,0,1,0.0,10.0
12,1,0,0,1,0.04,27.27272727
10,1,0,0,1,0.03333333,33.33333333
5,1,0,0,1,0.01666667,75.0
1,1,0,0,1,0.0,10.0
3,1,0,0,1,0.01,150.0
1,1,0,0,1,0.0,10.0
22,1,0,0,1,0.07333333,14.28571429
10,1,0,0,1,0.03333333,33.33333333
17,1,0,0,1,0.05666667,18.75
6,1,0,0,1,0.02,60.0
1,1,0,0,1,0.0,10.0
6,1,0,0,1,0.02,60.0
18,1,0,0,1,0.06,17.64705882
1,1,0,0,1,0.0,10.0
1,1,0,0,1,0.0,10.0
185,1,0,0,1,0.61666667,1.63043478
10,1,0,0,1,0.03333333,33.33333333
13,1,0,0,1,0.04333333,25.0
2,1,0,0,1,0.00666667,300.0
17,1,0,0,1,0.05666667,18.75
2,1,0,0,1,0.00666667,300.0
10,1,0,0,1,0.03333333,33.33333333
1,1,0,0,1,0.0,10.0
13,1,0,0,1,0.04333333,25.0
15,1,0,0,1,0.05,21.42857143
5,1,0,0,1,0.01666667,75.0
5,1,0,0,1,0.01666667,75.0
1,1,0,0,1,0.0,10.0
32,1,0,0,1,0.10666667,9.67741935
16,1,0,0,1,0.05333333,20.0
8,1,0,0,1,0.02666667,42.85714286
3,1,0,0,1,0.01,150.0
74,1,0,0,1,0.24666667,4.10958904
10,1,0,0,1,0.03333333,33.33333333
7,1,0,0,1,0.02333333,50.0
78,1,0,0,1,0.26,3.8961039
256,1,0,0,1,0.85333333,1.17647059
144,1,0,0,1,0.48,2.0979021
8,1,0,0,1,0.02666667,42.85714286
1,1,0,0,1,0.0,10.0
3,1,0,0,1,0.01,150.0
7,1,0,0,1,0.02333333,50.0
1,1,0,0,1,0.0,10.0
2,1,0,0,1,0.00666667,300.0
22,1,0,0,1,0.07333333,14.28571429
2,1,0,0,1,0.00666667,300.0
12,1,0,0,1,0.04,27.27272727
23,1,0,0,1,0.07666667,13.63636364
1,1,0,0,1,0.0,10.0
15,1,0,0,1,0.05,21.42857143
9,1,0,0,1,0.03,37.5
2,1,0,0,1,0.00666667,300.0
26,1,0,0,1,0.08666667,12.0
183,1,0,0,1,0.61,1.64835165
2,1,0,0,1,0.00666667,300.0
1,1,0,0,1,0.0,10.0
1,1,0,0,1,0.0,10.0
1,1,0,0,1,0.0,10.0
12,1,0,0,1,0.04,27.27272727
12,1,0,0,1,0.04,27.27272727
1,1,0,0,1,0.0,10.0
19,1,0,0,1,0.06333333,16.66666667
112,1,0,0,1,0.37333333,2.7027027
6,1,0,0,1,0.02,60.0
5,1,0,0,1,0.01666667,75.0
6,1,0,0,1,0.02,60.0
5,1,0,0,1,0.01666667,75.0
1,1,0,0,1,0.0,10.0
152,1,0,0,1,0.50666667,1.98675497
1,1,0,0,1,0.0,10.0
1,1,0,0,1,0.0,10.0
15,1,0,0,1,0.05,21.42857143
1,1,0,0,1,0.0,10.0
16,1,0,0,1,0.05333333,20.0
3,1,0,0,1,0.01,150.0
159,1,0,0,1,0.53,1.89873418
1,1,0,0,1,0.0,10.0
5,1,0,0,1,0.01666667,75.0
19,1,0,0,1,0.06333333,16.66666667
7,1,0,0,1,0.02333333,50.0
11,1,0,0,1,0.03666667,30.0
1,1,0,0,1,0.0,10.0
153,1,0,0,1,0.51,1.97368421
9,1,0,0,1,0.03,37.5
2,1,0,0,1,0.00666667,300.0
17,1,0,0,1,0.05666667,18.75
138,1,0,0,1,0.46,2.18978102
3,1,0,0,1,0.01,150.0
6,1,0,0,1,0.02,60.0
1,1,0,0,1,0.0,10.0
1,1,0,0,1,0.0,10.0
1,1,0,0,1,0.0,10.0
1,1,0,0,1,0.0,10.0
2,1,0,0,1,0.00666667,300.0
2,1,0,0,1,0.00666667,300.0
12,1,0,0,1,0.04,27.27272727
5,1,0,0,1,0.01666667,75.0
23,1,0,0,1,0.07666667,13.63636364
18,1,0,0,1,0.06,17.64705882
1,1,0,0,1,0.0,10.0
1,1,0,0,1,0.0,10.0
9,1,0,0,1,0.03,37.5
3,1,0,0,1,0.01,150.0
23,1,0,0,1,0.07666667,13.63636364
7,1,0,0,1,0.02333333,50.0
7,1,0,0,1,0.02333333,50.0
1,1,0,0,1,0.0,10.0
1,1,0,0,1,0.0,10.0
1,1,0,0,1,0.0,10.0
1,1,0,0,1,0.0,10.0
3,1,0,0,1,0.01,150.0
7,1,0,0,1,0.02333333,50.0
1,1,0,0,1,0.0,10.0
1,1,0,0,1,0.0,10.0
3,1,0,0,1,0.01,150.0
1,1,0,0,1,0.0,10.0
6,1,0,0,1,0.02,60.0
10,1,0,0,1,0.03333333,33.33333333
5,1,0,0,1,0.01666667,75.0
1,1,0,0,1,0.0,10.0
10,1,0,0,1,0.03333333,33.33333333
30,1,0,0,1,0.1,10.34482759
11,1,0,0,1,0.03666667,30.0
28,1,0,0,1,0.09333333,11.11111111
2,1,0,0,1,0.00666667,300.0
17,1,0,0,1,0.05666667,18.75
3,1,0,0,1,0.01,150.0
1,1,0,0,1,0.0,10.0
2,1,0,0,1,0.00666667,300.0
2,1,0,0,1,0.00666667,300.0
1,1,0,0,1,0.0,10.0
4,1,0,0,1,0.01333333,100.0
4,1,0,0,1,0.01333333,100.0
2,1,0,0,1,0.00666667,300.0
9,1,0,0,1,0.03,37.5
4,1,0,0,1,0.01333333,100.0
16,1,0,0,1,0.05333333,20.0
3,1,0,0,1,0.01,150.0
168,1,0,0,1,0.56,1.79640719
6,1,0,0,1,0.02,60.0
8,1,0,0,1,0.02666667,42.85714286
1,1,0,0,1,0.0,10.0
31,1,0,0,1,0.10333333,10.0
3,1,0,0,1,0.01,150.0
1,1,0,0,1,0.0,10.0
129,1,0,0,1,0.43,2.34375
2,1,0,0,1,0.00666667,300.0
1,1,0,0,1,0.0,10.0
4,1,0,0,1,0.01333333,100.0
8,1,0,0,1,0.02666667,42.85714286
12,1,0,0,1,0.04,27.27272727
4,1,0,0,1,0.01333333,100.0
12,1,0,0,1,0.04,27.27272727
11,1,0,0,1,0.03666667,30.0
10,1,0,0,1,0.03333333,33.33333333
2,1,0,0,1,0.00666667,300.0
1,1,0,0,1,0.0,10.0
1,1,0,0,1,0.0,10.0
1,1,0,0,1,0.0,10.0
3,1,0,0,1,0.01,150.0
31,1,0,0,1,0.10333333,10.0
1,1,0,0,1,0.0,10.0
10,1,0,0,1,0.03333333,33.33333333
12,1,0,0,1,0.04,27.27272727
2,1,0,0,1,0.00666667,300.0
1,1,0,0,1,0.0,10.0
3,1,0,0,1,0.01,150.0
1,1,0,0,1,0.0,10.0
41,1,0,0,1,0.13666667,7.5
1,1,0,0,1,0.0,10.0
1,1,0,0,1,0.0,10.0
1,1,0,0,1,0.0,10.0
25,1,0,0,1,0.08333333,12.5
139,1,0,0,1,0.46333333,2.17391304
20,1,0,0,1,0.06666667,15.78947368
1,1,0,0,1,0.0,10.0
1,1,0,0,1,0.0,10.0
7,1,0,0,1,0.02333333,50.0
6,1,0,0,1,0.02,60.0
11,1,0,0,1,0.03666667,30.0
2,1,0,0,1,0.00666667,300.0
2,1,0,0,1,0.00666667,300.0
13,1,0,0,1,0.04333333,25.0
1,1,0,0,1,0.0,10.0
1,1,0,0,1,0.0,10.0
180,1,0,0,1,0.6,1.67597765
10,1,0,0,1,0.03333333,33.33333333
5,1,0,0,1,0.01666667,75.0
193,1,0,0,1,0.64333333,1.5625
2,1,0,0,1,0.00666667,300.0
9,1,0,0,1,0.03,37.5
39,1,0,0,1,0.13,7.89473684
13,1,0,0,1,0.04333333,25.0
1,1,0,0,1,0.0,10.0
75,1,0,0,1,0.25,4.05405405
1,1,0,0,1,0.0,10.0
2,1,0,0,1,0.00666667,300.0
20,1,0,0,1,0.06666667,15.78947368
1,1,0,0,1,0.0,10.0
20,1,0,0,1,0.06666667,15.78947368
7,1,0,0,1,0.02333333,50.0
1,1,0,0,1,0.0,10.0
147,1,0,0,1,0.49,2.05479452
31,1,0,0,1,0.10333333,10.0
23,1,0,0,1,0.07666667,13.63636364
2,1,0,0,1,0.00666667,300.0
6,1,0,0,1,0.02,60.0
5,1,0,0,1,0.01666667,75.0
14,1,0,0,1,0.04666667,23.07692308
14,1,0,0,1,0.04666667,23.07692308
3,1,0,0,1,0.01,150.0
16,1,0,0,1,0.05333333,20.0
1,1,0,0,1,0.0,10.0
1,1,0,0,1,0.0,10.0
10,1,0,0,1,0.03333333,33.33333333
26,1,0,0,1,0.08666667,12.0
228,1,0,0,1,0.76,1.3215859
1,1,0,0,1,0.0,10.0
20,1,0,0,1,0.06666667,15.78947368
1,1,0,0,1,0.0,10.0
2,1,0,0,1,0.00666667,300.0
1,1,0,0,1,0.0,10.0
2,1,0,0,1,0.00666667,300.0
1,1,0,0,1,0.0,10.0
3,1,0,0,1,0.01,150.0
2,1,0,0,1,0.00666667,300.0
1,1,0,0,1,0.0,10.0
34,1,0,0,1,0.11333333,9.09090909
75,1,0,0,1,0.25,4.05405405
24,1,0,0,1,0.08,13.04347826
21,1,0,0,1,0.07,15.0
8,1,0,0,1,0.02666667,42.85714286
1,1,0,0,1,0.0,10.0
1,1,0,0,1,0.0,10.0
23,1,0,0,1,0.07666667,13.63636364
2,1,0,0,1,0.00666667,300.0
5,1,0,0,1,0.01666667,75.0
2,1,0,0,1,0.00666667,300.0
2,1,0,0,1,0.00666667,300.0
5,1,0,0,1,0.01666667,75.0
2,1,0,0,1,0.00666667,300.0
1,1,0,0,1,0.0,10.0
1,1,0,0,1,0.0,10.0
19,1,0,0,1,0.06333333,16.66666667
2,1,0,0,1,0.00666667,300.0
10,1,0,0,1,0.03333333,33.33333333
1,1,0,0,1,0.0,10.0
15,1,0,0,1,0.05,21.42857143
3,1,0,0,1,0.01,150.0
2,1,0,0,1,0.00666667,300.0
4,1,0,0,1,0.01333333,100.0
39,1,0,0,1,0.13,7.89473684
2,1,0,0,1,0.00666667,300.0
3,1,0,0,1,0.01,150.0
80,1,0,0,1,0.26666667,3.79746835
1,1,0,0,1,0.0,10.0
2,1,0,0,1,0.00666667,300.0
2,1,0,0,1,0.00666667,300.0
20,1,0,0,1,0.06666667,15.78947368
1,1,0,0,1,0.0,10.0
26,1,0,0,1,0.08666667,12.0
1,1,0,0,1,0.0,10.0
1,1,0,0,1,0.0,10.0
3,1,0,0,1,0.01,150.0
4,1,0,0,1,0.01333333,100.0
18,1,0,0,1,0.06,17.64705882
3,1,0,0,1,0.01,150.0
10,1,0,0,1,0.03333333,33.33333333
32,1,0,0,1,0.10666667,9.67741935
2,1,0,0,1,0.00666667,300.0
2,1,0,0,1,0.00666667,300.0
12,1,0,0,1,0.04,27.27272727
7,1,0,0,1,0.02333333,50.0
1,1,0,0,1,0.0,10.0
2,1,0,0,1,0.00666667,300.0
2,1,0,0,1,0.00666667,300.0
20,1,0,0,1,0.06666667,15.78947368
1,1,0,0,1,0.0,10.0
11,1,0,0,1,0.03666667,30.0
16,1,0,0,1,0.05333333,20.0
19,1,0,0,1,0.06333333,16.66666667
5,1,0,0,1,0.01666667,75.0
3,1,0,0,1,0.01,150.0
3,1,0,0,1,0.01,150.0
89,1,0,0,1,0.29666667,3.40909091
2,1,0,0,1,0.00666667,300.0
7,1,0,0,1,0.02333333,50.0
2,1,0,0,1,0.00666667,300.0
18,1,0,0,1,0.06,17.64705882
2,1,0,0,1,0.00666667,300.0
5,1,0,0,1,0.01666667,75.0
1,1,0,0,1,0.0,10.0
7,1,0,0,1,0.02333333,50.0
225,1,0,0,1,0.75,1.33928571
4,1,0,0,1,0.01333333,100.0
14,1,0,0,1,0.04666667,23.07692308
202,1,0,0,1,0.67333333,1.49253731
4,1,0,0,1,0.01333333,100.0
186,1,0,0,1,0.62,1.62162162
15,1,0,0,1,0.05,21.42857143
1,1,0,0,1,0.0,10.0
4,1,0,0,1,0.01333333,100.0
24,1,0,0,1,0.08,13.04347826
11,1,0,0,1,0.03666667,30.0
26,1,0,0,1,0.08666667,12.0
9,1,0,0,1,0.03,37.5
25,1,0,0,1,0.08333333,12.5
2,1,0,0,1,0.00666667,300.0
2,1,0,0,1,0.00666667,300.0
1,1,0,0,1,0.0,10.0
2,1,0,0,1,0.00666667,300.0
42,1,0,0,1,0.14,7.31707317
19,1,0,0,1,0.06333333,16.66666667
5,1,0,0,1,0.01666667,75.0
1,1,0,0,1,0.0,10.0
1,1,0,0,1,0.0,10.0
13,1,0,0,1,0.04333333,25.0
1,1,0,0,1,0.0,10.0
1,1,0,0,1,0.0,10.0
2,1,0,0,1,0.00666667,300.0
3,1,0,0,1,0.01,150.0
14,1,0,0,1,0.04666667,23.07692308
2,1,0,0,1,0.00666667,300.0
8,1,0,0,1,0.02666667,42.85714286
1,1,0,0,1,0.0,10.0
1,1,0,0,1,0.0,10.0
3,1,0,0,1,0.01,150.0
10,1,0,0,1,0.03333333,33.33333333
1,1,0,0,1,0.0,10.0
14,1,0,0,1,0.04666667,23.07692308
2,1,0,0,1,0.00666667,300.0
3,1,0,0,1,0.01,150.0
6,1,0,0,1,0.02,60.0
2,1,0,0,1,0.00666667,300.0
3,1,0,0,1,0.01,150.0
24,1,0,0,1,0.08,13.04347826
1,1,0,0,1,0.0,10.0
1,1,0,0,1,0.0,10.0
2,1,0,0,1,0.00666667,300.0
13,1,0,0,1,0.04333333,25.0
1,1,0,0,1,0.0,10.0
1,1,0,0,1,0.0,10.0
2,1,0,0,1,0.00666667,300.0
10,1,0,0,1,0.03333333,33.33333333
1,1,0,0,1,0.0,10.0
1,1,0,0,1,0.0,10.0
21,1,0,0,1,0.07,15.0
6,1,0,0,1,0.02,60.0
27,1,0,0,1,0.09,11.53846154
16,1,0,0,1,0.05333333,20.0
1,1,0,0,1,0.0,10.0
1,1,0,0,1,0.0,10.0
37,1,0,0,1,0.12333333,8.33333333
10,1,0,0,1,0.03333333,33.33333333
32,1,0,0,1,0.10666667,9.67741935
17,1,0,0,1,0.05666667,18.75
1,1,0,0,1,0.0,10.0
6,1,0,0,1,0.02,60.0
9,1,0,0,1,0.03,37.5
22,1,0,0,1,0.07333333,14.28571429
1,1,0,0,1,0.0,10.0
1,1,0,0,1,0.0,10.0
4,1,0,0,1,0.01333333,100.0
1,1,0,0,1,0.0,10.0
22,1,0,0,1,0.07333333,14.28571429
7,1,0,0,1,0.02333333,50.0
1,1,0,0,1,0.0,10.0
2,1,0,0,1,0.00666667,300.0
8,1,0,0,1,0.02666667,42.85714286
3,1,0,0,1,0.01,150.0
69,1,0,0,1,0.23,4.41176471
3,1,0,0,1,0.01,150.0
5,1,0,0,1,0.01666667,75.0
8,1,0,0,1,0.02666667,42.85714286
1,1,0,0,1,0.0,10.0
4,1,0,0,1,0.01333333,100.0
4,1,0,0,1,0.01333333,100.0
1,1,0,0,1,0.0,10.0
3,1,0,0,1,0.01,150.0
61,1,0,0,1,0.20333333,5.0
8,1,0,0,1,0.02666667,42.85714286
293,1,0,0,1,0.97666667,1.02739726
1,1,0,0,1,0.0,10.0
1,1,0,0,1,0.0,10.0
16,1,0,0,1,0.05333333,20.0
1,1,0,0,1,0.0,10.0
7,1,0,0,1,0.02333333,50.0
78,1,0,0,1,0.26,3.8961039
3,1,0,0,1,0.01,150.0
1,1,0,0,1,0.0,10.0
3,1,0,0,1,0.01,150.0
36,1,0,0,1,0.12,8.57142857
14,1,0,0,1,0.04666667,23.07692308
1,1,0,0,1,0.0,10.0
2,1,0,0,1,0.00666667,300.0
8,1,0,0,1,0.02666667,42.85714286
1,1,0,0,1,0.0,10.0
1,1,0,0,1,0.0,10.0
1,1,0,0,1,0.0,10.0
1,1,0,0,1,0.0,10.0
15,1,0,0,1,0.05,21.42857143
6,1,0,0,1,0.02,60.0
7,1,0,0,1,0.02333333,50.0
20,1,0,0,1,0.06666667,15.78947368
2,1,0,0,1,0.00666667,300.0
4,1,0,0,1,0.01333333,100.0
69,1,0,0,1,0.23,4.41176471
10,1,0,0,1,0.03333333,33.33333333
209,1,0,0,1,0.69666667,1.44230769
5,1,0,0,1,0.01666667,75.0
2,1,0,0,1,0.00666667,300.0
1,1,0,0,1,0.0,10.0
2,1,0,0,1,0.00666667,300.0
1,1,0,0,1,0.0,10.0
2,1,0,0,1,0.00666667,300.0
1,1,0,0,1,0.0,10.0
3,1,0,0,1,0.01,150.0
1,1,0,0,1,0.0,10.0
12,1,0,0,1,0.04,27.27272727
5,1,0,0,1,0.01666667,75.0
1,1,0,0,1,0.0,10.0
26,1,0,0,1,0.08666667,12.0
3,1,0,0,1,0.01,150.0
8,1,0,0,1,0.02666667,42.85714286
2,1,0,0,1,0.00666667,300.0
6,1,0,0,1,0.02,60.0
1,1,0,0,1,0.0,10.0
3,1,0,0,1,0.01,150.0
12,1,0,0,1,0.04,27.27272727
2,1,0,0,1,0.00666667,300.0
1,1,0,0,1,0.0,10.0
3,1,0,0,1,0.01,150.0
19,1,0,0,1,0.06333333,16.66666667
259,1,0,0,1,0.86333333,1.1627907
5,1,0,0,1,0.01666667,75.0
24,1,0,0,1,0.08,13.04347826
9,1,0,0,1,0.03,37.5
115,1,0,0,1,0.38333333,2.63157895
146,1,0,0,1,0.48666667,2.06896552
1,1,0,0,1,0.0,10.0
22,1,0,0,1,0.07333333,14.28571429
1,1,0,0,1,0.0,10.0
14,1,0,0,1,0.04666667,23.07692308
291,1,0,0,1,0.97,1.03448276
2,1,0,0,1,0.00666667,300.0
1,1,0,0,1,0.0,10.0
1,1,0,0,1,0.0,10.0
10,1,0,0,1,0.03333333,33.33333333
4,1,0,0,1,0.01333333,100.0
3,1,0,0,1,0.01,150.0
1,1,0,0,1,0.0,10.0
5,1,0,0,1,0.01666667,75.0
7,1,0,0,1,0.02333333,50.0
10,1,0,0,1,0.03333333,33.33333333
13,1,0,0,1,0.04333333,25.0
203,1,0,0,1,0.67666667,1.48514851
12,1,0,0,1,0.04,27.27272727
3,1,0,0,1,0.01,150.0
75,1,0,0,1,0.25,4.05405405
1,1,0,0,1,0.0,10.0
5,1,0,0,1,0.01666667,75.0
1,1,0,0,1,0.0,10.0
5,1,0,0,1,0.01666667,75.0
8,1,0,0,1,0.02666667,42.85714286
12,1,0,0,1,0.04,27.27272727
229,1,0,0,1,0.76333333,1.31578947
174,1,0,0,1,0.58,1.73410405
3,1,0,0,1,0.01,150.0
23,1,0,0,1,0.07666667,13.63636364
25,1,0,0,1,0.08333333,12.5
4,1,0,0,1,0.01333333,100.0
93,1,0,0,1,0.31,3.26086957
1,1,0,0,1,0.0,10.0
1,1,0,0,1,0.0,10.0
59,1,0,0,1,0.19666667,5.17241379
1,1,0,0,1,0.0,10.0
4,1,0,0,1,0.01333333,100.0
4,1,0,0,1,0.01333333,100.0
1,1,0,0,1,0.0,10.0
182,1,0,0,1,0.60666667,1.65745856
6,1,0,0,1,0.02,60.0
14,1,0,0,1,0.04666667,23.07692308
73,1,0,0,1,0.24333333,4.16666667
1,1,0,0,1,0.0,10.0
1,1,0,0,1,0.0,10.0
4,1,0,0,1,0.01333333,100.0
5,1,0,0,1,0.01666667,75.0
2,1,0,0,1,0.00666667,300.0
10,1,0,0,1,0.03333333,33.33333333
11,1,0,0,1,0.03666667,30.0
19,1,0,0,1,0.06333333,16.66666667
114,1,0,0,1,0.38,2.65486726
76,1,0,0,1,0.25333333,4.0
19,1,0,0,1,0.06333333,16.66666667
5,1,0,0,1,0.01666667,75.0
1,1,0,0,1,0.0,10.0
19,1,0,0,1,0.06333333,16.66666667
1,1,0,0,1,0.0,10.0
6,1,0,0,1,0.02,60.0
32,1,0,0,1,0.10666667,9.67741935
4,1,0,0,1,0.01333333,100.0
2,1,0,0,1,0.00666667,300.0
1,1,0,0,1,0.0,10.0
11,1,0,0,1,0.03666667,30.0
2,1,0,0,1,0.00666667,300.0
18,1,0,0,1,0.06,17.64705882
2,1,0,0,1,0.00666667,300.0
1,1,0,0,1,0.0,10.0
33,1,0,0,1,0.11,9.375
6,1,0,0,1,0.02,60.0
1,1,0,0,1,0.0,10.0
2,1,0,0,1,0.00666667,300.0
2,1,0,0,1,0.00666667,300.0
80,1,0,0,1,0.26666667,3.79746835
1,1,0,0,1,0.0,10.0
1,1,0,0,1,0.0,10.0
1,1,0,0,1,0.0,10.0
12,1,0,0,1,0.04,27.27272727
18,1,0,0,1,0.06,17.64705882
3,1,0,0,1,0.01,150.0
13,1,0,0,1,0.04333333,25.0
12,1,0,0,1,0.04,27.27272727
484,1,0,0,1,1.61333333,0.62111801
21,1,0,0,1,0.07,15.0
135,1,0,0,1,0.45,2.23880597
6,1,0,0,1,0.02,60.0
1,1,0,0,1,0.0,10.0
1,1,0,0,1,0.0,10.0
15,1,0,0,1,0.05,21.42857143
1,1,0,0,1,0.0,10.0
35,1,0,0,1,0.11666667,8.82352941
9,1,0,0,1,0.03,37.5
6,1,0,0,1,0.02,60.0
1,1,0,0,1,0.0,10.0
2,1,0,0,1,0.00666667,300.0
7,1,0,0,1,0.02333333,50.0
1,1,0,0,1,0.0,10.0
10,1,0,0,1,0.03333333,33.33333333
309,1,0,0,1,1.03,0.97402597
198,1,0,0,1,0.66,1.52284264
1,1,0,0,1,0.0,10.0
13,1,0,0,1,0.04333333,25.0
2,1,0,0,1,0.00666667,300.0
9,1,0,0,1,0.03,37.5
5,1,0,0,1,0.01666667,75.0
143,1,0,0,1,0.47666667,2.11267606
1,1,0,0,1,0.0,10.0
1,1,0,0,1,0.0,10.0
2,1,0,0,1,0.00666667,300.0
11,1,0,0,1,0.03666667,30.0
6,1,0,0,1,0.02,60.0
15,1,0,0,1,0.05,21.42857143
1,1,0,0,1,0.0,10.0
1,1,0,0,1,0.0,10.0
4,1,0,0,1,0.01333333,100.0
1,1,0,0,1,0.0,10.0
1,1,0,0,1,0.0,10.0
1,1,0,0,1,0.0,10.0
1,1,0,0,1,0.0,10.0
186,1,0,0,1,0.62,1.62162162
8,1,0,0,1,0.02666667,42.85714286
26,1,0,0,1,0.08666667,12.0
115,1,0,0,1,0.38333333,2.63157895
1,1,0,0,1,0.0,10.0
35,1,0,0,1,0.11666667,8.82352941
1,1,0,0,1,0.0,10.0
11,1,0,0,1,0.03666667,30.0
23,1,0,0,1,0.07666667,13.63636364
25,1,0,0,1,0.08333333,12.5
5,1,0,0,1,0.01666667,75.0
7,1,0,0,1,0.02333333,50.0
4,1,0,0,1,0.01333333,100.0
135,1,0,0,1,0.45,2.23880597
1,1,0,0,1,0.0,10.0
28,1,0,0,1,0.09333333,11.11111111
73,1,0,0,1,0.24333333,4.16666667
2,1,0,0,1,0.00666667,300.0
8,1,0,0,1,0.02666667,42.85714286
7,1,0,0,1,0.02333333,50.0
10,1,0,0,1,0.03333333,33.33333333
9,1,0,0,1,0.03,37.5
71,1,0,0,1,0.23666667,4.28571429
9,1,0,0,1,0.03,37.5
4,1,0,0,1,0.01333333,100.0
10,1,0,0,1,0.03333333,33.33333333
2,1,0,0,1,0.00666667,300.0
13,1,0,0,1,0.04333333,25.0
2,1,0,0,1,0.00666667,300.0
5,1,0,0,1,0.01666667,75.0
7,1,0,0,1,0.02333333,50.0
1,1,0,0,1,0.0,10.0
1,1,0,0,1,0.0,10.0
10,1,0,0,1,0.03333333,33.33333333
1,1,0,0,1,0.0,10.0
6,1,0,0,1,0.02,60.0
3,1,0,0,1,0.01,150.0
1,1,0,0,1,0.0,10.0
1,1,0,0,1,0.0,10.0
1,1,0,0,1,0.0,10.0
21,1,0,0,1,0.07,15.0
19,1,0,0,1,0.06333333,16.66666667
8,1,0,0,1,0.02666667,42.85714286
2,1,0,0,1,0.00666667,300.0
19,1,0,0,1,0.06333333,16.66666667
467,1,0,0,1,1.55666667,0.64377682
14,1,0,0,1,0.04666667,23.07692308
5,1,0,0,1,0.01666667,75.0
1,1,0,0,1,0.0,10.0
29,1,0,0,1,0.09666667,10.71428571
1,1,0,0,1,0.0,10.0
12,1,0,0,1,0.04,27.27272727
160,1,0,0,1,0.53333333,1.88679245
41,1,0,0,1,0.13666667,7.5
14,1,0,0,1,0.04666667,23.07692308
1,1,0,0,1,0.0,10.0
4,1,0,0,1,0.01333333,100.0
1,1,0,0,1,0.0,10.0
1,1,0,0,1,0.0,10.0
2,1,0,0,1,0.00666667,300.0
12,1,0,0,1,0.04,27.27272727
9,1,0,0,1,0.03,37.5
1,1,0,0,1,0.0,10.0
1,1,0,0,1,0.0,10.0
128,1,0,0,1,0.42666667,2.36220472
1,1,0,0,1,0.0,10.0
2,1,0,0,1,0.00666667,300.0
3,1,0,0,1,0.01,150.0
1,1,0,0,1,0.0,10.0
1,1,0,0,1,0.0,10.0
1,1,0,0,1,0.0,10.0
10,1,0,0,1,0.03333333,33.33333333
5,1,0,0,1,0.01666667,75.0
3,1,0,0,1,0.01,150.0
25,1,0,0,1,0.08333333,12.5
1,1,0,0,1,0.0,10.0
6,1,0,0,1,0.02,60.0
5,1,0,0,1,0.01666667,75.0
1,1,0,0,1,0.0,10.0
130,1,0,0,1,0.43333333,2.3255814
11,1,0,0,1,0.03666667,30.0
1,1,0,0,1,0.0,10.0
2,1,0,0,1,0.00666667,300.0
1,1,0,0,1,0.0,10.0
37,1,0,0,1,0.12333333,8.33333333
1,1,0,0,1,0.0,10.0
1,1,0,0,1,0.0,10.0
5,1,0,0,1,0.01666667,75.0
1,1,0,0,1,0.0,10.0
20,1,0,0,1,0.06666667,15.78947368
1,1,0,0,1,0.0,10.0
1,1,0,0,1,0.0,10.0
2,1,0,0,1,0.00666667,300.0
5,1,0,0,1,0.01666667,75.0
1,1,0,0,1,0.0,10.0
75,1,0,0,1,0.25,4.05405405
2,1,0,0,1,0.00666667,300.0
69,1,0,0,1,0.23,4.41176471
1,1,0,0,1,0.0,10.0
1,1,0,0,1,0.0,10.0
14,1,0,0,1,0.04666667,23.07692308
2,1,0,0,1,0.00666667,300.0
1,1,0,0,1,0.0,10.0
1,1,0,0,1,0.0,10.0
1,1,0,0,1,0.0,10.0
282,1,0,0,1,0.94,1.06761566
73,1,0,0,1,0.24333333,4.16666667
5,1,0,0,1,0.01666667,75.0
26,1,0,0,1,0.08666667,12.0
2,1,0,0,1,0.00666667,300.0
2,1,0,0,1,0.00666667,300.0
6,1,0,0,1,0.02,60.0
15,1,0,0,1,0.05,21.42857143
5,1,0,0,1,0.01666667,75.0
3,1,0,0,1,0.01,150.0
1,1,0,0,1,0.0,10.0
2,1,0,0,1,0.00666667,300.0
8,1,0,0,1,0.02666667,42.85714286
4,1,0,0,1,0.01333333,100.0
13,1,0,0,1,0.04333333,25.0
1,1,0,0,1,0.0,10.0
11,1,0,0,1,0.03666667,30.0
1,1,0,0,1,0.0,10.0
29,1,0,0,1,0.09666667,10.71428571
4,1,0,0,1,0.01333333,100.0
3,1,0,0,1,0.01,150.0
1,1,0,0,1,0.0,10.0
2,1,0,0,1,0.00666667,300.0
2,1,0,0,1,0.00666667,300.0
5,1,0,0,1,0.01666667,75.0
1,1,0,0,1,0.0,10.0
1,1,0,0,1,0.0,10.0
24,1,0,0,1,0.08,13.04347826
1,1,0,0,1,0.0,10.0
10,1,0,0,1,0.03333333,33.33333333
11,1,0,0,1,0.03666667,30.0
15,1,0,0,1,0.05,21.42857143
1,1,0,0,1,0.0,10.0
41,1,0,0,1,0.13666667,7.5
61,1,0,0,1,0.20333333,5.0
1,1,0,0,1,0.0,10.0
1,1,0,0,1,0.0,10.0
1,1,0,0,1,0.0,10.0
26,1,0,0,1,0.08666667,12.0
2,1,0,0,1,0.00666667,300.0
1,1,0,0,1,0.0,10.0
6,1,0,0,1,0.02,60.0
10,1,0,0,1,0.03333333,33.33333333
7,1,0,0,1,0.02333333,50.0
13,1,0,0,1,0.04333333,25.0
1,1,0,0,1,0.0,10.0
18,1,0,0,1,0.06,17.64705882
11,1,0,0,1,0.03666667,30.0
18,1,0,0,1,0.06,17.64705882
1,1,0,0,1,0.0,10.0
19,1,0,0,1,0.06333333,16.66666667
1,1,0,0,1,0.0,10.0
1,1,0,0,1,0.0,10.0
73,1,0,0,1,0.24333333,4.16666667
1,1,0,0,1,0.0,10.0
1,1,0,0,1,0.0,10.0
1,1,0,0,1,0.0,10.0
73,1,0,0,1,0.24333333,4.16666667
2,1,0,0,1,0.00666667,300.0
1,1,0,0,1,0.0,10.0
10,1,0,0,1,0.03333333,33.33333333
1,1,0,0,1,0.0,10.0
35,1,0,0,1,0.11666667,8.82352941
86,1,0,0,1,0.28666667,3.52941176
31,1,0,0,1,0.10333333,10.0
19,1,0,0,1,0.06333333,16.66666667
1,1,0,0,1,0.0,10.0
232,1,0,0,1,0.77333333,1.2987013
1,1,0,0,1,0.0,10.0
1,1,0,0,1,0.0,10.0
2,1,0,0,1,0.00666667,300.0
117,1,0,0,1,0.39,2.5862069
12,1,0,0,1,0.04,27.27272727
14,1,0,0,1,0.04666667,23.07692308
263,1,0,0,1,0.87666667,1.14503817
2,1,0,0,1,0.00666667,300.0
1,1,0,0,1,0.0,10.0
2,1,0,0,1,0.00666667,300.0
137,1,0,0,1,0.45666667,2.20588235
65,1,0,0,1,0.21666667,4.6875
1,1,0,0,1,0.0,10.0
4,1,0,0,1,0.01333333,100.0
2,1,0,0,1,0.00666667,300.0
1,1,0,0,1,0.0,10.0
14,1,0,0,1,0.04666667,23.07692308
1,1,0,0,1,0.0,10.0
6,1,0,0,1,0.02,60.0
1,1,0,0,1,0.0,10.0
1,1,0,0,1,0.0,10.0
24,1,0,0,1,0.08,13.04347826
153,1,0,0,1,0.51,1.97368421
28,1,0,0,1,0.09333333,11.11111111
1,1,0,0,1,0.0,10.0
15,1,0,0,1,0.05,21.42857143
5,1,0,0,1,0.01666667,75.0
3,1,0,0,1,0.01,150.0
1,1,0,0,1,0.0,10.0
10,1,0,0,1,0.03333333,33.33333333
38,1,0,0,1,0.12666667,8.10810811
140,1,0,0,1,0.46666667,2.15827338
5,1,0,0,1,0.01666667,75.0
4,1,0,0,1,0.01333333,100.0
7,1,0,0,1,0.02333333,50.0
4,1,0,0,1,0.01333333,100.0
247,1,0,0,1,0.82333333,1.2195122
2,1,0,0,1,0.00666667,300.0
6,1,0,0,1,0.02,60.0
1,1,0,0,1,0.0,10.0
8,1,0,0,1,0.02666667,42.85714286
1,1,0,0,1,0.0,10.0
2,1,0,0,1,0.00666667,300.0
27,1,0,0,1,0.09,11.53846154
2,1,0,0,1,0.00666667,300.0
28,1,0,0,1,0.09333333,11.11111111
7,1,0,0,1,0.02333333,50.0
4,1,0,0,1,0.01333333,100.0
152,1,0,0,1,0.50666667,1.98675497
1,1,0,0,1,0.0,10.0
3,1,0,0,1,0.01,150.0
7,1,0,0,1,0.02333333,50.0
2,1,0,0,1,0.00666667,300.0
2,1,0,0,1,0.00666667,300.0
1,1,0,0,1,0.0,10.0
4,1,0,0,1,0.01333333,100.0
1,1,0,0,1,0.0,10.0
2,1,0,0,1,0.00666667,300.0
1,1,0,0,1,0.0,10.0
234,1,0,0,1,0.78,1.28755365
11,1,0,0,1,0.03666667,30.0
2,1,0,0,1,0.00666667,300.0
2,1,0,0,1,0.00666667,300.0
10,1,0,0,1,0.03333333,33.33333333
40,1,0,0,1,0.13333333,7.69230769
7,1,0,0,1,0.02333333,50.0
2,1,0,0,1,0.00666667,300.0
3,1,0,0,1,0.01,150.0
11,1,0,0,1,0.03666667,30.0
3,1,0,0,1,0.01,150.0
1,1,0,0,1,0.0,10.0
10,1,0,0,1,0.03333333,33.33333333
4,1,0,0,1,0.01333333,100.0
23,1,0,0,1,0.07666667,13.63636364
108,1,0,0,1,0.36,2.80373832
18,1,0,0,1,0.06,17.64705882
17,1,0,0,1,0.05666667,18.75
24,1,0,0,1,0.08,13.04347826
1,1,0,0,1,0.0,10.0
9,1,0,0,1,0.03,37.5
5,1,0,0,1,0.01666667,75.0
8,1,0,0,1,0.02666667,42.85714286
3,1,0,0,1,0.01,150.0
3,1,0,0,1,0.01,150.0
32,1,0,0,1,0.10666667,9.67741935
1,1,0,0,1,0.0,10.0
1,1,0,0,1,0.0,10.0
13,1,0,0,1,0.04333333,25.0
16,1,0,0,1,0.05333333,20.0
2,1,0,0,1,0.00666667,300.0
24,1,0,0,1,0.08,13.04347826
2,1,0,0,1,0.00666667,300.0
2,1,0,0,1,0.00666667,300.0
1,1,0,0,1,0.0,10.0
1,1,0,0,1,0.0,10.0
1,1,0,0,1,0.0,10.0
11,1,0,0,1,0.03666667,30.0
5,1,0,0,1,0.01666667,75.0
8,1,0,0,1,0.02666667,42.85714286
9,1,0,0,1,0.03,37.5
13,1,0,0,1,0.04333333,25.0
3,1,0,0,1,0.01,150.0
2,1,0,0,1,0.00666667,300.0
1,1,0,0,1,0.0,10.0
1,1,0,0,1,0.0,10.0
5,1,0,0,1,0.01666667,75.0
4,1,0,0,1,0.01333333,100.0
13,1,0,0,1,0.04333333,25.0
2,1,0,0,1,0.00666667,300.0
1,1,0,0,1,0.0,10.0
1,1,0,0,1,0.0,10.0
1,1,0,0,1,0.0,10.0
9,1,0,0,1,0.03,37.5
1,1,0,0,1,0.0,10.0
1,1,0,0,1,0.0,10.0
31,1,0,0,1,0.10333333,10.0
2,1,0,0,1,0.00666667,300.0
147,1,0,0,1,0.49,2.05479452
1,1,0,0,1,0.0,10.0
1,1,0,0,1,0.0,10.0
2,1,0,0,1,0.00666667,300.0
2,1,0,0,1,0.00666667,300.0
12,1,0,0,1,0.04,27.27272727
1,1,0,0,1,0.0,10.0
13,1,0,0,1,0.04333333,25.0
6,1,0,0,1,0.02,60.0
9,1,0,0,1,0.03,37.5
8,1,0,0,1,0.02666667,42.85714286
1,1,0,0,1,0.0,10.0
1,1,0,0,1,0.0,10.0
130,1,0,0,1,0.43333333,2.3255814
2,1,0,0,1,0.00666667,300.0
1,1,0,0,1,0.0,10.0
1,1,0,0,1,0.0,10.0
5,1,0,0,1,0.01666667,75.0
1,1,0,0,1,0.0,10.0
18,1,0,0,1,0.06,17.64705882
6,1,0,0,1,0.02,60.0
13,1,0,0,1,0.04333333,25.0
10,1,0,0,1,0.03333333,33.33333333
2,1,0,0,1,0.00666667,300.0
1,1,0,0,1,0.0,10.0
6,1,0,0,1,0.02,60.0
16,1,0,0,1,0.05333333,20.0
35,1,0,0,1,0.11666667,8.82352941
2,1,0,0,1,0.00666667,300.0
190,1,0,0,1,0.63333333,1.58730159
77,1,0,0,1,0.25666667,3.94736842
29,1,0,0,1,0.09666667,10.71428571
3,1,0,0,1,0.01,150.0
38,1,0,0,1,0.12666667,8.10810811
1,1,0,0,1,0.0,10.0
1,1,0,0,1,0.0,10.0
15,1,0,0,1,0.05,21.42857143
1,1,0,0,1,0.0,10.0
1,1,0,0,1,0.0,10.0
270,1,0,0,1,0.9,1.11524164
1,1,0,0,1,0.0,10.0
12,1,0,0,1,0.04,27.27272727
4,1,0,0,1,0.01333333,100.0
72,1,0,0,1,0.24,4.22535211
1,1,0,0,1,0.0,10.0
6,1,0,0,1,0.02,60.0
3,1,0,0,1,0.01,150.0
1,1,0,0,1,0.0,10.0
7,1,0,0,1,0.02333333,50.0
1,1,0,0,1,0.0,10.0
1,1,0,0,1,0.0,10.0
1,1,0,0,1,0.0,10.0
9,1,0,0,1,0.03,37.5
1,1,0,0,1,0.0,10.0
2,1,0,0,1,0.00666667,300.0
22,1,0,0,1,0.07333333,14.28571429
3,1,0,0,1,0.01,150.0
1,1,0,0,1,0.0,10.0
268,1,0,0,1,0.89333333,1.12359551
27,1,0,0,1,0.09,11.53846154
8,1,0,0,1,0.02666667,42.85714286
1,1,0,0,1,0.0,10.0
7,1,0,0,1,0.02333333,50.0
2,1,0,0,1,0.00666667,300.0
8,1,0,0,1,0.02666667,42.85714286
9,1,0,0,1,0.03,37.5
2,1,0,0,1,0.00666667,300.0
25,1,0,0,1,0.08333333,12.5
1,1,0,0,1,0.0,10.0
1,1,0,0,1,0.0,10.0
14,1,0,0,1,0.04666667,23.07692308
7,1,0,0,1,0.02333333,50.0
23,1,0,0,1,0.07666667,13.63636364
9,1,0,0,1,0.03,37.5
8,1,0,0,1,0.02666667,42.85714286
16,1,0,0,1,0.05333333,20.0
1,1,0,0,1,0.0,10.0
25,1,0,0,1,0.08333333,12.5
6,1,0,0,1,0.02,60.0
3,1,0,0,1,0.01,150.0
1,1,0,0,1,0.0,10.0
75,1,0,0,1,0.25,4.05405405
18,1,0,0,1,0.06,17.64705882
2,1,0,0,1,0.00666667,300.0
12,1,0,0,1,0.04,27.27272727
1,1,0,0,1,0.0,10.0
27,1,0,0,1,0.09,11.53846154
22,1,0,0,1,0.07333333,14.28571429
9,1,0,0,1,0.03,37.5
2,1,0,0,1,0.00666667,300.0
2,1,0,0,1,0.00666667,300.0
5,1,0,0,1,0.01666667,75.0
6,1,0,0,1,0.02,60.0
117,1,0,0,1,0.39,2.5862069
10,1,0,0,1,0.03333333,33.33333333
140,1,0,0,1,0.46666667,2.15827338
2,1,0,0,1,0.00666667,300.0
30,1,0,0,1,0.1,10.34482759
9,1,0,0,1,0.03,37.5
16,1,0,0,1,0.05333333,20.0
1,1,0,0,1,0.0,10.0
10,1,0,0,1,0.03333333,33.33333333
1,1,0,0,1,0.0,10.0
1,1,0,0,1,0.0,10.0
1,1,0,0,1,0.0,10.0
1,1,0,0,1,0.0,10.0
195,1,0,0,1,0.65,1.54639175
2,1,0,0,1,0.00666667,300.0
2,1,0,0,1,0.00666667,300.0
5,1,0,0,1,0.01666667,75.0
21,1,0,0,1,0.07,15.0
7,1,0,0,1,0.02333333,50.0
314,1,0,0,1,1.04666667,0.95846645
1,1,0,0,1,0.0,10.0
13,1,0,0,1,0.04333333,25.0
164,1,0,0,1,0.54666667,1.8404908
145,1,0,0,1,0.48333333,2.08333333
3,1,0,0,1,0.01,150.0
1,1,0,0,1,0.0,10.0
1,1,0,0,1,0.0,10.0
1,1,0,0,1,0.0,10.0
11,1,0,0,1,0.03666667,30.0
2,1,0,0,1,0.00666667,300.0
1,1,0,0,1,0.0,10.0
131,1,0,0,1,0.43666667,2.30769231
6,1,0,0,1,0.02,60.0
5,1,0,0,1,0.01666667,75.0
24,1,0,0,1,0.08,13.04347826
6,1,0,0,1,0.02,60.0
7,1,0,0,1,0.02333333,50.0
2,1,0,0,1,0.00666667,300.0
26,1,0,0,1,0.08666667,12.0
77,1,0,0,1,0.25666667,3.94736842
8,1,0,0,1,0.02666667,42.85714286
4,1,0,0,1,0.01333333,100.0
14,1,0,0,1,0.04666667,23.07692308
1,1,0,0,1,0.0,10.0
2,1,0,0,1,0.00666667,300.0
1,1,0,0,1,0.0,10.0
1,1,0,0,1,0.0,10.0
16,1,0,0,1,0.05333333,20.0
1,1,0,0,1,0.0,10.0
67,1,0,0,1,0.22333333,4.54545455
28,1,0,0,1,0.09333333,11.11111111
190,1,0,0,1,0.63333333,1.58730159
25,1,0,0,1,0.08333333,12.5
1,1,0,0,1,0.0,10.0
29,1,0,0,1,0.09666667,10.71428571
2,1,0,0,1,0.00666667,300.0
12,1,0,0,1,0.04,27.27272727
162,1,0,0,1,0.54,1.86335404
1,1,0,0,1,0.0,10.0
2,1,0,0,1,0.00666667,300.0
4,1,0,0,1,0.01333333,100.0
1,1,0,0,1,0.0,10.0
6,1,0,0,1,0.02,60.0
33,1,0,0,1,0.11,9.375
3,1,0,0,1,0.01,150.0
16,1,0,0,1,0.05333333,20.0
172,1,0,0,1,0.57333333,1.75438596
1,1,0,0,1,0.0,10.0
13,1,0,0,1,0.04333333,25.0
11,1,0,0,1,0.03666667,30.0
5,1,0,0,1,0.01666667,75.0
1,1,0,0,1,0.0,10.0
1,1,0,0,1,0.0,10.0
195,1,0,0,1,0.65,1.54639175
226,1,0,0,1,0.75333333,1.33333333
1,1,0,0,1,0.0,10.0
2,1,0,0,1,0.00666667,300.0
1,1,0,0,1,0.0,10.0
6,1,0,0,1,0.02,60.0
8,1,0,0,1,0.02666667,42.85714286
66,1,0,0,1,0.22,4.61538462
59,1,0,0,1,0.19666667,5.17241379
1,1,0,0,1,0.0,10.0
1,1,0,0,1,0.0,10.0
8,1,0,0,1,0.02666667,42.85714286
2,1,0,0,1,0.00666667,300.0
12,1,0,0,1,0.04,27.27272727
2,1,0,0,1,0.00666667,300.0
2,1,0,0,1,0.00666667,300.0
9,1,0,0,1,0.03,37.5
10,1,0,0,1,0.03333333,33.33333333
1,1,0,0,1,0.0,10.0
3,1,0,0,1,0.01,150.0
1,1,0,0,1,0.0,10.0
1,1,0,0,1,0.0,10.0
1,1,0,0,1,0.0,10.0
5,1,0,0,1,0.01666667,75.0
1,1,0,0,1,0.0,10.0
1,1,0,0,1,0.0,10.0
3,1,0,0,1,0.01,150.0
7,1,0,0,1,0.02333333,50.0
123,1,0,0,1,0.41,2.45901639
1,1,0,0,1,0.0,10.0
6,1,0,0,1,0.02,60.0
21,1,0,0,1,0.07,15.0
14,1,0,0,1,0.04666667,23.07692308
220,1,0,0,1,0.73333333,1.36986301
245,1,0,0,1,0.81666667,1.2295082
1,1,0,0,1,0.0,10.0
17,1,0,0,1,0.05666667,18.75
5,1,0,0,1,0.01666667,75.0
9,1,0,0,1,0.03,37.5
3,1,0,0,1,0.01,150.0
2,1,0,0,1,0.00666667,300.0
18,1,0,0,1,0.06,17.64705882
10,1,0,0,1,0.03333333,33.33333333
77,1,0,0,1,0.25666667,3.94736842
4,1,0,0,1,0.01333333,100.0
1,1,0,0,1,0.0,10.0
1,1,0,0,1,0.0,10.0
15,1,0,0,1,0.05,21.42857143
1,1,0,0,1,0.0,10.0
9,1,0,0,1,0.03,37.5
4,1,0,0,1,0.01333333,100.0
21,1,0,0,1,0.07,15.0
2,1,0,0,1,0.00666667,300.0
1,1,0,0,1,0.0,10.0
1,1,0,0,1,0.0,10.0
11,1,0,0,1,0.03666667,30.0
19,1,0,0,1,0.06333333,16.66666667
307,1,0,0,1,1.02333333,0.98039216
1,1,0,0,1,0.0,10.0
26,1,0,0,1,0.08666667,12.0
1,1,0,0,1,0.0,10.0
7,1,0,0,1,0.02333333,50.0
26,1,0,0,1,0.08666667,12.0
2,1,0,0,1,0.00666667,300.0
216,1,0,0,1,0.72,1.39534884
1,1,0,0,1,0.0,10.0
1,1,0,0,1,0.0,10.0
10,1,0,0,1,0.03333333,33.33333333
29,1,0,0,1,0.09666667,10.71428571
8,1,0,0,1,0.02666667,42.85714286
1,1,0,0,1,0.0,10.0
10,1,0,0,1,0.03333333,33.33333333
4,1,0,0,1,0.01333333,100.0
57,1,0,0,1,0.19,5.35714286
2,1,0,0,1,0.00666667,300.0
1,1,0,0,1,0.0,10.0
79,1,0,0,1,0.26333333,3.84615385
4,1,0,0,1,0.01333333,100.0
2,1,0,0,1,0.00666667,300.0
1,1,0,0,1,0.0,10.0
16,1,0,0,1,0.05333333,20.0
2,1,0,0,1,0.00666667,300.0
26,1,0,0,1,0.08666667,12.0
21,1,0,0,1,0.07,15.0
2,1,0,0,1,0.00666667,300.0
15,1,0,0,1,0.05,21.42857143
2,1,0,0,1,0.00666667,300.0
1,1,0,0,1,0.0,10.0
4,1,0,0,1,0.01333333,100.0
1,1,0,0,1,0.0,10.0
12,1,0,0,1,0.04,27.27272727
21,1,0,0,1,0.07,15.0
9,1,0,0,1,0.03,37.5
1,1,0,0,1,0.0,10.0
2,1,0,0,1,0.00666667,300.0
6,1,0,0,1,0.02,60.0
2,1,0,0,1,0.00666667,300.0
4,1,0,0,1,0.01333333,100.0
13,1,0,0,1,0.04333333,25.0
26,1,0,0,1,0.08666667,12.0
1,1,0,0,1,0.0,10.0
114,1,0,0,1,0.38,2.65486726
1,1,0,0,1,0.0,10.0
25,1,0,0,1,0.08333333,12.5
1,1,0,0,1,0.0,10.0
45,1,0,0,1,0.15,6.81818182
35,1,0,0,1,0.11666667,8.82352941
5,1,0,0,1,0.01666667,75.0
1,1,0,0,1,0.0,10.0
1,1,0,0,1,0.0,10.0
1,1,0,0,1,0.0,10.0
1,1,0,0,1,0.0,10.0
293,1,0,0,1,0.97666667,1.02739726
7,1,0,0,1,0.02333333,50.0
12,1,0,0,1,0.04,27.27272727
5,1,0,0,1,0.01666667,75.0
121,1,0,0,1,0.40333333,2.5
2,1,0,0,1,0.00666667,300.0
37,1,0,0,1,0.12333333,8.33333333
9,1,0,0,1,0.03,37.5
1,1,0,0,1,0.0,10.0
2,1,0,0,1,0.00666667,300.0
1,1,0,0,1,0.0,10.0
13,1,0,0,1,0.04333333,25.0
2,1,0,0,1,0.00666667,300.0
1,1,0,0,1,0.0,10.0
13,1,0,0,1,0.04333333,25.0
1,1,0,0,1,0.0,10.0
15,1,0,0,1,0.05,21.42857143
2,1,0,0,1,0.00666667,300.0
14,1,0,0,1,0.04666667,23.07692308
205,1,0,0,1,0.68333333,1.47058824
5,1,0,0,1,0.01666667,75.0
16,1,0,0,1,0.05333333,20.0
1,1,0,0,1,0.0,10.0
1,1,0,0,1,0.0,10.0
18,1,0,0,1,0.06,17.64705882
1,1,0,0,1,0.0,10.0
11,1,0,0,1,0.03666667,30.0
1,1,0,0,1,0.0,10.0
17,1,0,0,1,0.05666667,18.75
4,1,0,0,1,0.01333333,100.0
4,1,0,0,1,0.01333333,100.0
2,1,0,0,1,0.00666667,300.0
11,1,0,0,1,0.03666667,30.0
8,1,0,0,1,0.02666667,42.85714286
7,1,0,0,1,0.02333333,50.0
4,1,0,0,1,0.01333333,100.0
9,1,0,0,1,0.03,37.5
2,1,0,0,1,0.00666667,300.0
1,1,0,0,1,0.0,10.0
8,1,0,0,1,0.02666667,42.85714286
5,1,0,0,1,0.01666667,75.0
1,1,0,0,1,0.0,10.0
2,1,0,0,1,0.00666667,300.0
18,1,0,0,1,0.06,17.64705882
1,1,0,0,1,0.0,10.0
7,1,0,0,1,0.02333333,50.0
1,1,0,0,1,0.0,10.0
1,1,0,0,1,0.0,10.0
6,1,0,0,1,0.02,60.0
1,1,0,0,1,0.0,10.0
139,1,0,0,1,0.46333333,2.17391304
2,1,0,0,1,0.00666667,300.0
1,1,0,0,1,0.0,10.0
1,1,0,0,1,0.0,10.0
2,1,0,0,1,0.00666667,300.0
1,1,0,0,1,0.0,10.0
11,1,0,0,1,0.03666667,30.0
1,1,0,0,1,0.0,10.0
1,1,0,0,1,0.0,10.0
2,1,0,0,1,0.00666667,300.0
1,1,0,0,1,0.0,10.0
3,1,0,0,1,0.01,150.0
7,1,0,0,1,0.02333333,50.0
1,1,0,0,1,0.0,10.0
4,1,0,0,1,0.01333333,100.0
2,1,0,0,1,0.00666667,300.0
1,1,0,0,1,0.0,10.0
12,1,0,0,1,0.04,27.27272727
1,1,0,0,1,0.0,10.0
236,1,0,0,1,0.78666667,1.27659574
12,1,0,0,1,0.04,27.27272727
7,1,0,0,1,0.02333333,50.0
6,1,0,0,1,0.02,60.0
74,1,0,0,1,0.24666667,4.10958904
1,1,0,0,1,0.0,10.0
6,1,0,0,1,0.02,60.0
3,1,0,0,1,0.01,150.0
10,1,0,0,1,0.03333333,33.33333333
2,1,0,0,1,0.00666667,300.0
2,1,0,0,1,0.00666667,300.0
2,1,0,0,1,0.00666667,300.0
29,1,0,0,1,0.09666667,10.71428571
42,1,0,0,1,0.14,7.31707317
6,1,0,0,1,0.02,60.0
1,1,0,0,1,0.0,10.0
3,1,0,0,1,0.01,150.0
1,1,0,0,1,0.0,10.0
168,1,0,0,1,0.56,1.79640719
7,1,0,0,1,0.02333333,50.0
19,1,0,0,1,0.06333333,16.66666667
113,1,0,0,1,0.37666667,2.67857143
2,1,0,0,1,0.00666667,300.0
4,1,0,0,1,0.01333333,100.0
5,1,0,0,1,0.01666667,75.0
18,1,0,0,1,0.06,17.64705882
8,1,0,0,1,0.02666667,42.85714286
6,1,0,0,1,0.02,60.0
1,1,0,0,1,0.0,10.0
2,1,0,0,1,0.00666667,300.0
18,1,0,0,1,0.06,17.64705882
1,1,0,0,1,0.0,10.0
16,1,0,0,1,0.05333333,20.0
2,1,0,0,1,0.00666667,300.0
1,1,0,0,1,0.0,10.0
5,1,0,0,1,0.01666667,75.0
2,1,0,0,1,0.00666667,300.0
13,1,0,0,1,0.04333333,25.0
2,1,0,0,1,0.00666667,300.0
1,1,0,0,1,0.0,10.0
4,1,0,0,1,0.01333333,100.0
9,1,0,0,1,0.03,37.5
2,1,0,0,1,0.00666667,300.0
7,1,0,0,1,0.02333333,50.0
3,1,0,0,1,0.01,150.0
68,1,0,0,1,0.22666667,4.47761194
70,1,0,0,1,0.23333333,4.34782609
2,1,0,0,1,0.00666667,300.0
1,1,0,0,1,0.0,10.0
17,1,0,0,1,0.05666667,18.75
25,1,0,0,1,0.08333333,12.5
2,1,0,0,1,0.00666667,300.0
4,1,0,0,1,0.01333333,100.0
6,1,0,0,1,0.02,60.0
143,1,0,0,1,0.47666667,2.11267606
1,1,0,0,1,0.0,10.0
17,1,0,0,1,0.05666667,18.75
170,1,0,0,1,0.56666667,1.77514793
1,1,0,0,1,0.0,10.0
174,1,0,0,1,0.58,1.73410405
1,1,0,0,1,0.0,10.0
1,1,0,0,1,0.0,10.0
29,1,0,0,1,0.09666667,10.71428571
2,1,0,0,1,0.00666667,300.0
1,1,0,0,1,0.0,10.0
1,1,0,0,1,0.0,10.0
21,1,0,0,1,0.07,15.0
36,1,0,0,1,0.12,8.57142857
1,1,0,0,1,0.0,10.0
2,1,0,0,1,0.00666667,300.0
4,1,0,0,1,0.01333333,100.0
24,1,0,0,1,0.08,13.04347826
1,1,0,0,1,0.0,10.0
3,1,0,0,1,0.01,150.0
9,1,0,0,1,0.03,37.5
2,1,0,0,1,0.00666667,300.0
2,1,0,0,1,0.00666667,300.0
11,1,0,0,1,0.03666667,30.0
1,1,0,0,1,0.0,10.0
1,1,0,0,1,0.0,10.0
23,1,0,0,1,0.07666667,13.63636364
11,1,0,0,1,0.03666667,30.0
2,1,0,0,1,0.00666667,300.0
29,1,0,0,1,0.09666667,10.71428571
6,1,0,0,1,0.02,60.0
4,1,0,0,1,0.01333333,100.0
27,1,0,0,1,0.09,11.53846154
9,1,0,0,1,0.03,37.5
1,1,0,0,1,0.0,10.0
50,1,0,0,1,0.16666667,6.12244898
4,1,0,0,1,0.01333333,100.0
235,1,0,0,1,0.78333333,1.28205128
2,1,0,0,1,0.00666667,300.0
3,1,0,0,1,0.01,150.0
19,1,0,0,1,0.06333333,16.66666667
15,1,0,0,1,0.05,21.42857143
301,1,0,0,1,1.00333333,1.0
12,1,0,0,1,0.04,27.27272727
5,1,0,0,1,0.01666667,75.0
1,1,0,0,1,0.0,10.0
2,1,0,0,1,0.00666667,300.0
6,1,0,0,1,0.02,60.0
2,1,0,0,1,0.00666667,300.0
1,1,0,0,1,0.0,10.0
16,1,0,0,1,0.05333333,20.0
1,1,0,0,1,0.0,10.0
48,1,0,0,1,0.16,6.38297872
24,1,0,0,1,0.08,13.04347826
5,1,0,0,1,0.01666667,75.0
1,1,0,0,1,0.0,10.0
2,1,0,0,1,0.00666667,300.0
3,1,0,0,1,0.01,150.0
10,1,0,0,1,0.03333333,33.33333333
11,1,0,0,1,0.03666667,30.0
5,1,0,0,1,0.01666667,75.0
1,1,0,0,1,0.0,10.0
1,1,0,0,1,0.0,10.0
5,1,0,0,1,0.01666667,75.0
14,1,0,0,1,0.04666667,23.07692308
7,1,0,0,1,0.02333333,50.0
1,1,0,0,1,0.0,10.0
11,1,0,0,1,0.03666667,30.0
6,1,0,0,1,0.02,60.0
13,1,0,0,1,0.04333333,25.0
1,1,0,0,1,0.0,10.0
43,1,0,0,1,0.14333333,7.14285714
2,1,0,0,1,0.00666667,300.0
1,1,0,0,1,0.0,10.0
1,1,0,0,1,0.0,10.0
16,1,0,0,1,0.05333333,20.0
8,1,0,0,1,0.02666667,42.85714286
1,1,0,0,1,0.0,10.0
4,1,0,0,1,0.01333333,100.0
199,1,0,0,1,0.66333333,1.51515152
1,1,0,0,1,0.0,10.0
4,1,0,0,1,0.01333333,100.0
1,1,0,0,1,0.0,10.0
2,1,0,0,1,0.00666667,300.0
7,1,0,0,1,0.02333333,50.0
1,1,0,0,1,0.0,10.0
1,1,0,0,1,0.0,10.0
2,1,0,0,1,0.00666667,300.0
7,1,0,0,1,0.02333333,50.0
10,1,0,0,1,0.03333333,33.33333333
5,1,0,0,1,0.01666667,75.0
12,1,0,0,1,0.04,27.27272727
30,1,0,0,1,0.1,10.34482759
192,1,0,0,1,0.64,1.57068063
20,1,0,0,1,0.06666667,15.78947368
7,1,0,0,1,0.02333333,50.0
2,1,0,0,1,0.00666667,300.0
1,1,0,0,1,0.0,10.0
15,1,0,0,1,0.05,21.42857143
4,1,0,0,1,0.01333333,100.0
12,1,0,0,1,0.04,27.27272727
4,1,0,0,1,0.01333333,100.0
2,1,0,0,1,0.00666667,300.0
2,1,0,0,1,0.00666667,300.0
40,1,0,0,1,0.13333333,7.69230769
152,1,0,0,1,0.50666667,1.98675497
6,1,0,0,1,0.02,60.0
2,1,0,0,1,0.00666667,300.0
32,1,0,0,1,0.10666667,9.67741935
10,1,0,0,1,0.03333333,33.33333333
175,1,0,0,1,0.58333333,1.72413793
1,1,0,0,1,0.0,10.0
264,1,0,0,1,0.88,1.14068441
19,1,0,0,1,0.06333333,16.66666667
9,1,0,0,1,0.03,37.5
22,1,0,0,1,0.07333333,14.28571429
159,1,0,0,1,0.53,1.89873418
6,1,0,0,1,0.02,60.0
1,1,0,0,1,0.0,10.0
7,1,0,0,1,0.02333333,50.0
27,1,0,0,1,0.09,11.53846154
2,1,0,0,1,0.00666667,300.0
22,1,0,0,1,0.07333333,14.28571429
1,1,0,0,1,0.0,10.0
5,1,0,0,1,0.01666667,75.0
18,1,0,0,1,0.06,17.64705882
1,1,0,0,1,0.0,10.0
148,1,0,0,1,0.49333333,2.04081633
10,1,0,0,1,0.03333333,33.33333333
298,1,0,0,1,0.99333333,1.01010101
9,1,0,0,1,0.03,37.5
1,1,0,0,1,0.0,10.0
10,1,0,0,1,0.03333333,33.33333333
3,1,0,0,1,0.01,150.0
9,1,0,0,1,0.03,37.5
68,1,0,0,1,0.22666667,4.47761194
14,1,0,0,1,0.04666667,23.07692308
17,1,0,0,1,0.05666667,18.75
2,1,0,0,1,0.00666667,300.0
1,1,0,0,1,0.0,10.0
4,1,0,0,1,0.01333333,100.0
68,1,0,0,1,0.22666667,4.47761194
13,1,0,0,1,0.04333333,25.0
3,1,0,0,1,0.01,150.0
41,1,0,0,1,0.13666667,7.5
13,1,0,0,1,0.04333333,25.0
8,1,0,0,1,0.02666667,42.85714286
184,1,0,0,1,0.61333333,1.63934426
124,1,0,0,1,0.41333333,2.43902439
18,1,0,0,1,0.06,17.64705882
3,1,0,0,1,0.01,150.0
15,1,0,0,1,0.05,21.42857143
14,1,0,0,1,0.04666667,23.07692308
1,1,0,0,1,0.0,10.0
2,1,0,0,1,0.00666667,300.0
4,1,0,0,1,0.01333333,100.0
6,1,0,0,1,0.02,60.0
2,1,0,0,1,0.00666667,300.0
22,1,0,0,1,0.07333333,14.28571429
1,1,0,0,1,0.0,10.0
1,1,0,0,1,0.0,10.0
33,1,0,0,1,0.11,9.375
11,1,0,0,1,0.03666667,30.0
2,1,0,0,1,0.00666667,300.0
1,1,0,0,1,0.0,10.0
15,1,0,0,1,0.05,21.42857143
1,1,0,0,1,0.0,10.0
1,1,0,0,1,0.0,10.0
16,1,0,0,1,0.05333333,20.0
11,1,0,0,1,0.03666667,30.0
5,1,0,0,1,0.01666667,75.0
2,1,0,0,1,0.00666667,300.0
1,1,0,0,1,0.0,10.0
1,1,0,0,1,0.0,10.0
232,1,0,0,1,0.77333333,1.2987013
3,1,0,0,1,0.01,150.0
1,1,0,0,1,0.0,10.0
1,1,0,0,1,0.0,10.0
1,1,0,0,1,0.0,10.0
2,1,0,0,1,0.00666667,300.0
1,1,0,0,1,0.0,10.0
11,1,0,0,1,0.03666667,30.0
2,1,0,0,1,0.00666667,300.0
150,1,0,0,1,0.5,2.01342282
11,1,0,0,1,0.03666667,30.0
2,1,0,0,1,0.00666667,300.0
1,1,0,0,1,0.0,10.0
16,1,0,0,1,0.05333333,20.0
1,1,0,0,1,0.0,10.0
6,1,0,0,1,0.02,60.0
1,1,0,0,1,0.0,10.0
3,1,0,0,1,0.01,150.0
2,1,0,0,1,0.00666667,300.0
2,1,0,0,1,0.00666667,300.0
222,1,0,0,1,0.74,1.35746606
3,1,0,0,1,0.01,150.0
2,1,0,0,1,0.00666667,300.0
2,1,0,0,1,0.00666667,300.0
1,1,0,0,1,0.0,10.0
15,1,0,0,1,0.05,21.42857143
3,1,0,0,1,0.01,150.0
11,1,0,0,1,0.03666667,30.0
2,1,0,0,1,0.00666667,300.0
12,1,0,0,1,0.04,27.27272727
1,1,0,0,1,0.0,10.0
1,1,0,0,1,0.0,10.0
2,1,0,0,1,0.00666667,300.0
1,1,0,0,1,0.0,10.0
161,1,0,0,1,0.53666667,1.875
4,1,0,0,1,0.01333333,100.0
1,1,0,0,1,0.0,10.0
151,1,0,0,1,0.50333333,2.0
1,1,0,0,1,0.0,10.0
1,1,0,0,1,0.0,10.0
35,1,0,0,1,0.11666667,8.82352941
12,1,0,0,1,0.04,27.27272727
9,1,0,0,1,0.03,37.5
3,1,0,0,1,0.01,150.0
1,1,0,0,1,0.0,10.0
18,1,0,0,1,0.06,17.64705882
1,1,0,0,1,0.0,10.0
71,1,0,0,1,0.23666667,4.28571429
1,1,0,0,1,0.0,10.0
1,1,0,0,1,0.0,10.0
105,1,0,0,1,0.35,2.88461538
4,1,0,0,1,0.01333333,100.0
8,1,0,0,1,0.02666667,42.85714286
9,1,0,0,1,0.03,37.5
1,1,0,0,1,0.0,10.0
7,1,0,0,1,0.02333333,50.0
20,1,0,0,1,0.06666667,15.78947368
110,1,0,0,1,0.36666667,2.75229358
2,1,0,0,1,0.00666667,300.0
1,1,0,0,1,0.0,10.0
1,1,0,0,1,0.0,10.0
1,1,0,0,1,0.0,10.0
5,1,0,0,1,0.01666667,75.0
1,1,0,0,1,0.0,10.0
19,1,0,0,1,0.06333333,16.66666667
5,1,0,0,1,0.01666667,75.0
2,1,0,0,1,0.00666667,300.0
3,1,0,0,1,0.01,150.0
4,1,0,0,1,0.01333333,100.0
102,1,0,0,1,0.34,2.97029703
3,1,0,0,1,0.01,150.0
137,1,0,0,1,0.45666667,2.20588235
1,1,0,0,1,0.0,10.0
5,1,0,0,1,0.01666667,75.0
130,1,0,0,1,0.43333333,2.3255814
4,1,0,0,1,0.01333333,100.0
4,1,0,0,1,0.01333333,100.0
6,1,0,0,1,0.02,60.0
70,1,0,0,1,0.23333333,4.34782609
1,1,0,0,1,0.0,10.0
12,1,0,0,1,0.04,27.27272727
2,1,0,0,1,0.00666667,300.0
2,1,0,0,1,0.00666667,300.0
1,1,0,0,1,0.0,10.0
2,1,0,0,1,0.00666667,300.0
4,1,0,0,1,0.01333333,100.0
13,1,0,0,1,0.04333333,25.0
39,1,0,0,1,0.13,7.89473684
47,1,0,0,1,0.15666667,6.52173913
14,1,0,0,1,0.04666667,23.07692308
20,1,0,0,1,0.06666667,15.78947368
1,1,0,0,1,0.0,10.0
2,1,0,0,1,0.00666667,300.0
1,1,0,0,1,0.0,10.0
1,1,0,0,1,0.0,10.0
1,1,0,0,1,0.0,10.0
2,1,0,0,1,0.00666667,300.0
4,1,0,0,1,0.01333333,100.0
2,1,0,0,1,0.00666667,300.0
1,1,0,0,1,0.0,10.0
9,1,0,0,1,0.03,37.5
1,1,0,0,1,0.0,10.0
12,1,0,0,1,0.04,27.27272727
3,1,0,0,1,0.01,150.0
1,1,0,0,1,0.0,10.0
2,1,0,0,1,0.00666667,300.0
70,1,0,0,1,0.23333333,4.34782609
4,1,0,0,1,0.01333333,100.0
3,1,0,0,1,0.01,150.0
41,1,0,0,1,0.13666667,7.5
1,1,0,0,1,0.0,10.0
1,1,0,0,1,0.0,10.0
1,1,0,0,1,0.0,10.0
10,1,0,0,1,0.03333333,33.33333333
271,1,0,0,1,0.90333333,1.11111111
2,1,0,0,1,0.00666667,300.0
1,1,0,0,1,0.0,10.0
2,1,0,0,1,0.00666667,300.0
1,1,0,0,1,0.0,10.0
18,1,0,0,1,0.06,17.64705882
18,1,0,0,1,0.06,17.64705882
1,1,0,0,1,0.0,10.0
46,1,0,0,1,0.15333333,6.66666667
30,1,0,0,1,0.1,10.34482759
4,1,0,0,1,0.01333333,100.0
4,1,0,0,1,0.01333333,100.0
1,1,0,0,1,0.0,10.0
1,1,0,0,1,0.0,10.0
23,1,0,0,1,0.07666667,13.63636364
1,1,0,0,1,0.0,10.0
27,1,0,0,1,0.09,11.53846154
1,1,0,0,1,0.0,10.0
139,1,0,0,1,0.46333333,2.17391304
4,1,0,0,1,0.01333333,100.0
5,1,0,0,1,0.01666667,75.0
20,1,0,0,1,0.06666667,15.78947368
1,1,0,0,1,0.0,10.0
236,1,0,0,1,0.78666667,1.27659574
1,1,0,0,1,0.0,10.0
3,1,0,0,1,0.01,150.0
1,1,0,0,1,0.0,10.0
1,1,0,0,1,0.0,10.0
4,1,0,0,1,0.01333333,100.0
4,1,0,0,1,0.01333333,100.0
3,1,0,0,1,0.01,150.0
1,1,0,0,1,0.0,10.0
5,1,0,0,1,0.01666667,75.0
20,1,0,0,1,0.06666667,15.78947368
1,1,0,0,1,0.0,10.0
2,1,0,0,1,0.00666667,300.0
2,1,0,0,1,0.00666667,300.0
7,1,0,0,1,0.02333333,50.0
63,1,0,0,1,0.21,4.83870968
3,1,0,0,1,0.01,150.0
1,1,0,0,1,0.0,10.0
135,1,0,0,1,0.45,2.23880597
1,1,0,0,1,0.0,10.0
1,1,0,0,1,0.0,10.0
3,1,0,0,1,0.01,150.0
13,1,0,0,1,0.04333333,25.0
7,1,0,0,1,0.02333333,50.0
6,1,0,0,1,0.02,60.0
2,1,0,0,1,0.00666667,300.0
3,1,0,0,1,0.01,150.0
2,1,0,0,1,0.00666667,300.0
41,1,0,0,1,0.13666667,7.5
1,1,0,0,1,0.0,10.0
2,1,0,0,1,0.00666667,300.0
1,1,0,0,1,0.0,10.0
2,1,0,0,1,0.00666667,300.0
14,1,0,0,1,0.04666667,23.07692308
152,1,0,0,1,0.50666667,1.98675497
6,1,0,0,1,0.02,60.0
1,1,0,0,1,0.0,10.0
247,1,0,0,1,0.82333333,1.2195122
1,1,0,0,1,0.0,10.0
17,1,0,0,1,0.05666667,18.75
1,1,0,0,1,0.0,10.0
2,1,0,0,1,0.00666667,300.0
79,1,0,0,1,0.26333333,3.84615385
1,1,0,0,1,0.0,10.0
11,1,0,0,1,0.03666667,30.0
243,1,0,0,1,0.81,1.23966942
1,1,0,0,1,0.0,10.0
7,1,0,0,1,0.02333333,50.0
1,1,0,0,1,0.0,10.0
18,1,0,0,1,0.06,17.64705882
6,1,0,0,1,0.02,60.0
1,1,0,0,1,0.0,10.0
31,1,0,0,1,0.10333333,10.0
2,1,0,0,1,0.00666667,300.0
5,1,0,0,1,0.01666667,75.0
1,1,0,0,1,0.0,10.0
5,1,0,0,1,0.01666667,75.0
31,1,0,0,1,0.10333333,10.0
6,1,0,0,1,0.02,60.0
1,1,0,0,1,0.0,10.0
1,1,0,0,1,0.0,10.0
1,1,0,0,1,0.0,10.0
1,1,0,0,1,0.0,10.0
22,1,0,0,1,0.07333333,14.28571429
1,1,0,0,1,0.0,10.0
4,1,0,0,1,0.01333333,100.0
21,1,0,0,1,0.07,15.0
2,1,0,0,1,0.00666667,300.0
1,1,0,0,1,0.0,10.0
2,1,0,0,1,0.00666667,300.0
134,1,0,0,1,0.44666667,2.2556391
1,1,0,0,1,0.0,10.0
2,1,0,0,1,0.00666667,300.0
188,1,0,0,1,0.62666667,1.60427807
6,1,0,0,1,0.02,60.0
27,1,0,0,1,0.09,11.53846154
16,1,0,0,1,0.05333333,20.0
8,1,0,0,1,0.02666667,42.85714286
32,1,0,0,1,0.10666667,9.67741935
1,1,0,0,1,0.0,10.0
3,1,0,0,1,0.01,150.0
15,1,0,0,1,0.05,21.42857143
2,1,0,0,1,0.00666667,300.0
8,1,0,0,1,0.02666667,42.85714286
8,1,0,0,1,0.02666667,42.85714286
1,1,0,0,1,0.0,10.0
1,1,0,0,1,0.0,10.0
3,1,0,0,1,0.01,150.0
2,1,0,0,1,0.00666667,300.0
1,1,0,0,1,0.0,10.0
10,1,0,0,1,0.03333333,33.33333333
159,1,0,0,1,0.53,1.89873418
12,1,0,0,1,0.04,27.27272727
3,1,0,0,1,0.01,150.0
1,1,0,0,1,0.0,10.0
1,1,0,0,1,0.0,10.0
18,1,0,0,1,0.06,17.64705882
1,1,0,0,1,0.0,10.0
28,1,0,0,1,0.09333333,11.11111111
8,1,0,0,1,0.02666667,42.85714286
1,1,0,0,1,0.0,10.0
1,1,0,0,1,0.0,10.0
2,1,0,0,1,0.00666667,300.0
8,1,0,0,1,0.02666667,42.85714286
1,1,0,0,1,0.0,10.0
6,1,0,0,1,0.02,60.0
1,1,0,0,1,0.0,10.0
11,1,0,0,1,0.03666667,30.0
238,1,0,0,1,0.79333333,1.26582278
1,1,0,0,1,0.0,10.0
148,1,0,0,1,0.49333333,2.04081633
8,1,0,0,1,0.02666667,42.85714286
5,1,0,0,1,0.01666667,75.0
1,1,0,0,1,0.0,10.0
128,1,0,0,1,0.42666667,2.36220472
12,1,0,0,1,0.04,27.27272727
15,1,0,0,1,0.05,21.42857143
5,1,0,0,1,0.01666667,75.0
1,1,0,0,1,0.0,10.0
23,1,0,0,1,0.07666667,13.63636364
1,1,0,0,1,0.0,10.0
2,1,0,0,1,0.00666667,300.0
1,1,0,0,1,0.0,10.0
2,1,0,0,1,0.00666667,300.0
3,1,0,0,1,0.01,150.0
4,1,0,0,1,0.01333333,100.0
1,1,0,0,1,0.0,10.0
12,1,0,0,1,0.04,27.27272727
3,1,0,0,1,0.01,150.0
6,1,0,0,1,0.02,60.0
12,1,0,0,1,0.04,27.27272727
2,1,0,0,1,0.00666667,300.0
1,1,0,0,1,0.0,10.0
10,1,0,0,1,0.03333333,33.33333333
17,1,0,0,1,0.05666667,18.75
5,1,0,0,1,0.01666667,75.0
17,1,0,0,1,0.05666667,18.75
19,1,0,0,1,0.06333333,16.66666667
143,1,0,0,1,0.47666667,2.11267606
4,1,0,0,1,0.01333333,100.0
1,1,0,0,1,0.0,10.0
2,1,0,0,1,0.00666667,300.0
25,1,0,0,1,0.08333333,12.5
1,1,0,0,1,0.0,10.0
168,1,0,0,1,0.56,1.79640719
4,1,0,0,1,0.01333333,100.0
2,1,0,0,1,0.00666667,300.0
1,1,0,0,1,0.0,10.0
302,1,0,0,1,1.00666667,0.99667774
6,1,0,0,1,0.02,60.0
10,1,0,0,1,0.03333333,33.33333333
18,1,0,0,1,0.06,17.64705882
2,1,0,0,1,0.00666667,300.0
30,1,0,0,1,0.1,10.34482759
35,1,0,0,1,0.11666667,8.82352941
3,1,0,0,1,0.01,150.0
10,1,0,0,1,0.03333333,33.33333333
8,1,0,0,1,0.02666667,42.85714286
5,1,0,0,1,0.01666667,75.0
1,1,0,0,1,0.0,10.0
2,1,0,0,1,0.00666667,300.0
6,1,0,0,1,0.02,60.0
3,1,0,0,1,0.01,150.0
1,1,0,0,1,0.0,10.0
22,1,0,0,1,0.07333333,14.28571429
22,1,0,0,1,0.07333333,14.28571429
2,1,0,0,1,0.00666667,300.0
1,1,0,0,1,0.0,10.0
13,1,0,0,1,0.04333333,25.0
17,1,0,0,1,0.05666667,18.75
1,1,0,0,1,0.0,10.0
16,1,0,0,1,0.05333333,20.0
2,1,0,0,1,0.00666667,300.0
2,1,0,0,1,0.00666667,300.0
39,1,0,0,1,0.13,7.89473684
1,1,0,0,1,0.0,10.0
12,1,0,0,1,0.04,27.27272727
2,1,0,0,1,0.00666667,300.0
132,1,0,0,1,0.44,2.29007634
5,1,0,0,1,0.01666667,75.0
26,1,0,0,1,0.08666667,12.0
1,1,0,0,1,0.0,10.0
1,1,0,0,1,0.0,10.0
1,1,0,0,1,0.0,10.0
6,1,0,0,1,0.02,60.0
180,1,0,0,1,0.6,1.67597765
3,1,0,0,1,0.01,150.0
2,1,0,0,1,0.00666667,300.0
30,1,0,0,1,0.1,10.34482759
3,1,0,0,1,0.01,150.0
39,1,0,0,1,0.13,7.89473684
110,1,0,0,1,0.36666667,2.75229358
184,1,0,0,1,0.61333333,1.63934426
1,1,0,0,1,0.0,10.0
1,1,0,0,1,0.0,10.0
17,1,0,0,1,0.05666667,18.75
3,1,0,0,1,0.01,150.0
2,1,0,0,1,0.00666667,300.0
1,1,0,0,1,0.0,10.0
1,1,0,0,1,0.0,10.0
2,1,0,0,1,0.00666667,300.0
2,1,0,0,1,0.00666667,300.0
1,1,0,0,1,0.0,10.0
16,1,0,0,1,0.05333333,20.0
4,1,0,0,1,0.01333333,100.0
11,1,0,0,1,0.03666667,30.0
3,1,0,0,1,0.01,150.0
2,1,0,0,1,0.00666667,300.0
18,1,0,0,1,0.06,17.64705882
2,1,0,0,1,0.00666667,300.0
1,1,0,0,1,0.0,10.0
3,1,0,0,1,0.01,150.0
17,1,0,0,1,0.05666667,18.75
7,1,0,0,1,0.02333333,50.0
1,1,0,0,1,0.0,10.0
14,1,0,0,1,0.04666667,23.07692308
12,1,0,0,1,0.04,27.27272727
8,1,0,0,1,0.02666667,42.85714286
28,1,0,0,1,0.09333333,11.11111111
9,1,0,0,1,0.03,37.5
5,1,0,0,1,0.01666667,75.0
8,1,0,0,1,0.02666667,42.85714286
2,1,0,0,1,0.00666667,300.0
18,1,0,0,1,0.06,17.64705882
129,1,0,0,1,0.43,2.34375
1,1,0,0,1,0.0,10.0
1,1,0,0,1,0.0,10.0
4,1,0,0,1,0.01333333,100.0
2,1,0,0,1,0.00666667,300.0
1,1,0,0,1,0.0,10.0
1,1,0,0,1,0.0,10.0
6,1,0,0,1,0.02,60.0
4,1,0,0,1,0.01333333,100.0
201,1,0,0,1,0.67,1.5
10,1,0,0,1,0.03333333,33.33333333
1,1,0,0,1,0.0,10.0
6,1,0,0,1,0.02,60.0
1,1,0,0,1,0.0,10.0
13,1,0,0,1,0.04333333,25.0
124,1,0,0,1,0.41333333,2.43902439
6,1,0,0,1,0.02,60.0
1,1,0,0,1,0.0,10.0
13,1,0,0,1,0.04333333,25.0
15,1,0,0,1,0.05,21.42857143
1,1,0,0,1,0.0,10.0
1,1,0,0,1,0.0,10.0
5,1,0,0,1,0.01666667,75.0
1,1,0,0,1,0.0,10.0
1,1,0,0,1,0.0,10.0
1,1,0,0,1,0.0,10.0
10,1,0,0,1,0.03333333,33.33333333
1,1,0,0,1,0.0,10.0
1,1,0,0,1,0.0,10.0
5,1,0,0,1,0.01666667,75.0
2,1,0,0,1,0.00666667,300.0
11,1,0,0,1,0.03666667,30.0
5,1,0,0,1,0.01666667,75.0
2,1,0,0,1,0.00666667,300.0
1,1,0,0,1,0.0,10.0
12,1,0,0,1,0.04,27.27272727
10,1,0,0,1,0.03333333,33.33333333
2,1,0,0,1,0.00666667,300.0
1,1,0,0,1,0.0,10.0
2,1,0,0,1,0.00666667,300.0
1,1,0,0,1,0.0,10.0
4,1,0,0,1,0.01333333,100.0
27,1,0,0,1,0.09,11.53846154
1,1,0,0,1,0.0,10.0
31,1,0,0,1,0.10333333,10.0
26,1,0,0,1,0.08666667,12.0
62,1,0,0,1,0.20666667,4.91803279
1,1,0,0,1,0.0,10.0
5,1,0,0,1,0.01666667,75.0
16,1,0,0,1,0.05333333,20.0
141,1,0,0,1,0.47,2.14285714
7,1,0,0,1,0.02333333,50.0
8,1,0,0,1,0.02666667,42.85714286
121,1,0,0,1,0.40333333,2.5
2,1,0,0,1,0.00666667,300.0
8,1,0,0,1,0.02666667,42.85714286
4,1,0,0,1,0.01333333,100.0
9,1,0,0,1,0.03,37.5
3,1,0,0,1,0.01,150.0
1,1,0,0,1,0.0,10.0
7,1,0,0,1,0.02333333,50.0
1,1,0,0,1,0.0,10.0
1,1,0,0,1,0.0,10.0
1,1,0,0,1,0.0,10.0
14,1,0,0,1,0.04666667,23.07692308
4,1,0,0,1,0.01333333,100.0
1,1,0,0,1,0.0,10.0
4,1,0,0,1,0.01333333,100.0
16,1,0,0,1,0.05333333,20.0
196,1,0,0,1,0.65333333,1.53846154
13,1,0,0,1,0.04333333,25.0
7,1,0,0,1,0.02333333,50.0
71,1,0,0,1,0.23666667,4.28571429
39,1,0,0,1,0.13,7.89473684
10,1,0,0,1,0.03333333,33.33333333
4,1,0,0,1,0.01333333,100.0
9,1,0,0,1,0.03,37.5
5,1,0,0,1,0.01666667,75.0
73,1,0,0,1,0.24333333,4.16666667
1,1,0,0,1,0.0,10.0
1,1,0,0,1,0.0,10.0
1,1,0,0,1,0.0,10.0
1,1,0,0,1,0.0,10.0
6,1,0,0,1,0.02,60.0
4,1,0,0,1,0.01333333,100.0
1,1,0,0,1,0.0,10.0
104,1,0,0,1,0.34666667,2.91262136
12,1,0,0,1,0.04,27.27272727
8,1,0,0,1,0.02666667,42.85714286
3,1,0,0,1,0.01,150.0
4,1,0,0,1,0.01333333,100.0
8,1,0,0,1,0.02666667,42.85714286
8,1,0,0,1,0.02666667,42.85714286
151,1,0,0,1,0.50333333,2.0
78,1,0,0,1,0.26,3.8961039
2,1,0,0,1,0.00666667,300.0
2,1,0,0,1,0.00666667,300.0
33,1,0,0,1,0.11,9.375
55,1,0,0,1,0.18333333,5.55555556
211,1,0,0,1,0.70333333,1.42857143
1,1,0,0,1,0.0,10.0
1,1,0,0,1,0.0,10.0
2,1,0,0,1,0.00666667,300.0
9,1,0,0,1,0.03,37.5
5,1,0,0,1,0.01666667,75.0
4,1,0,0,1,0.01333333,100.0
4,1,0,0,1,0.01333333,100.0
1,1,0,0,1,0.0,10.0
1,1,0,0,1,0.0,10.0
1,1,0,0,1,0.0,10.0
10,1,0,0,1,0.03333333,33.33333333
77,1,0,0,1,0.25666667,3.94736842
1,1,0,0,1,0.0,10.0
10,1,0,0,1,0.03333333,33.33333333
125,1,0,0,1,0.41666667,2.41935484
1,1,0,0,1,0.0,10.0
1,1,0,0,1,0.0,10.0
2,1,0,0,1,0.00666667,300.0
4,1,0,0,1,0.01333333,100.0
12,1,0,0,1,0.04,27.27272727
1,1,0,0,1,0.0,10.0
199,1,0,0,1,0.66333333,1.51515152
11,1,0,0,1,0.03666667,30.0
1,1,0,0,1,0.0,10.0
4,1,0,0,1,0.01333333,100.0
3,1,0,0,1,0.01,150.0
32,1,0,0,1,0.10666667,9.67741935
70,1,0,0,1,0.23333333,4.34782609
17,1,0,0,1,0.05666667,18.75
1,1,0,0,1,0.0,10.0
109,1,0,0,1,0.36333333,2.77777778
18,1,0,0,1,0.06,17.64705882
2,1,0,0,1,0.00666667,300.0
70,1,0,0,1,0.23333333,4.34782609
25,1,0,0,1,0.08333333,12.5
3,1,0,0,1,0.01,150.0
3,1,0,0,1,0.01,150.0
1,1,0,0,1,0.0,10.0
6,1,0,0,1,0.02,60.0
8,1,0,0,1,0.02666667,42.85714286
2,1,0,0,1,0.00666667,300.0
32,1,0,0,1,0.10666667,9.67741935
8,1,0,0,1,0.02666667,42.85714286
7,1,0,0,1,0.02333333,50.0
2,1,0,0,1,0.00666667,300.0
15,1,0,0,1,0.05,21.42857143
2,1,0,0,1,0.00666667,300.0
6,1,0,0,1,0.02,60.0
5,1,0,0,1,0.01666667,75.0
122,1,0,0,1,0.40666667,2.47933884
2,1,0,0,1,0.00666667,300.0
1,1,0,0,1,0.0,10.0
1,1,0,0,1,0.0,10.0
15,1,0,0,1,0.05,21.42857143
5,1,0,0,1,0.01666667,75.0
1,1,0,0,1,0.0,10.0
1,1,0,0,1,0.0,10.0
11,1,0,0,1,0.03666667,30.0
1,1,0,0,1,0.0,10.0
143,1,0,0,1,0.47666667,2.11267606
116,1,0,0,1,0.38666667,2.60869565
17,1,0,0,1,0.05666667,18.75
9,1,0,0,1,0.03,37.5
408,1,0,0,1,1.36,0.73710074
8,1,0,0,1,0.02666667,42.85714286
19,1,0,0,1,0.06333333,16.66666667
1,1,0,0,1,0.0,10.0
211,1,0,0,1,0.70333333,1.42857143
2,1,0,0,1,0.00666667,300.0
40,1,0,0,1,0.13333333,7.69230769
1,1,0,0,1,0.0,10.0
76,1,0,0,1,0.25333333,4.0
1,1,0,0,1,0.0,10.0
9,1,0,0,1,0.03,37.5
2,1,0,0,1,0.00666667,300.0
4,1,0,0,1,0.01333333,100.0
131,1,0,0,1,0.43666667,2.30769231
11,1,0,0,1,0.03666667,30.0
1,1,0,0,1,0.0,10.0
5,1,0,0,1,0.01666667,75.0
2,1,0,0,1,0.00666667,300.0
2,1,0,0,1,0.00666667,300.0
6,1,0,0,1,0.02,60.0
7,1,0,0,1,0.02333333,50.0
9,1,0,0,1,0.03,37.5
2,1,0,0,1,0.00666667,300.0
4,1,0,0,1,0.01333333,100.0
61,1,0,0,1,0.20333333,5.0
148,1,0,0,1,0.49333333,2.04081633
9,1,0,0,1,0.03,37.5
14,1,0,0,1,0.04666667,23.07692308
11,1,0,0,1,0.03666667,30.0
13,1,0,0,1,0.04333333,25.0
259,1,0,0,1,0.86333333,1.1627907
1,1,0,0,1,0.0,10.0
2,1,0,0,1,0.00666667,300.0
19,1,0,0,1,0.06333333,16.66666667
45,1,0,0,1,0.15,6.81818182
1,1,0,0,1,0.0,10.0
111,1,0,0,1,0.37,2.72727273
30,1,0,0,1,0.1,10.34482759
1,1,0,0,1,0.0,10.0
2,1,0,0,1,0.00666667,300.0
1,1,0,0,1,0.0,10.0
2,1,0,0,1,0.00666667,300.0
18,1,0,0,1,0.06,17.64705882
1,1,0,0,1,0.0,10.0
7,1,0,0,1,0.02333333,50.0
1,1,0,0,1,0.0,10.0
12,1,0,0,1,0.04,27.27272727
1,1,0,0,1,0.0,10.0
16,1,0,0,1,0.05333333,20.0
2,1,0,0,1,0.00666667,300.0
5,1,0,0,1,0.01666667,75.0
6,1,0,0,1,0.02,60.0
2,1,0,0,1,0.00666667,300.0
308,1,0,0,1,1.02666667,0.9771987
4,1,0,0,1,0.01333333,100.0
46,1,0,0,1,0.15333333,6.66666667
8,1,0,0,1,0.02666667,42.85714286
5,1,0,0,1,0.01666667,75.0
1,1,0,0,1,0.0,10.0
9,1,0,0,1,0.03,37.5
266,1,0,0,1,0.88666667,1.13207547
4,1,0,0,1,0.01333333,100.0
4,1,0,0,1,0.01333333,100.0
15,1,0,0,1,0.05,21.42857143
191,1,0,0,1,0.63666667,1.57894737
4,1,0,0,1,0.01333333,100.0
5,1,0,0,1,0.01666667,75.0
1,1,0,0,1,0.0,10.0
1,1,0,0,1,0.0,10.0
7,1,0,0,1,0.02333333,50.0
1,1,0,0,1,0.0,10.0
1,1,0,0,1,0.0,10.0
1,1,0,0,1,0.0,10.0
1,1,0,0,1,0.0,10.0
1,1,0,0,1,0.0,10.0
1,1,0,0,1,0.0,10.0
12,1,0,0,1,0.04,27.27272727
4,1,0,0,1,0.01333333,100.0
3,1,0,0,1,0.01,150.0
1,1,0,0,1,0.0,10.0
9,1,0,0,1,0.03,37.5
1,1,0,0,1,0.0,10.0
1,1,0,0,1,0.0,10.0
10,1,0,0,1,0.03333333,33.33333333
2,1,0,0,1,0.00666667,300.0
1,1,0,0,1,0.0,10.0
1,1,0,0,1,0.0,10.0
4,1,0,0,1,0.01333333,100.0
97,1,0,0,1,0.32333333,3.125
32,1,0,0,1,0.10666667,9.67741935
170,1,0,0,1,0.56666667,1.77514793
6,1,0,0,1,0.02,60.0
9,1,0,0,1,0.03,37.5
1,1,0,0,1,0.0,10.0
8,1,0,0,1,0.02666667,42.85714286
1,1,0,0,1,0.0,10.0
8,1,0,0,1,0.02666667,42.85714286
4,1,0,0,1,0.01333333,100.0
1,1,0,0,1,0.0,10.0
2,1,0,0,1,0.00666667,300.0
1,1,0,0,1,0.0,10.0
7,1,0,0,1,0.02333333,50.0
20,1,0,0,1,0.06666667,15.78947368
11,1,0,0,1,0.03666667,30.0
7,1,0,0,1,0.02333333,50.0
178,1,0,0,1,0.59333333,1.69491525
5,1,0,0,1,0.01666667,75.0
3,1,0,0,1,0.01,150.0
1,1,0,0,1,0.0,10.0
1,1,0,0,1,0.0,10.0
3,1,0,0,1,0.01,150.0
1,1,0,0,1,0.0,10.0
2,1,0,0,1,0.00666667,300.0
8,1,0,0,1,0.02666667,42.85714286
145,1,0,0,1,0.48333333,2.08333333
1,1,0,0,1,0.0,10.0
297,1,0,0,1,0.99,1.01351351
1,1,0,0,1,0.0,10.0
328,1,0,0,1,1.09333333,0.91743119
12,1,0,0,1,0.04,27.27272727
1,1,0,0,1,0.0,10.0
3,1,0,0,1,0.01,150.0
4,1,0,0,1,0.01333333,100.0
1,1,0,0,1,0.0,10.0
1,1,0,0,1,0.0,10.0
17,1,0,0,1,0.05666667,18.75
1,1,0,0,1,0.0,10.0
22,1,0,0,1,0.07333333,14.28571429
2,1,0,0,1,0.00666667,300.0
24,1,0,0,1,0.08,13.04347826
17,1,0,0,1,0.05666667,18.75
13,1,0,0,1,0.04333333,25.0
1,1,0,0,1,0.0,10.0
124,1,0,0,1,0.41333333,2.43902439
3,1,0,0,1,0.01,150.0
8,1,0,0,1,0.02666667,42.85714286
4,1,0,0,1,0.01333333,100.0
1,1,0,0,1,0.0,10.0
19,1,0,0,1,0.06333333,16.66666667
12,1,0,0,1,0.04,27.27272727
2,1,0,0,1,0.00666667,300.0
1,1,0,0,1,0.0,10.0
4,1,0,0,1,0.01333333,100.0
13,1,0,0,1,0.04333333,25.0
245,1,0,0,1,0.81666667,1.2295082
1,1,0,0,1,0.0,10.0
8,1,0,0,1,0.02666667,42.85714286
21,1,0,0,1,0.07,15.0
262,1,0,0,1,0.87333333,1.14942529
32,1,0,0,1,0.10666667,9.67741935
1,1,0,0,1,0.0,10.0
32,1,0,0,1,0.10666667,9.67741935
157,1,0,0,1,0.52333333,1.92307692
13,1,0,0,1,0.04333333,25.0
9,1,0,0,1,0.03,37.5
1,1,0,0,1,0.0,10.0
31,1,0,0,1,0.10333333,10.0
50,1,0,0,1,0.16666667,6.12244898
166,1,0,0,1,0.55333333,1.81818182
1,1,0,0,1,0.0,10.0
2,1,0,0,1,0.00666667,300.0
4,1,0,0,1,0.01333333,100.0
16,1,0,0,1,0.05333333,20.0
2,1,0,0,1,0.00666667,300.0
5,1,0,0,1,0.01666667,75.0
1,1,0,0,1,0.0,10.0
1,1,0,0,1,0.0,10.0
29,1,0,0,1,0.09666667,10.71428571
13,1,0,0,1,0.04333333,25.0
1,1,0,0,1,0.0,10.0
75,1,0,0,1,0.25,4.05405405
1,1,0,0,1,0.0,10.0
13,1,0,0,1,0.04333333,25.0
17,1,0,0,1,0.05666667,18.75
1,1,0,0,1,0.0,10.0
1,1,0,0,1,0.0,10.0
1,1,0,0,1,0.0,10.0
152,1,0,0,1,0.50666667,1.98675497
1,1,0,0,1,0.0,10.0
9,1,0,0,1,0.03,37.5
1,1,0,0,1,0.0,10.0
5,1,0,0,1,0.01666667,75.0
9,1,0,0,1,0.03,37.5
6,1,0,0,1,0.02,60.0
1,1,0,0,1,0.0,10.0
1,1,0,0,1,0.0,10.0
3,1,0,0,1,0.01,150.0
3,1,0,0,1,0.01,150.0
1,1,0,0,1,0.0,10.0
1,1,0,0,1,0.0,10.0
20,1,0,0,1,0.06666667,15.78947368
7,1,0,0,1,0.02333333,50.0
12,1,0,0,1,0.04,27.27272727
5,1,0,0,1,0.01666667,75.0
1,1,0,0,1,0.0,10.0
1,1,0,0,1,0.0,10.0
1,1,0,0,1,0.0,10.0
15,1,0,0,1,0.05,21.42857143
4,1,0,0,1,0.01333333,100.0
2,1,0,0,1,0.00666667,300.0
17,1,0,0,1,0.05666667,18.75
20,1,0,0,1,0.06666667,15.78947368
8,1,0,0,1,0.02666667,42.85714286
7,1,0,0,1,0.02333333,50.0
20,1,0,0,1,0.06666667,15.78947368
43,1,0,0,1,0.14333333,7.14285714
14,1,0,0,1,0.04666667,23.07692308
6,1,0,0,1,0.02,60.0
7,1,0,0,1,0.02333333,50.0
2,1,0,0,1,0.00666667,300.0
255,1,0,0,1,0.85,1.18110236
1,1,0,0,1,0.0,10.0
4,1,0,0,1,0.01333333,100.0
21,1,0,0,1,0.07,15.0
1,1,0,0,1,0.0,10.0
1,1,0,0,1,0.0,10.0
1,1,0,0,1,0.0,10.0
3,1,0,0,1,0.01,150.0
1,1,0,0,1,0.0,10.0
22,1,0,0,1,0.07333333,14.28571429
5,1,0,0,1,0.01666667,75.0
164,1,0,0,1,0.54666667,1.8404908
6,1,0,0,1,0.02,60.0
22,1,0,0,1,0.07333333,14.28571429
1,1,0,0,1,0.0,10.0
1,1,0,0,1,0.0,10.0
14,1,0,0,1,0.04666667,23.07692308
17,1,0,0,1,0.05666667,18.75
1,1,0,0,1,0.0,10.0
41,1,0,0,1,0.13666667,7.5
1,1,0,0,1,0.0,10.0
1,1,0,0,1,0.0,10.0
31,1,0,0,1,0.10333333,10.0
1,1,0,0,1,0.0,10.0
2,1,0,0,1,0.00666667,300.0
11,1,0,0,1,0.03666667,30.0
3,1,0,0,1,0.01,150.0
1,1,0,0,1,0.0,10.0
1,1,0,0,1,0.0,10.0
2,1,0,0,1,0.00666667,300.0
14,1,0,0,1,0.04666667,23.07692308
1,1,0,0,1,0.0,10.0
1,1,0,0,1,0.0,10.0
4,1,0,0,1,0.01333333,100.0
5,1,0,0,1,0.01666667,75.0
1,1,0,0,1,0.0,10.0
9,1,0,0,1,0.03,37.5
1,1,0,0,1,0.0,10.0
1,1,0,0,1,0.0,10.0
4,1,0,0,1,0.01333333,100.0
2,1,0,0,1,0.00666667,300.0
18,1,0,0,1,0.06,17.64705882
2,1,0,0,1,0.00666667,300.0
5,1,0,0,1,0.01666667,75.0
1,1,0,0,1,0.0,10.0
7,1,0,0,1,0.02333333,50.0
17,1,0,0,1,0.05666667,18.75
15,1,0,0,1,0.05,21.42857143
2,1,0,0,1,0.00666667,300.0
1,1,0,0,1,0.0,10.0
7,1,0,0,1,0.02333333,50.0
19,1,0,0,1,0.06333333,16.66666667
5,1,0,0,1,0.01666667,75.0
3,1,0,0,1,0.01,150.0
3,1,0,0,1,0.01,150.0
6,1,0,0,1,0.02,60.0
10,1,0,0,1,0.03333333,33.33333333
52,1,0,0,1,0.17333333,5.88235294
15,1,0,0,1,0.05,21.42857143
44,1,0,0,1,0.14666667,6.97674419
2,1,0,0,1,0.00666667,300.0
244,1,0,0,1,0.81333333,1.2345679
3,1,0,0,1,0.01,150.0
17,1,0,0,1,0.05666667,18.75
7,1,0,0,1,0.02333333,50.0
8,1,0,0,1,0.02666667,42.85714286
13,1,0,0,1,0.04333333,25.0
9,1,0,0,1,0.03,37.5
1,1,0,0,1,0.0,10.0
9,1,0,0,1,0.03,37.5
10,1,0,0,1,0.03333333,33.33333333
1,1,0,0,1,0.0,10.0
3,1,0,0,1,0.01,150.0
13,1,0,0,1,0.04333333,25.0
15,1,0,0,1,0.05,21.42857143
3,1,0,0,1,0.01,150.0
1,1,0,0,1,0.0,10.0
1,1,0,0,1,0.0,10.0
1,1,0,0,1,0.0,10.0
1,1,0,0,1,0.0,10.0
19,1,0,0,1,0.06333333,16.66666667
1,1,0,0,1,0.0,10.0
2,1,0,0,1,0.00666667,300.0
